E_X_eV,E_a_meV,F_eff_X,F_eff_XX,Fp_add,I_pair_pA,Q,S_X,S_XX,T_hs,T_j,T_track,V_j,b_res,background_flux_s,background_tau_ns,blocked_load_probability,bound_kind,cache_identity,collected_flux_pulsed_s,collected_flux_x_s,collected_flux_xx_s,counting_converged,current_uA,cycle_loading,delta_xx,detuning_meV,detuning_offset_meV,device_pass,electron_bound,eligible,eta_out,field_kVcm,g2,g2_op,gamma300,gamma_X0_ns,gamma_XX0_ns,gamma_XX_ns,gamma_X_ns,gate_ns_used,hardware_feasible,height_nm,hole_bound,ideal_load_F_p,invalid_reasons,island_radius_nm,k_XX_ns,k_X_ns,k_nr_ns,kappa_meV,lambda_nm,mean_counts,mean_counts_x,mean_counts_xx,mode_volume_norm,mu_resolved,n_dot_cm2,n_dot_cm2_used,one_pair_valid,optical_pass,overlap_sq,pair_supply_possible,platform,power_W,provenance,purcell_enabled,r_dot_s,radius_nm,regime,rep_rate_hz,rho_pulsed,row_id,row_kind,screening_fraction,sensitivity_axis,set_C_sigma_F,set_EC_over_kT,set_E_C_meV,set_R_T_over_RQ,set_f_max_Hz,set_feasible,set_priced_F_p,set_radius_max_nm,set_radius_nm,signal_flux_s,strain_fraction,tau_cap_ps,tau_cap_ps_used,tau_cap_scales_with_density,tau_rad0_ns,total_detected_flux_s,transport_current_uA,valid,x_in
2.208920822280462,16.79288759736658,5.8364219775562285,3.0772636451059063,75.99088773175333,12.817413071999999,2000.0,1.6457704658449049e-06,8.677360174687711e-07,230.0,230.00000068065262,,2.452810661041165,,0.002564731720241043,,nan,,"{""comparison"":false,""inputs"":{""Q"":2000.0,""T_hs"":230.0,""current_uA"":0.02,""height_nm"":3.0,""radius_nm"":10.0,""screening_fraction"":0.0,""x_in"":0.25},""regime"":""rectangular""}",0.02564746663466914,0.025647317202410428,1.4943225871177673e-07,True,0.02,rectangular,,-2.0720181126421267e-07,,False,True,False,0.1,-3901.8335667870415,0.9989011864102583,0.9989011864102583,,0.003301931629964929,0.006603863259929858,0.020321828327032727,0.019271466333515373,12.5,,3.0,True,nan,[],,23419.346764388178,11709.673382194089,,1.1044604112438319,561.2885584192206,3.2059333293336424e-09,3.2059146503013034e-09,1.8679032338972092e-14,,0.030913554064414085,,10000000000.0,,False,0.003301931629964929,,ingan_gan_planar,3.884081592483214e-10,[A/E/DR] evaluator output; Taylor et al. 2010 Q=167 [V] where used,,309135540.64414084,10.0,rectangular,80000000.0,0.9090913906113713,S000,sensitivity,0.0,screening_fraction,nan,nan,nan,nan,nan,,nan,nan,nan,0.02564746663466914,,,10.0,,,0.028212198354910182,0.02,True,0.25
2.208920822280462,16.79288759736658,5.8364219775562285,3.0772636451059063,75.99088773175333,12.817413071999999,2000.0,1.6457704658449049e-06,8.677360174687711e-07,230.0,230.00000068065262,,2.452810661041165,,0.08296682312254733,,0.0,,"{""comparison"":false,""inputs"":{""Q"":2000.0,""T_hs"":230.0,""current_uA"":0.02,""height_nm"":3.0,""radius_nm"":10.0,""screening_fraction"":0.0,""x_in"":0.25},""regime"":""deterministic_pair""}",0.8296682312254734,0.8296682312254734,0.0,True,0.02,deterministic_pair,,-2.0720181126421267e-07,,False,True,False,0.1,-3901.8335667870415,0.17355371900826455,0.17355371900826455,,0.003301931629964929,0.006603863259929858,0.020321828327032727,0.019271466333515373,12.5,False,3.0,True,0.0,[],,23419.346764388178,11709.673382194089,,1.1044604112438319,561.2885584192206,1.0370852890318417e-07,1.0370852890318417e-07,0.0,,0.030913554064414085,,10000000000.0,True,False,0.003301931629964929,True,ingan_gan_planar,3.884081592483214e-10,[A/E/DR] evaluator output; Taylor et al. 2010 Q=167 [V] where used,,309135540.64414084,10.0,deterministic_pair,80000000.0,0.9090909090909091,S001,sensitivity,0.0,screening_fraction,5.285087763377385e-18,1.5295281135357035,30.31504311247509,38.74045864977526,18921161667.91825,False,1.0,0.7647640567678519,5.0,0.8296682312254734,,,10.0,,,0.9126350543480207,0.02,True,0.25
2.1839109384684114,16.77901297723189,3.2990903062951293,2.7589632742588286,75.99088773175333,12.817413071999999,2000.0,5.702752350196195e-07,4.769098237579364e-07,300.0,300.0000006829321,,2.3868912982517547,,0.00042470937212596974,,nan,,"{""comparison"":false,""inputs"":{""Q"":2000.0,""T_hs"":300.0,""current_uA"":0.02,""height_nm"":3.0,""radius_nm"":10.0,""screening_fraction"":0.0,""x_in"":0.25},""regime"":""rectangular""}",0.004247138693754914,0.0042470937212596965,4.497249521672975e-08,True,0.02,rectangular,,-2.1593571375433385e-07,,False,True,False,0.1,-3902.748396421988,0.9996791936846767,0.9996791936846767,,0.0032189988716036337,0.006437997743207267,0.01776219933327007,0.010619767973282507,12.5,,3.0,True,nan,[],,37244.33839995339,18622.169199976695,,1.0919554693421736,567.7163670737909,5.308923367193642e-10,5.308867151574621e-10,5.6215619020912184e-15,,0.030905949172482315,,10000000000.0,,False,0.0032189988716036337,,ingan_gan_planar,3.778979081712954e-10,[A/E/DR] evaluator output; Taylor et al. 2010 Q=167 [V] where used,,309059491.7248231,10.0,rectangular,80000000.0,0.9090917842068371,S002,sensitivity,0.0,screening_fraction,nan,nan,nan,nan,nan,,nan,nan,nan,0.004247138693754914,,,10.0,,,0.004671848065880883,0.02,True,0.25
2.1839109384684114,16.77901297723189,3.2990903062951293,2.7589632742588286,75.99088773175333,12.817413071999999,2000.0,5.702752350196195e-07,4.769098237579364e-07,300.0,300.0000006829321,,2.3868912982517547,,0.01374222207633541,,0.0,,"{""comparison"":false,""inputs"":{""Q"":2000.0,""T_hs"":300.0,""current_uA"":0.02,""height_nm"":3.0,""radius_nm"":10.0,""screening_fraction"":0.0,""x_in"":0.25},""regime"":""deterministic_pair""}",0.13742222076335409,0.13742222076335409,0.0,True,0.02,deterministic_pair,,-2.1593571375433385e-07,,False,True,False,0.1,-3902.748396421988,0.17355371900826455,0.17355371900826455,,0.0032189988716036337,0.006437997743207267,0.01776219933327007,0.010619767973282507,12.5,False,3.0,True,0.0,[],,37244.33839995339,18622.169199976695,,1.0919554693421736,567.7163670737909,1.717777759541926e-08,1.717777759541926e-08,0.0,,0.030905949172482315,,10000000000.0,True,False,0.0032189988716036337,True,ingan_gan_planar,3.778979081712954e-10,[A/E/DR] evaluator output; Taylor et al. 2010 Q=167 [V] where used,,309059491.7248231,10.0,deterministic_pair,80000000.0,0.9090909090909091,S003,sensitivity,0.0,screening_fraction,5.285087763377385e-18,1.1726382211781896,30.31504311247509,38.74045864977526,18921161667.91825,False,1.0,0.5863191105890947,5.0,0.13742222076335409,,,10.0,,,0.1511644428396895,0.02,True,0.25
2.652143558503453,65.87582088696847,6.733635294848665,3.4983379980331293,75.99088773175333,12.817413071999999,2000.0,0.0005512364610755901,0.0002864607676708023,230.0,230.00000068065262,,2.452810661041165,,4.357099907015342e-05,,nan,,"{""comparison"":false,""inputs"":{""Q"":2000.0,""T_hs"":230.0,""current_uA"":0.02,""height_nm"":3.0,""radius_nm"":10.0,""screening_fraction"":0.5,""x_in"":0.25},""regime"":""rectangular""}",0.00043570999197754736,0.0004357099907015342,1.2760131556225164e-12,True,0.02,rectangular,,-2.0741275363889145e-07,,False,True,False,0.1,-1882.566540470431,0.9870358021361649,0.9870358021361649,,0.08060527794872667,0.16121055589745334,0.5639690133801047,0.5427665445466328,12.5,,3.0,True,nan,[],,1968.1838562672253,984.0919281336127,,1.3260717793554329,467.4867542613778,5.446374899719341e-11,5.446374883769177e-11,1.5950164445281455e-19,,1.3254115199088393e-06,,10000000000.0,,False,0.08060527794872667,,ingan_gan_planar,3.884081592483214e-10,[A/E/DR] evaluator output; Taylor et al. 2010 Q=167 [V] where used,,13254.11519908839,10.0,rectangular,80000000.0,0.9090909093329408,S004,sensitivity,0.5,screening_fraction,nan,nan,nan,nan,nan,,nan,nan,nan,0.00043570999197754736,,,10.0,,,0.0004792809910477007,0.02,True,0.25
2.652143558503453,65.87582088696847,6.733635294848665,3.4983379980331293,75.99088773175333,12.817413071999999,2000.0,0.0005512364610755901,0.0002864607676708023,230.0,230.00000068065262,,2.452810661041165,,32.873563415006736,,0.0,,"{""comparison"":false,""inputs"":{""Q"":2000.0,""T_hs"":230.0,""current_uA"":0.02,""height_nm"":3.0,""radius_nm"":10.0,""screening_fraction"":0.5,""x_in"":0.25},""regime"":""deterministic_pair""}",328.73563415006737,328.73563415006737,0.0,True,0.02,deterministic_pair,,-2.0741275363889145e-07,,False,True,False,0.1,-1882.566540470431,0.17355371900826455,0.17355371900826455,,0.08060527794872667,0.16121055589745334,0.5639690133801047,0.5427665445466328,12.5,False,3.0,True,0.0,[],,1968.1838562672253,984.0919281336127,,1.3260717793554329,467.4867542613778,4.109195426875842e-05,4.109195426875842e-05,0.0,,1.3254115199088393e-06,,10000000000.0,True,False,0.08060527794872667,True,ingan_gan_planar,3.884081592483214e-10,[A/E/DR] evaluator output; Taylor et al. 2010 Q=167 [V] where used,,13254.11519908839,10.0,deterministic_pair,80000000.0,0.9090909090909091,S005,sensitivity,0.5,screening_fraction,5.285087763377385e-18,1.5295281135357035,30.31504311247509,38.74045864977526,18921161667.91825,False,1.0,0.7647640567678519,5.0,328.73563415006737,,,10.0,,,361.6091975650741,0.02,True,0.25
2.628190758413607,65.84281119817187,3.7498763983656063,3.1098916090583533,75.99088773175333,12.817413071999999,2000.0,0.00010731856161472504,8.900432222890352e-05,300.0,300.0000006829321,,2.3868912982517547,,8.440931120970143e-06,,nan,,"{""comparison"":false,""inputs"":{""Q"":2000.0,""T_hs"":300.0,""current_uA"":0.02,""height_nm"":3.0,""radius_nm"":10.0,""screening_fraction"":0.5,""x_in"":0.25},""regime"":""rectangular""}",8.440931173196636e-05,8.440931120970141e-05,5.222649332622126e-13,True,0.02,rectangular,,-2.1751800360902962e-07,,False,True,False,0.1,-1883.4813701053777,0.997844269053318,0.997844269053318,,0.07989125391555287,0.15978250783110573,0.49690628037825635,0.2995823274937655,12.5,,3.0,True,nan,[],,5582.448594953826,2791.224297476913,,1.3140953793155625,471.7473341807109,1.0551163966495794e-11,1.0551163901212677e-11,6.528311665777658e-20,,2.7314268679094e-06,,10000000000.0,,False,0.07989125391555287,,ingan_gan_planar,3.778979081712954e-10,[A/E/DR] evaluator output; Taylor et al. 2010 Q=167 [V] where used,,27314.268679093995,10.0,rectangular,80000000.0,0.9090909096022555,S006,sensitivity,0.5,screening_fraction,nan,nan,nan,nan,nan,,nan,nan,nan,8.440931173196636e-05,,,10.0,,,9.28502428529365e-05,0.02,True,0.25
2.628190758413607,65.84281119817187,3.7498763983656063,3.1098916090583533,75.99088773175333,12.817413071999999,2000.0,0.00010731856161472504,8.900432222890352e-05,300.0,300.0000006829321,,2.3868912982517547,,3.0903010080321653,,0.0,,"{""comparison"":false,""inputs"":{""Q"":2000.0,""T_hs"":300.0,""current_uA"":0.02,""height_nm"":3.0,""radius_nm"":10.0,""screening_fraction"":0.5,""x_in"":0.25},""regime"":""deterministic_pair""}",30.90301008032165,30.90301008032165,0.0,True,0.02,deterministic_pair,,-2.1751800360902962e-07,,False,True,False,0.1,-1883.4813701053777,0.17355371900826455,0.17355371900826455,,0.07989125391555287,0.15978250783110573,0.49690628037825635,0.2995823274937655,12.5,False,3.0,True,0.0,[],,5582.448594953826,2791.224297476913,,1.3140953793155625,471.7473341807109,3.862876260040206e-06,3.862876260040206e-06,0.0,,2.7314268679094e-06,,10000000000.0,True,False,0.07989125391555287,True,ingan_gan_planar,3.778979081712954e-10,[A/E/DR] evaluator output; Taylor et al. 2010 Q=167 [V] where used,,27314.268679093995,10.0,deterministic_pair,80000000.0,0.9090909090909091,S007,sensitivity,0.5,screening_fraction,5.285087763377385e-18,1.1726382211781896,30.31504311247509,38.74045864977526,18921161667.91825,False,1.0,0.5863191105890947,5.0,30.90301008032165,,,10.0,,,33.99331108835381,0.02,True,0.25
2.8760830159570236,175.2225359140667,7.17840502531446,3.711449162886514,75.99088773175333,12.817413071999999,2000.0,0.6234047884931877,0.461170925486185,230.0,230.00000068065262,,2.452810661041165,,6.570795512134851e-07,,nan,,"{""comparison"":false,""inputs"":{""Q"":2000.0,""T_hs"":230.0,""current_uA"":0.02,""height_nm"":3.0,""radius_nm"":10.0,""screening_fraction"":1.0,""x_in"":0.25},""regime"":""rectangular""}",6.570795512147155e-06,6.57079551213485e-06,1.2304311611726287e-17,True,0.02,rectangular,,-1.762638923707982e-07,,False,True,False,0.1,136.70048584617953,0.5888786209664348,0.5888786209664348,,0.9117781759282718,1.8235563518565436,6.768036695574354,6.545113040055558,12.5,,3.0,True,nan,[],,7.9077295367379214,3.9538647683689607,,1.4380415080666438,431.0869947498506,8.213494390183942e-13,8.213494390168562e-13,1.5380389514657858e-24,,1.641994347041131e-11,,10000000000.0,,False,0.9117781759282718,,ingan_gan_planar,3.884081592483214e-10,[A/E/DR] evaluator output; Taylor et al. 2010 Q=167 [V] where used,,0.1641994347041131,10.0,rectangular,80000000.0,0.9090909090910639,S008,sensitivity,1.0,screening_fraction,nan,nan,nan,nan,nan,,nan,nan,nan,6.570795512147155e-06,,,10.0,,,7.227875063360639e-06,0.02,True,0.25
2.8760830159570236,175.2225359140667,7.17840502531446,3.711449162886514,75.99088773175333,12.817413071999999,2000.0,0.6234047884931877,0.461170925486185,230.0,230.00000068065262,,2.452810661041165,,40017.16281188511,,0.0,,"{""comparison"":false,""inputs"":{""Q"":2000.0,""T_hs"":230.0,""current_uA"":0.02,""height_nm"":3.0,""radius_nm"":10.0,""screening_fraction"":1.0,""x_in"":0.25},""regime"":""deterministic_pair""}",400171.62811885105,400171.62811885105,0.0,True,0.02,deterministic_pair,,-1.762638923707982e-07,,False,True,True,0.1,136.70048584617953,0.17355371900826455,0.17355371900826455,,0.9117781759282718,1.8235563518565436,6.768036695574354,6.545113040055558,12.5,False,3.0,True,0.0,[],,7.9077295367379214,3.9538647683689607,,1.4380415080666438,431.0869947498506,0.05002145351485637,0.05002145351485637,0.0,,1.641994347041131e-11,,10000000000.0,True,True,0.9117781759282718,True,ingan_gan_planar,3.884081592483214e-10,[A/E/DR] evaluator output; Taylor et al. 2010 Q=167 [V] where used,,0.1641994347041131,10.0,deterministic_pair,80000000.0,0.9090909090909091,S009,sensitivity,1.0,screening_fraction,5.285087763377385e-18,1.5295281135357035,30.31504311247509,38.74045864977526,18921161667.91825,False,1.0,0.7647640567678519,5.0,400171.62811885105,,,10.0,,,440188.79093073617,0.02,True,0.25
2.8527648642293184,175.33668070979795,3.975647301607068,3.2863938816415086,75.99088773175333,12.817413071999999,2000.0,0.08233356678832304,0.06904504482896266,300.0,300.0000006829321,,2.3868912982517547,,1.182159053486187e-06,,nan,,"{""comparison"":false,""inputs"":{""Q"":2000.0,""T_hs"":300.0,""current_uA"":0.02,""height_nm"":3.0,""radius_nm"":10.0,""screening_fraction"":1.0,""x_in"":0.25},""regime"":""rectangular""}",1.1821590535478755e-05,1.1821590534861871e-05,6.168844820956254e-16,True,0.02,rectangular,,-2.2812596256471807e-07,,False,True,False,0.1,135.7856562112328,0.8958834914876267,0.8958834914876267,,0.9117230314340268,1.8234460628680536,5.992561984512869,3.6246892097337047,12.5,,3.0,True,nan,[],,80.79950252000809,40.399751260004045,,1.4263824322287222,434.61064721678224,1.4776988169348444e-12,1.4776988168577339e-12,7.711056026195318e-23,,4.610103270101685e-10,,10000000000.0,,False,0.9117230314340268,,ingan_gan_planar,3.778979081712954e-10,[A/E/DR] evaluator output; Taylor et al. 2010 Q=167 [V] where used,,4.610103270101685,10.0,rectangular,80000000.0,0.9090909090952217,S010,sensitivity,1.0,screening_fraction,nan,nan,nan,nan,nan,,nan,nan,nan,1.1821590535478755e-05,,,10.0,,,1.3003749588964942e-05,0.02,True,0.25
2.8527648642293184,175.33668070979795,3.975647301607068,3.2863938816415086,75.99088773175333,12.817413071999999,2000.0,0.08233356678832304,0.06904504482896266,300.0,300.0000006829321,,2.3868912982517547,,2564.2788985855636,,0.0,,"{""comparison"":false,""inputs"":{""Q"":2000.0,""T_hs"":300.0,""current_uA"":0.02,""height_nm"":3.0,""radius_nm"":10.0,""screening_fraction"":1.0,""x_in"":0.25},""regime"":""deterministic_pair""}",25642.788985855634,25642.788985855634,0.0,True,0.02,deterministic_pair,,-2.2812596256471807e-07,,False,True,True,0.1,135.7856562112328,0.17355371900826433,0.17355371900826433,,0.9117230314340268,1.8234460628680536,5.992561984512869,3.6246892097337047,12.5,False,3.0,True,0.0,[],,80.79950252000809,40.399751260004045,,1.4263824322287222,434.61064721678224,0.0032053486232319537,0.0032053486232319537,0.0,,4.610103270101685e-10,,10000000000.0,True,True,0.9117230314340268,True,ingan_gan_planar,3.778979081712954e-10,[A/E/DR] evaluator output; Taylor et al. 2010 Q=167 [V] where used,,4.610103270101685,10.0,deterministic_pair,80000000.0,0.9090909090909092,S011,sensitivity,1.0,screening_fraction,5.285087763377385e-18,1.1726382211781896,30.31504311247509,38.74045864977526,18921161667.91825,False,1.0,0.5863191105890947,5.0,25642.788985855634,,,10.0,,,28207.067884441196,0.02,True,0.25
2.5541680484277385,98.43399144486246,6.537257478017816,3.405172107494317,75.99088773175333,12.817413071999999,2000.0,0.00361957363954039,0.0018886639651735876,230.0,230.00000068065262,,2.452810661041165,,0.0387643639093725,,nan,,"{""comparison"":false,""inputs"":{""Q"":2000.0,""T_hs"":230.0,""current_uA"":0.02,""height_nm"":3.0,""radius_nm"":10.0,""strain_fraction"":0.5,""x_in"":0.25},""regime"":""rectangular""}",0.38764442609137595,0.38764363909372496,7.869976509619805e-07,True,0.02,rectangular,,-1.78014936125237e-07,,False,True,False,0.1,-1845.2923138244564,0.9360753047771412,0.9360753047771412,,0.10579255428489068,0.21158510856978135,0.7204837100629762,0.6915931666175074,12.5,,3.0,True,nan,[],,380.7574940289555,190.37874701447774,,1.2770840243028767,485.41911123005616,4.845555326142199e-08,4.845545488671562e-08,9.837470637024755e-14,,0.0001858651035529754,,10000000000.0,,False,0.10579255428489068,,ingan_gan_planar,3.884081592483214e-10,[A/E/DR] evaluator output; Taylor et al. 2010 Q=167 [V] where used,,1858651.0355297537,10.0,rectangular,80000000.0,0.909091076876477,S012,sensitivity,,strain_fraction,nan,nan,nan,nan,nan,,nan,nan,nan,0.38764442609137595,0.5,,10.0,,,0.42640879000074844,0.02,True,0.25
2.5541680484277385,98.43399144486246,6.537257478017816,3.405172107494317,75.99088773175333,12.817413071999999,2000.0,0.00361957363954039,0.0018886639651735876,230.0,230.00000068065262,,2.452810661041165,,208.563740680194,,0.0,,"{""comparison"":false,""inputs"":{""Q"":2000.0,""T_hs"":230.0,""current_uA"":0.02,""height_nm"":3.0,""radius_nm"":10.0,""strain_fraction"":0.5,""x_in"":0.25},""regime"":""deterministic_pair""}",2085.63740680194,2085.63740680194,0.0,True,0.02,deterministic_pair,,-1.78014936125237e-07,,False,True,True,0.1,-1845.2923138244564,0.17355371900826455,0.17355371900826455,,0.10579255428489068,0.21158510856978135,0.7204837100629762,0.6915931666175074,12.5,False,3.0,True,0.0,[],,380.7574940289555,190.37874701447774,,1.2770840243028767,485.41911123005616,0.0002607046758502425,0.0002607046758502425,0.0,,0.0001858651035529754,,10000000000.0,True,True,0.10579255428489068,True,ingan_gan_planar,3.884081592483214e-10,[A/E/DR] evaluator output; Taylor et al. 2010 Q=167 [V] where used,,1858651.0355297537,10.0,deterministic_pair,80000000.0,0.9090909090909091,S013,sensitivity,,strain_fraction,5.285087763377385e-18,1.5295281135357035,30.31504311247509,38.74045864977526,18921161667.91825,False,1.0,0.7647640567678519,5.0,2085.63740680194,0.5,,10.0,,,2294.201147482134,0.02,True,0.25
2.5304168800353772,98.39680174864512,3.6511446111207704,3.0328614815125965,75.99088773175333,12.817413071999999,2000.0,0.0004843253627456215,0.0004023429294987572,300.0,300.0000006829321,,2.3868912982517547,,0.0016128368516606167,,nan,,"{""comparison"":false,""inputs"":{""Q"":2000.0,""T_hs"":300.0,""current_uA"":0.02,""height_nm"":3.0,""radius_nm"":10.0,""strain_fraction"":0.5,""x_in"":0.25},""regime"":""rectangular""}",0.016128383823171638,0.016128368516606165,1.5306565471402293e-08,True,0.02,rectangular,,-2.3386581560203012e-07,,False,True,False,0.1,-1846.2071434594031,0.9924924046426596,0.9924924046426596,,0.10515509875613574,0.21031019751227148,0.6378416972042744,0.38393647215533744,12.5,,3.0,True,nan,[],,1584.680677504572,792.340338752286,,1.2652084401346215,489.9753846025031,2.0160479778964545e-09,2.0160460645757705e-09,1.9133206839252866e-15,,0.00011992740536920856,,10000000000.0,,False,0.10515509875613574,,ingan_gan_planar,3.778979081712954e-10,[A/E/DR] evaluator output; Taylor et al. 2010 Q=167 [V] where used,,1199274.0536920854,10.0,rectangular,80000000.0,0.9090909875244045,S014,sensitivity,,strain_fraction,nan,nan,nan,nan,nan,,nan,nan,nan,0.016128383823171638,0.5,,10.0,,,0.017741220674832255,0.02,True,0.25
2.5304168800353772,98.39680174864512,3.6511446111207704,3.0328614815125965,75.99088773175333,12.817413071999999,2000.0,0.0004843253627456215,0.0004023429294987572,300.0,300.0000006829321,,2.3868912982517547,,13.44846289219662,,0.0,,"{""comparison"":false,""inputs"":{""Q"":2000.0,""T_hs"":300.0,""current_uA"":0.02,""height_nm"":3.0,""radius_nm"":10.0,""strain_fraction"":0.5,""x_in"":0.25},""regime"":""deterministic_pair""}",134.4846289219662,134.4846289219662,0.0,True,0.02,deterministic_pair,,-2.3386581560203012e-07,,False,True,False,0.1,-1846.2071434594031,0.17355371900826455,0.17355371900826455,,0.10515509875613574,0.21031019751227148,0.6378416972042744,0.38393647215533744,12.5,False,3.0,True,0.0,[],,1584.680677504572,792.340338752286,,1.2652084401346215,489.9753846025031,1.6810578615245774e-05,1.6810578615245774e-05,0.0,,0.00011992740536920856,,10000000000.0,True,False,0.10515509875613574,True,ingan_gan_planar,3.778979081712954e-10,[A/E/DR] evaluator output; Taylor et al. 2010 Q=167 [V] where used,,1199274.0536920854,10.0,deterministic_pair,80000000.0,0.9090909090909091,S015,sensitivity,,strain_fraction,5.285087763377385e-18,1.1726382211781896,30.31504311247509,38.74045864977526,18921161667.91825,False,1.0,0.5863191105890947,5.0,134.4846289219662,0.5,,10.0,,,147.93309181416282,0.02,True,0.25
2.208920822280462,16.79288759736658,5.8364219775562285,3.0772636451059063,75.99088773175333,12.817413071999999,2000.0,1.6457704658449049e-06,8.677360174687711e-07,230.0,230.00000068065262,,2.452810661041165,,0.002564731720241043,,nan,,"{""comparison"":false,""inputs"":{""Q"":2000.0,""T_hs"":230.0,""current_uA"":0.02,""height_nm"":3.0,""radius_nm"":10.0,""strain_fraction"":1.0,""x_in"":0.25},""regime"":""rectangular""}",0.02564746663466914,0.025647317202410428,1.4943225871177673e-07,True,0.02,rectangular,,-2.0720181126421267e-07,,False,True,False,0.1,-3901.8335667870415,0.9989011864102583,0.9989011864102583,,0.003301931629964929,0.006603863259929858,0.020321828327032727,0.019271466333515373,12.5,,3.0,True,nan,[],,23419.346764388178,11709.673382194089,,1.1044604112438319,561.2885584192206,3.2059333293336424e-09,3.2059146503013034e-09,1.8679032338972092e-14,,0.030913554064414085,,10000000000.0,,False,0.003301931629964929,,ingan_gan_planar,3.884081592483214e-10,[A/E/DR] evaluator output; Taylor et al. 2010 Q=167 [V] where used,,309135540.64414084,10.0,rectangular,80000000.0,0.9090913906113713,S016,sensitivity,,strain_fraction,nan,nan,nan,nan,nan,,nan,nan,nan,0.02564746663466914,1.0,,10.0,,,0.028212198354910182,0.02,True,0.25
2.208920822280462,16.79288759736658,5.8364219775562285,3.0772636451059063,75.99088773175333,12.817413071999999,2000.0,1.6457704658449049e-06,8.677360174687711e-07,230.0,230.00000068065262,,2.452810661041165,,0.08296682312254733,,0.0,,"{""comparison"":false,""inputs"":{""Q"":2000.0,""T_hs"":230.0,""current_uA"":0.02,""height_nm"":3.0,""radius_nm"":10.0,""strain_fraction"":1.0,""x_in"":0.25},""regime"":""deterministic_pair""}",0.8296682312254734,0.8296682312254734,0.0,True,0.02,deterministic_pair,,-2.0720181126421267e-07,,False,True,False,0.1,-3901.8335667870415,0.17355371900826455,0.17355371900826455,,0.003301931629964929,0.006603863259929858,0.020321828327032727,0.019271466333515373,12.5,False,3.0,True,0.0,[],,23419.346764388178,11709.673382194089,,1.1044604112438319,561.2885584192206,1.0370852890318417e-07,1.0370852890318417e-07,0.0,,0.030913554064414085,,10000000000.0,True,False,0.003301931629964929,True,ingan_gan_planar,3.884081592483214e-10,[A/E/DR] evaluator output; Taylor et al. 2010 Q=167 [V] where used,,309135540.64414084,10.0,deterministic_pair,80000000.0,0.9090909090909091,S017,sensitivity,,strain_fraction,5.285087763377385e-18,1.5295281135357035,30.31504311247509,38.74045864977526,18921161667.91825,False,1.0,0.7647640567678519,5.0,0.8296682312254734,1.0,,10.0,,,0.9126350543480207,0.02,True,0.25
2.1839109384684114,16.77901297723189,3.2990903062951293,2.7589632742588286,75.99088773175333,12.817413071999999,2000.0,5.702752350196195e-07,4.769098237579364e-07,300.0,300.0000006829321,,2.3868912982517547,,0.00042470937212596974,,nan,,"{""comparison"":false,""inputs"":{""Q"":2000.0,""T_hs"":300.0,""current_uA"":0.02,""height_nm"":3.0,""radius_nm"":10.0,""strain_fraction"":1.0,""x_in"":0.25},""regime"":""rectangular""}",0.004247138693754914,0.0042470937212596965,4.497249521672975e-08,True,0.02,rectangular,,-2.1593571375433385e-07,,False,True,False,0.1,-3902.748396421988,0.9996791936846767,0.9996791936846767,,0.0032189988716036337,0.006437997743207267,0.01776219933327007,0.010619767973282507,12.5,,3.0,True,nan,[],,37244.33839995339,18622.169199976695,,1.0919554693421736,567.7163670737909,5.308923367193642e-10,5.308867151574621e-10,5.6215619020912184e-15,,0.030905949172482315,,10000000000.0,,False,0.0032189988716036337,,ingan_gan_planar,3.778979081712954e-10,[A/E/DR] evaluator output; Taylor et al. 2010 Q=167 [V] where used,,309059491.7248231,10.0,rectangular,80000000.0,0.9090917842068371,S018,sensitivity,,strain_fraction,nan,nan,nan,nan,nan,,nan,nan,nan,0.004247138693754914,1.0,,10.0,,,0.004671848065880883,0.02,True,0.25
2.1839109384684114,16.77901297723189,3.2990903062951293,2.7589632742588286,75.99088773175333,12.817413071999999,2000.0,5.702752350196195e-07,4.769098237579364e-07,300.0,300.0000006829321,,2.3868912982517547,,0.01374222207633541,,0.0,,"{""comparison"":false,""inputs"":{""Q"":2000.0,""T_hs"":300.0,""current_uA"":0.02,""height_nm"":3.0,""radius_nm"":10.0,""strain_fraction"":1.0,""x_in"":0.25},""regime"":""deterministic_pair""}",0.13742222076335409,0.13742222076335409,0.0,True,0.02,deterministic_pair,,-2.1593571375433385e-07,,False,True,False,0.1,-3902.748396421988,0.17355371900826455,0.17355371900826455,,0.0032189988716036337,0.006437997743207267,0.01776219933327007,0.010619767973282507,12.5,False,3.0,True,0.0,[],,37244.33839995339,18622.169199976695,,1.0919554693421736,567.7163670737909,1.717777759541926e-08,1.717777759541926e-08,0.0,,0.030905949172482315,,10000000000.0,True,False,0.0032189988716036337,True,ingan_gan_planar,3.778979081712954e-10,[A/E/DR] evaluator output; Taylor et al. 2010 Q=167 [V] where used,,309059491.7248231,10.0,deterministic_pair,80000000.0,0.9090909090909091,S019,sensitivity,,strain_fraction,5.285087763377385e-18,1.1726382211781896,30.31504311247509,38.74045864977526,18921161667.91825,False,1.0,0.5863191105890947,5.0,0.13742222076335409,1.0,,10.0,,,0.1511644428396895,0.02,True,0.25
2.208920822280462,16.79288759736658,6.9889797778250795,2.9721535337479743,75.99088773175333,12.817413071999999,2000.0,1.970771272316249e-06,8.380967783579135e-07,230.0,230.00000068065262,,2.452810661041165,,0.0037925536495126894,,nan,,"{""comparison"":false,""inputs"":{""Q"":2000.0,""T_hs"":230.0,""current_uA"":0.02,""gamma300"":25.0,""height_nm"":3.0,""radius_nm"":10.0,""x_in"":0.25},""regime"":""rectangular""}",0.03792567013008074,0.037925536495126894,1.3363495384977303e-07,True,0.02,rectangular,,-2.0720181126421267e-07,,False,True,False,0.1,-3901.8335667870415,0.9987780626489409,0.9987780626489409,25.0,0.003301931629964929,0.006603863259929858,0.019627695524388943,0.02307713338958589,12.5,,3.0,True,nan,[],,23419.346764388178,11709.673382194089,,1.1044604112438319,561.2885584192206,4.740708766260093e-09,4.7406920618908614e-09,1.6704369231221628e-14,,0.030913554064414085,,10000000000.0,,False,0.003301931629964929,,ingan_gan_planar,3.884081592483214e-10,[A/E/DR] evaluator output; Taylor et al. 2010 Q=167 [V] where used,,309135540.64414084,10.0,rectangular,80000000.0,0.9090912002977504,S020,sensitivity,,gamma300,nan,nan,nan,nan,nan,,nan,nan,nan,0.03792567013008074,,,10.0,,,0.04171822377959343,0.02,True,0.25
2.208920822280462,16.79288759736658,6.9889797778250795,2.9721535337479743,75.99088773175333,12.817413071999999,2000.0,1.970771272316249e-06,8.380967783579135e-07,230.0,230.00000068065262,,2.452810661041165,,0.12268578632840599,,0.0,,"{""comparison"":false,""inputs"":{""Q"":2000.0,""T_hs"":230.0,""current_uA"":0.02,""gamma300"":25.0,""height_nm"":3.0,""radius_nm"":10.0,""x_in"":0.25},""regime"":""deterministic_pair""}",1.2268578632840599,1.2268578632840599,0.0,True,0.02,deterministic_pair,,-2.0720181126421267e-07,,False,True,False,0.1,-3901.8335667870415,0.17355371900826455,0.17355371900826455,25.0,0.003301931629964929,0.006603863259929858,0.019627695524388943,0.02307713338958589,12.5,False,3.0,True,0.0,[],,23419.346764388178,11709.673382194089,,1.1044604112438319,561.2885584192206,1.533572329105075e-07,1.533572329105075e-07,0.0,,0.030913554064414085,,10000000000.0,True,False,0.003301931629964929,True,ingan_gan_planar,3.884081592483214e-10,[A/E/DR] evaluator output; Taylor et al. 2010 Q=167 [V] where used,,309135540.64414084,10.0,deterministic_pair,80000000.0,0.9090909090909091,S021,sensitivity,,gamma300,5.285087763377385e-18,1.5295281135357035,30.31504311247509,38.74045864977526,18921161667.91825,False,1.0,0.7647640567678519,5.0,1.2268578632840599,,,10.0,,,1.3495436496124658,0.02,True,0.25
2.1839109384684114,16.77901297723189,4.180239408094541,3.003234111324635,75.99088773175333,12.817413071999999,2000.0,7.22589085615929e-07,5.191340543102431e-07,300.0,300.0000006829321,,2.3868912982517547,,0.0007430263418476683,,nan,,"{""comparison"":false,""inputs"":{""Q"":2000.0,""T_hs"":300.0,""current_uA"":0.02,""gamma300"":25.0,""height_nm"":3.0,""radius_nm"":10.0,""x_in"":0.25},""regime"":""rectangular""}",0.007430318832931437,0.0074302634184766824,5.541445475401884e-08,True,0.02,rectangular,,-2.1593571375433385e-07,,False,True,False,0.1,-3902.748396421988,0.9995117445236812,0.9995117445236812,25.0,0.0032189988716036337,0.006437997743207267,0.01933481443103108,0.013456185937689368,12.5,,3.0,True,nan,[],,37244.33839995339,18622.169199976695,,1.0919554693421736,567.7163670737909,9.287898541164296e-10,9.287829273095853e-10,6.926806844252354e-15,,0.030905949172482315,,10000000000.0,,False,0.0032189988716036337,,ingan_gan_planar,3.778979081712954e-10,[A/E/DR] evaluator output; Taylor et al. 2010 Q=167 [V] where used,,309059491.7248231,10.0,rectangular,80000000.0,0.9090915254453633,S022,sensitivity,,gamma300,nan,nan,nan,nan,nan,,nan,nan,nan,0.007430318832931437,,,10.0,,,0.008173345174779106,0.02,True,0.25
2.1839109384684114,16.77901297723189,4.180239408094541,3.003234111324635,75.99088773175333,12.817413071999999,2000.0,7.22589085615929e-07,5.191340543102431e-07,300.0,300.0000006829321,,2.3868912982517547,,0.02404193000756177,,0.0,,"{""comparison"":false,""inputs"":{""Q"":2000.0,""T_hs"":300.0,""current_uA"":0.02,""gamma300"":25.0,""height_nm"":3.0,""radius_nm"":10.0,""x_in"":0.25},""regime"":""deterministic_pair""}",0.2404193000756177,0.2404193000756177,0.0,True,0.02,deterministic_pair,,-2.1593571375433385e-07,,False,True,False,0.1,-3902.748396421988,0.17355371900826455,0.17355371900826455,25.0,0.0032189988716036337,0.006437997743207267,0.01933481443103108,0.013456185937689368,12.5,False,3.0,True,0.0,[],,37244.33839995339,18622.169199976695,,1.0919554693421736,567.7163670737909,3.005241250945221e-08,3.005241250945221e-08,0.0,,0.030905949172482315,,10000000000.0,True,False,0.0032189988716036337,True,ingan_gan_planar,3.778979081712954e-10,[A/E/DR] evaluator output; Taylor et al. 2010 Q=167 [V] where used,,309059491.7248231,10.0,deterministic_pair,80000000.0,0.9090909090909091,S023,sensitivity,,gamma300,5.285087763377385e-18,1.1726382211781896,30.31504311247509,38.74045864977526,18921161667.91825,False,1.0,0.5863191105890947,5.0,0.2404193000756177,,,10.0,,,0.26446123008317945,0.02,True,0.25
2.208920822280462,16.79288759736658,5.8364219775562285,3.0772636451059063,75.99088773175333,12.817413071999999,2000.0,1.6457704658449049e-06,8.677360174687711e-07,230.0,230.00000068065262,,2.452810661041165,,0.002564731720241043,,nan,,"{""comparison"":false,""inputs"":{""Q"":2000.0,""T_hs"":230.0,""current_uA"":0.02,""gamma300"":35.0,""height_nm"":3.0,""radius_nm"":10.0,""x_in"":0.25},""regime"":""rectangular""}",0.02564746663466914,0.025647317202410428,1.4943225871177673e-07,True,0.02,rectangular,,-2.0720181126421267e-07,,False,True,False,0.1,-3901.8335667870415,0.9989011864102583,0.9989011864102583,35.0,0.003301931629964929,0.006603863259929858,0.020321828327032727,0.019271466333515373,12.5,,3.0,True,nan,[],,23419.346764388178,11709.673382194089,,1.1044604112438319,561.2885584192206,3.2059333293336424e-09,3.2059146503013034e-09,1.8679032338972092e-14,,0.030913554064414085,,10000000000.0,,False,0.003301931629964929,,ingan_gan_planar,3.884081592483214e-10,[A/E/DR] evaluator output; Taylor et al. 2010 Q=167 [V] where used,,309135540.64414084,10.0,rectangular,80000000.0,0.9090913906113713,S024,sensitivity,,gamma300,nan,nan,nan,nan,nan,,nan,nan,nan,0.02564746663466914,,,10.0,,,0.028212198354910182,0.02,True,0.25
2.208920822280462,16.79288759736658,5.8364219775562285,3.0772636451059063,75.99088773175333,12.817413071999999,2000.0,1.6457704658449049e-06,8.677360174687711e-07,230.0,230.00000068065262,,2.452810661041165,,0.08296682312254733,,0.0,,"{""comparison"":false,""inputs"":{""Q"":2000.0,""T_hs"":230.0,""current_uA"":0.02,""gamma300"":35.0,""height_nm"":3.0,""radius_nm"":10.0,""x_in"":0.25},""regime"":""deterministic_pair""}",0.8296682312254734,0.8296682312254734,0.0,True,0.02,deterministic_pair,,-2.0720181126421267e-07,,False,True,False,0.1,-3901.8335667870415,0.17355371900826455,0.17355371900826455,35.0,0.003301931629964929,0.006603863259929858,0.020321828327032727,0.019271466333515373,12.5,False,3.0,True,0.0,[],,23419.346764388178,11709.673382194089,,1.1044604112438319,561.2885584192206,1.0370852890318417e-07,1.0370852890318417e-07,0.0,,0.030913554064414085,,10000000000.0,True,False,0.003301931629964929,True,ingan_gan_planar,3.884081592483214e-10,[A/E/DR] evaluator output; Taylor et al. 2010 Q=167 [V] where used,,309135540.64414084,10.0,deterministic_pair,80000000.0,0.9090909090909091,S025,sensitivity,,gamma300,5.285087763377385e-18,1.5295281135357035,30.31504311247509,38.74045864977526,18921161667.91825,False,1.0,0.7647640567678519,5.0,0.8296682312254734,,,10.0,,,0.9126350543480207,0.02,True,0.25
2.1839109384684114,16.77901297723189,3.2990903062951293,2.7589632742588286,75.99088773175333,12.817413071999999,2000.0,5.702752350196195e-07,4.769098237579364e-07,300.0,300.0000006829321,,2.3868912982517547,,0.00042470937212596974,,nan,,"{""comparison"":false,""inputs"":{""Q"":2000.0,""T_hs"":300.0,""current_uA"":0.02,""gamma300"":35.0,""height_nm"":3.0,""radius_nm"":10.0,""x_in"":0.25},""regime"":""rectangular""}",0.004247138693754914,0.0042470937212596965,4.497249521672975e-08,True,0.02,rectangular,,-2.1593571375433385e-07,,False,True,False,0.1,-3902.748396421988,0.9996791936846767,0.9996791936846767,35.0,0.0032189988716036337,0.006437997743207267,0.01776219933327007,0.010619767973282507,12.5,,3.0,True,nan,[],,37244.33839995339,18622.169199976695,,1.0919554693421736,567.7163670737909,5.308923367193642e-10,5.308867151574621e-10,5.6215619020912184e-15,,0.030905949172482315,,10000000000.0,,False,0.0032189988716036337,,ingan_gan_planar,3.778979081712954e-10,[A/E/DR] evaluator output; Taylor et al. 2010 Q=167 [V] where used,,309059491.7248231,10.0,rectangular,80000000.0,0.9090917842068371,S026,sensitivity,,gamma300,nan,nan,nan,nan,nan,,nan,nan,nan,0.004247138693754914,,,10.0,,,0.004671848065880883,0.02,True,0.25
2.1839109384684114,16.77901297723189,3.2990903062951293,2.7589632742588286,75.99088773175333,12.817413071999999,2000.0,5.702752350196195e-07,4.769098237579364e-07,300.0,300.0000006829321,,2.3868912982517547,,0.01374222207633541,,0.0,,"{""comparison"":false,""inputs"":{""Q"":2000.0,""T_hs"":300.0,""current_uA"":0.02,""gamma300"":35.0,""height_nm"":3.0,""radius_nm"":10.0,""x_in"":0.25},""regime"":""deterministic_pair""}",0.13742222076335409,0.13742222076335409,0.0,True,0.02,deterministic_pair,,-2.1593571375433385e-07,,False,True,False,0.1,-3902.748396421988,0.17355371900826455,0.17355371900826455,35.0,0.0032189988716036337,0.006437997743207267,0.01776219933327007,0.010619767973282507,12.5,False,3.0,True,0.0,[],,37244.33839995339,18622.169199976695,,1.0919554693421736,567.7163670737909,1.717777759541926e-08,1.717777759541926e-08,0.0,,0.030905949172482315,,10000000000.0,True,False,0.0032189988716036337,True,ingan_gan_planar,3.778979081712954e-10,[A/E/DR] evaluator output; Taylor et al. 2010 Q=167 [V] where used,,309059491.7248231,10.0,deterministic_pair,80000000.0,0.9090909090909091,S027,sensitivity,,gamma300,5.285087763377385e-18,1.1726382211781896,30.31504311247509,38.74045864977526,18921161667.91825,False,1.0,0.5863191105890947,5.0,0.13742222076335409,,,10.0,,,0.1511644428396895,0.02,True,0.25
2.208920822280462,16.79288759736658,4.492271561787928,3.063316645262251,75.99088773175333,12.817413071999999,2000.0,1.2667436815945822e-06,8.638032040859462e-07,230.0,230.00000068065262,,2.452810661041165,,0.0014297510534104637,,nan,,"{""comparison"":false,""inputs"":{""Q"":2000.0,""T_hs"":230.0,""current_uA"":0.02,""gamma300"":55.0,""height_nm"":3.0,""radius_nm"":10.0,""x_in"":0.25},""regime"":""rectangular""}",0.014297661170108476,0.014297510534104637,1.5063600383855704e-07,True,0.02,rectangular,,-2.0720181126421267e-07,,False,True,False,0.1,-3901.8335667870415,0.9991529807611923,0.9991529807611923,55.0,0.003301931629964929,0.006603863259929858,0.020229724247178966,0.014833173560259509,12.5,,3.0,True,nan,[],,23419.346764388178,11709.673382194089,,1.1044604112438319,561.2885584192206,1.7872076462635594e-09,1.7871888167630795e-09,1.882950047981963e-14,,0.030913554064414085,,10000000000.0,,False,0.003301931629964929,,ingan_gan_planar,3.884081592483214e-10,[A/E/DR] evaluator output; Taylor et al. 2010 Q=167 [V] where used,,309135540.64414084,10.0,rectangular,80000000.0,0.9090917798115319,S028,sensitivity,,gamma300,nan,nan,nan,nan,nan,,nan,nan,nan,0.014297661170108476,,,10.0,,,0.01572741222351894,0.02,True,0.25
2.208920822280462,16.79288759736658,4.492271561787928,3.063316645262251,75.99088773175333,12.817413071999999,2000.0,1.2667436815945822e-06,8.638032040859462e-07,230.0,230.00000068065262,,2.452810661041165,,0.04625119337925526,,0.0,,"{""comparison"":false,""inputs"":{""Q"":2000.0,""T_hs"":230.0,""current_uA"":0.02,""gamma300"":55.0,""height_nm"":3.0,""radius_nm"":10.0,""x_in"":0.25},""regime"":""deterministic_pair""}",0.4625119337925526,0.4625119337925526,0.0,True,0.02,deterministic_pair,,-2.0720181126421267e-07,,False,True,False,0.1,-3901.8335667870415,0.17355371900826455,0.17355371900826455,55.0,0.003301931629964929,0.006603863259929858,0.020229724247178966,0.014833173560259509,12.5,False,3.0,True,0.0,[],,23419.346764388178,11709.673382194089,,1.1044604112438319,561.2885584192206,5.781399172406908e-08,5.781399172406908e-08,0.0,,0.030913554064414085,,10000000000.0,True,False,0.003301931629964929,True,ingan_gan_planar,3.884081592483214e-10,[A/E/DR] evaluator output; Taylor et al. 2010 Q=167 [V] where used,,309135540.64414084,10.0,deterministic_pair,80000000.0,0.9090909090909091,S029,sensitivity,,gamma300,5.285087763377385e-18,1.5295281135357035,30.31504311247509,38.74045864977526,18921161667.91825,False,1.0,0.7647640567678519,5.0,0.4625119337925526,,,10.0,,,0.5087631271718079,0.02,True,0.25
2.1839109384684114,16.77901297723189,2.479332717175393,2.3124737907847956,75.99088773175333,12.817413071999999,2000.0,4.285733693417779e-07,3.997304217182734e-07,300.0,300.0000006829321,,2.3868912982517547,,0.00020570820731079112,,nan,,"{""comparison"":false,""inputs"":{""Q"":2000.0,""T_hs"":300.0,""current_uA"":0.02,""gamma300"":55.0,""height_nm"":3.0,""radius_nm"":10.0,""x_in"":0.25},""regime"":""rectangular""}",0.0020571102930490694,0.0020570820731079112,2.8219941158072992e-08,True,0.02,rectangular,,-2.1593571375433385e-07,,False,True,False,0.1,-3902.748396421988,0.9998465544203294,0.9998465544203294,55.0,0.0032189988716036337,0.006437997743207267,0.014887701046298468,0.007980969218917562,12.5,,3.0,True,nan,[],,37244.33839995339,18622.169199976695,,1.0919554693421736,567.7163670737909,2.5713878663113365e-10,2.571352591384889e-10,3.527492644759124e-15,,0.030905949172482315,,10000000000.0,,False,0.0032189988716036337,,ingan_gan_planar,3.778979081712954e-10,[A/E/DR] evaluator output; Taylor et al. 2010 Q=167 [V] where used,,309059491.7248231,10.0,rectangular,80000000.0,0.9090920428315055,S030,sensitivity,,gamma300,nan,nan,nan,nan,nan,,nan,nan,nan,0.0020571102930490694,,,10.0,,,0.0022628185003598605,0.02,True,0.25
2.1839109384684114,16.77901297723189,2.479332717175393,2.3124737907847956,75.99088773175333,12.817413071999999,2000.0,4.285733693417779e-07,3.997304217182734e-07,300.0,300.0000006829321,,2.3868912982517547,,0.006656052475709422,,0.0,,"{""comparison"":false,""inputs"":{""Q"":2000.0,""T_hs"":300.0,""current_uA"":0.02,""gamma300"":55.0,""height_nm"":3.0,""radius_nm"":10.0,""x_in"":0.25},""regime"":""deterministic_pair""}",0.06656052475709422,0.06656052475709422,0.0,True,0.02,deterministic_pair,,-2.1593571375433385e-07,,False,True,False,0.1,-3902.748396421988,0.17355371900826455,0.17355371900826455,55.0,0.0032189988716036337,0.006437997743207267,0.014887701046298468,0.007980969218917562,12.5,False,3.0,True,0.0,[],,37244.33839995339,18622.169199976695,,1.0919554693421736,567.7163670737909,8.320065594636776e-09,8.320065594636776e-09,0.0,,0.030905949172482315,,10000000000.0,True,False,0.0032189988716036337,True,ingan_gan_planar,3.778979081712954e-10,[A/E/DR] evaluator output; Taylor et al. 2010 Q=167 [V] where used,,309059491.7248231,10.0,deterministic_pair,80000000.0,0.9090909090909091,S031,sensitivity,,gamma300,5.285087763377385e-18,1.1726382211781896,30.31504311247509,38.74045864977526,18921161667.91825,False,1.0,0.5863191105890947,5.0,0.06656052475709422,,,10.0,,,0.07321657723280364,0.02,True,0.25
2.208920822280462,16.79288759736658,5.8364219775562285,3.0772636451059063,75.99088773175333,12.817413071999999,2000.0,1.6457704658449049e-06,8.677360174687711e-07,230.0,230.00000068065262,,2.452810661041165,,0.002564731720241043,,nan,,"{""comparison"":false,""inputs"":{""Q"":2000.0,""T_hs"":230.0,""current_uA"":0.02,""delta_xx"":-10.0,""height_nm"":3.0,""radius_nm"":10.0,""x_in"":0.25},""regime"":""rectangular""}",0.02564746663466914,0.025647317202410428,1.4943225871177673e-07,True,0.02,rectangular,-10.0,-2.0720181126421267e-07,,False,True,False,0.1,-3901.8335667870415,0.9989011864102583,0.9989011864102583,,0.003301931629964929,0.006603863259929858,0.020321828327032727,0.019271466333515373,12.5,,3.0,True,nan,[],,23419.346764388178,11709.673382194089,,1.1044604112438319,561.2885584192206,3.2059333293336424e-09,3.2059146503013034e-09,1.8679032338972092e-14,,0.030913554064414085,,10000000000.0,,False,0.003301931629964929,,ingan_gan_planar,3.884081592483214e-10,[A/E/DR] evaluator output; Taylor et al. 2010 Q=167 [V] where used,,309135540.64414084,10.0,rectangular,80000000.0,0.9090913906113713,S032,sensitivity,,delta_xx,nan,nan,nan,nan,nan,,nan,nan,nan,0.02564746663466914,,,10.0,,,0.028212198354910182,0.02,True,0.25
2.208920822280462,16.79288759736658,5.8364219775562285,3.0772636451059063,75.99088773175333,12.817413071999999,2000.0,1.6457704658449049e-06,8.677360174687711e-07,230.0,230.00000068065262,,2.452810661041165,,0.08296682312254733,,0.0,,"{""comparison"":false,""inputs"":{""Q"":2000.0,""T_hs"":230.0,""current_uA"":0.02,""delta_xx"":-10.0,""height_nm"":3.0,""radius_nm"":10.0,""x_in"":0.25},""regime"":""deterministic_pair""}",0.8296682312254734,0.8296682312254734,0.0,True,0.02,deterministic_pair,-10.0,-2.0720181126421267e-07,,False,True,False,0.1,-3901.8335667870415,0.17355371900826455,0.17355371900826455,,0.003301931629964929,0.006603863259929858,0.020321828327032727,0.019271466333515373,12.5,False,3.0,True,0.0,[],,23419.346764388178,11709.673382194089,,1.1044604112438319,561.2885584192206,1.0370852890318417e-07,1.0370852890318417e-07,0.0,,0.030913554064414085,,10000000000.0,True,False,0.003301931629964929,True,ingan_gan_planar,3.884081592483214e-10,[A/E/DR] evaluator output; Taylor et al. 2010 Q=167 [V] where used,,309135540.64414084,10.0,deterministic_pair,80000000.0,0.9090909090909091,S033,sensitivity,,delta_xx,5.285087763377385e-18,1.5295281135357035,30.31504311247509,38.74045864977526,18921161667.91825,False,1.0,0.7647640567678519,5.0,0.8296682312254734,,,10.0,,,0.9126350543480207,0.02,True,0.25
2.1839109384684114,16.77901297723189,3.2990903062951293,2.7589632742588286,75.99088773175333,12.817413071999999,2000.0,5.702752350196195e-07,4.769098237579364e-07,300.0,300.0000006829321,,2.3868912982517547,,0.00042470937212596974,,nan,,"{""comparison"":false,""inputs"":{""Q"":2000.0,""T_hs"":300.0,""current_uA"":0.02,""delta_xx"":-10.0,""height_nm"":3.0,""radius_nm"":10.0,""x_in"":0.25},""regime"":""rectangular""}",0.004247138693754914,0.0042470937212596965,4.497249521672975e-08,True,0.02,rectangular,-10.0,-2.1593571375433385e-07,,False,True,False,0.1,-3902.748396421988,0.9996791936846767,0.9996791936846767,,0.0032189988716036337,0.006437997743207267,0.01776219933327007,0.010619767973282507,12.5,,3.0,True,nan,[],,37244.33839995339,18622.169199976695,,1.0919554693421736,567.7163670737909,5.308923367193642e-10,5.308867151574621e-10,5.6215619020912184e-15,,0.030905949172482315,,10000000000.0,,False,0.0032189988716036337,,ingan_gan_planar,3.778979081712954e-10,[A/E/DR] evaluator output; Taylor et al. 2010 Q=167 [V] where used,,309059491.7248231,10.0,rectangular,80000000.0,0.9090917842068371,S034,sensitivity,,delta_xx,nan,nan,nan,nan,nan,,nan,nan,nan,0.004247138693754914,,,10.0,,,0.004671848065880883,0.02,True,0.25
2.1839109384684114,16.77901297723189,3.2990903062951293,2.7589632742588286,75.99088773175333,12.817413071999999,2000.0,5.702752350196195e-07,4.769098237579364e-07,300.0,300.0000006829321,,2.3868912982517547,,0.01374222207633541,,0.0,,"{""comparison"":false,""inputs"":{""Q"":2000.0,""T_hs"":300.0,""current_uA"":0.02,""delta_xx"":-10.0,""height_nm"":3.0,""radius_nm"":10.0,""x_in"":0.25},""regime"":""deterministic_pair""}",0.13742222076335409,0.13742222076335409,0.0,True,0.02,deterministic_pair,-10.0,-2.1593571375433385e-07,,False,True,False,0.1,-3902.748396421988,0.17355371900826455,0.17355371900826455,,0.0032189988716036337,0.006437997743207267,0.01776219933327007,0.010619767973282507,12.5,False,3.0,True,0.0,[],,37244.33839995339,18622.169199976695,,1.0919554693421736,567.7163670737909,1.717777759541926e-08,1.717777759541926e-08,0.0,,0.030905949172482315,,10000000000.0,True,False,0.0032189988716036337,True,ingan_gan_planar,3.778979081712954e-10,[A/E/DR] evaluator output; Taylor et al. 2010 Q=167 [V] where used,,309059491.7248231,10.0,deterministic_pair,80000000.0,0.9090909090909091,S035,sensitivity,,delta_xx,5.285087763377385e-18,1.1726382211781896,30.31504311247509,38.74045864977526,18921161667.91825,False,1.0,0.5863191105890947,5.0,0.13742222076335409,,,10.0,,,0.1511644428396895,0.02,True,0.25
2.208920822280462,16.79288759736658,5.8364219775562285,3.077263546886435,75.99088773175333,12.817413071999999,2000.0,1.6457704658449049e-06,8.677359897725745e-07,230.0,230.00000068065262,,2.452810661041165,,0.002564731720241043,,nan,,"{""comparison"":false,""inputs"":{""Q"":2000.0,""T_hs"":230.0,""current_uA"":0.02,""delta_xx"":10.0,""height_nm"":3.0,""radius_nm"":10.0,""x_in"":0.25},""regime"":""rectangular""}",0.025647466634657324,0.025647317202410428,1.494322468963289e-07,True,0.02,rectangular,10.0,-2.0720181126421267e-07,,False,True,False,0.1,-3901.8335667870415,0.9989011863856443,0.9989011863856443,,0.003301931629964929,0.006603863259929858,0.02032182767840477,0.019271466333515373,12.5,,3.0,True,nan,[],,23419.346764388178,11709.673382194089,,1.1044604112438319,561.2885584192206,3.2059333293321655e-09,3.2059146503013034e-09,1.8679030862041108e-14,,0.030913554064414085,,10000000000.0,,False,0.003301931629964929,,ingan_gan_planar,3.884081592483214e-10,[A/E/DR] evaluator output; Taylor et al. 2010 Q=167 [V] where used,,309135540.64414084,10.0,rectangular,80000000.0,0.9090913906113333,S036,sensitivity,,delta_xx,nan,nan,nan,nan,nan,,nan,nan,nan,0.025647466634657324,,,10.0,,,0.028212198354898365,0.02,True,0.25
2.208920822280462,16.79288759736658,5.8364219775562285,3.077263546886435,75.99088773175333,12.817413071999999,2000.0,1.6457704658449049e-06,8.677359897725745e-07,230.0,230.00000068065262,,2.452810661041165,,0.08296682312254733,,0.0,,"{""comparison"":false,""inputs"":{""Q"":2000.0,""T_hs"":230.0,""current_uA"":0.02,""delta_xx"":10.0,""height_nm"":3.0,""radius_nm"":10.0,""x_in"":0.25},""regime"":""deterministic_pair""}",0.8296682312254734,0.8296682312254734,0.0,True,0.02,deterministic_pair,10.0,-2.0720181126421267e-07,,False,True,False,0.1,-3901.8335667870415,0.17355371900826455,0.17355371900826455,,0.003301931629964929,0.006603863259929858,0.02032182767840477,0.019271466333515373,12.5,False,3.0,True,0.0,[],,23419.346764388178,11709.673382194089,,1.1044604112438319,561.2885584192206,1.0370852890318417e-07,1.0370852890318417e-07,0.0,,0.030913554064414085,,10000000000.0,True,False,0.003301931629964929,True,ingan_gan_planar,3.884081592483214e-10,[A/E/DR] evaluator output; Taylor et al. 2010 Q=167 [V] where used,,309135540.64414084,10.0,deterministic_pair,80000000.0,0.9090909090909091,S037,sensitivity,,delta_xx,5.285087763377385e-18,1.5295281135357035,30.31504311247509,38.74045864977526,18921161667.91825,False,1.0,0.7647640567678519,5.0,0.8296682312254734,,,10.0,,,0.9126350543480207,0.02,True,0.25
2.1839109384684114,16.77901297723189,3.2990903062951293,2.758963238565986,75.99088773175333,12.817413071999999,2000.0,5.702752350196195e-07,4.769098175881338e-07,300.0,300.0000006829321,,2.3868912982517547,,0.00042470937212596974,,nan,,"{""comparison"":false,""inputs"":{""Q"":2000.0,""T_hs"":300.0,""current_uA"":0.02,""delta_xx"":10.0,""height_nm"":3.0,""radius_nm"":10.0,""x_in"":0.25},""regime"":""rectangular""}",0.0042471386937534186,0.0042470937212596965,4.497249372201438e-08,True,0.02,rectangular,10.0,-2.1593571375433385e-07,,False,True,False,0.1,-3902.748396421988,0.9996791936658465,0.9996791936658465,,0.0032189988716036337,0.006437997743207267,0.017762199103479634,0.010619767973282507,12.5,,3.0,True,nan,[],,37244.33839995339,18622.169199976695,,1.0919554693421736,567.7163670737909,5.308923367191773e-10,5.308867151574621e-10,5.6215617152517976e-15,,0.030905949172482315,,10000000000.0,,False,0.0032189988716036337,,ingan_gan_planar,3.778979081712954e-10,[A/E/DR] evaluator output; Taylor et al. 2010 Q=167 [V] where used,,309059491.7248231,10.0,rectangular,80000000.0,0.9090917842068081,S038,sensitivity,,delta_xx,nan,nan,nan,nan,nan,,nan,nan,nan,0.0042471386937534186,,,10.0,,,0.004671848065879389,0.02,True,0.25
2.1839109384684114,16.77901297723189,3.2990903062951293,2.758963238565986,75.99088773175333,12.817413071999999,2000.0,5.702752350196195e-07,4.769098175881338e-07,300.0,300.0000006829321,,2.3868912982517547,,0.01374222207633541,,0.0,,"{""comparison"":false,""inputs"":{""Q"":2000.0,""T_hs"":300.0,""current_uA"":0.02,""delta_xx"":10.0,""height_nm"":3.0,""radius_nm"":10.0,""x_in"":0.25},""regime"":""deterministic_pair""}",0.13742222076335409,0.13742222076335409,0.0,True,0.02,deterministic_pair,10.0,-2.1593571375433385e-07,,False,True,False,0.1,-3902.748396421988,0.17355371900826455,0.17355371900826455,,0.0032189988716036337,0.006437997743207267,0.017762199103479634,0.010619767973282507,12.5,False,3.0,True,0.0,[],,37244.33839995339,18622.169199976695,,1.0919554693421736,567.7163670737909,1.717777759541926e-08,1.717777759541926e-08,0.0,,0.030905949172482315,,10000000000.0,True,False,0.0032189988716036337,True,ingan_gan_planar,3.778979081712954e-10,[A/E/DR] evaluator output; Taylor et al. 2010 Q=167 [V] where used,,309059491.7248231,10.0,deterministic_pair,80000000.0,0.9090909090909091,S039,sensitivity,,delta_xx,5.285087763377385e-18,1.1726382211781896,30.31504311247509,38.74045864977526,18921161667.91825,False,1.0,0.5863191105890947,5.0,0.13742222076335409,,,10.0,,,0.1511644428396895,0.02,True,0.25
2.208920822280462,16.79288759736658,5.8364219775562285,2.0990966947704015,75.99088773175333,12.817413071999999,2000.0,1.6457704658449049e-06,5.919097349706337e-07,230.0,230.00000068065262,,2.452810661041165,,0.002564731720241044,,nan,,"{""comparison"":false,""inputs"":{""Q"":2000.0,""T_hs"":230.0,""current_uA"":0.02,""delta_xx"":16.0,""height_nm"":3.0,""radius_nm"":10.0,""x_in"":0.25},""regime"":""rectangular""}",0.02564736965823209,0.025647317202410435,5.245582165514088e-08,True,0.02,rectangular,16.0,-2.0720181126421267e-07,,False,True,False,0.1,-3901.8335667870415,0.9986990198315139,0.9986990198315139,,0.003301931629964929,0.006603863259929858,0.013862147541634453,0.019271466333515373,12.5,,3.0,True,nan,[],,23419.346764388178,11709.673382194089,,1.1044604112438319,561.2885584192206,3.205921207279011e-09,3.2059146503013042e-09,6.55697770689261e-15,,0.030913554064414085,,10000000000.0,,False,0.003301931629964929,,ingan_gan_planar,3.884081592483214e-10,[A/E/DR] evaluator output; Taylor et al. 2010 Q=167 [V] where used,,309135540.64414084,10.0,rectangular,80000000.0,0.9090910781216026,S040,sensitivity,,delta_xx,nan,nan,nan,nan,nan,,nan,nan,nan,0.02564736965823209,,,10.0,,,0.02821210137847313,0.02,True,0.25
2.208920822280462,16.79288759736658,5.8364219775562285,2.0990966947704015,75.99088773175333,12.817413071999999,2000.0,1.6457704658449049e-06,5.919097349706337e-07,230.0,230.00000068065262,,2.452810661041165,,0.08296682312254733,,0.0,,"{""comparison"":false,""inputs"":{""Q"":2000.0,""T_hs"":230.0,""current_uA"":0.02,""delta_xx"":16.0,""height_nm"":3.0,""radius_nm"":10.0,""x_in"":0.25},""regime"":""deterministic_pair""}",0.8296682312254734,0.8296682312254734,0.0,True,0.02,deterministic_pair,16.0,-2.0720181126421267e-07,,False,True,False,0.1,-3901.8335667870415,0.17355371900826455,0.17355371900826455,,0.003301931629964929,0.006603863259929858,0.013862147541634453,0.019271466333515373,12.5,False,3.0,True,0.0,[],,23419.346764388178,11709.673382194089,,1.1044604112438319,561.2885584192206,1.0370852890318417e-07,1.0370852890318417e-07,0.0,,0.030913554064414085,,10000000000.0,True,False,0.003301931629964929,True,ingan_gan_planar,3.884081592483214e-10,[A/E/DR] evaluator output; Taylor et al. 2010 Q=167 [V] where used,,309135540.64414084,10.0,deterministic_pair,80000000.0,0.9090909090909091,S041,sensitivity,,delta_xx,5.285087763377385e-18,1.5295281135357035,30.31504311247509,38.74045864977526,18921161667.91825,False,1.0,0.7647640567678519,5.0,0.8296682312254734,,,10.0,,,0.9126350543480207,0.02,True,0.25
2.1839109384684114,16.77901297723189,3.2990903062951293,2.2872107844593614,75.99088773175333,12.817413071999999,2000.0,5.702752350196195e-07,3.953635016606089e-07,300.0,300.0000006829321,,2.3868912982517547,,0.00042470937212596985,,nan,,"{""comparison"":false,""inputs"":{""Q"":2000.0,""T_hs"":300.0,""current_uA"":0.02,""delta_xx"":16.0,""height_nm"":3.0,""radius_nm"":10.0,""x_in"":0.25},""regime"":""rectangular""}",0.004247120896621172,0.004247093721259698,2.7175361473768996e-08,True,0.02,rectangular,16.0,-2.1593571375433385e-07,,False,True,False,0.1,-3902.748396421988,0.999455089580723,0.999455089580723,,0.0032189988716036337,0.006437997743207267,0.014725057868588692,0.010619767973282507,12.5,,3.0,True,nan,[],,37244.33839995339,18622.169199976695,,1.0919554693421736,567.7163670737909,5.308901120776465e-10,5.308867151574623e-10,3.3969201842211244e-15,,0.030905949172482315,,10000000000.0,,False,0.0032189988716036337,,ingan_gan_planar,3.778979081712954e-10,[A/E/DR] evaluator output; Taylor et al. 2010 Q=167 [V] where used,,309059491.7248231,10.0,rectangular,80000000.0,0.9090914378959521,S042,sensitivity,,delta_xx,nan,nan,nan,nan,nan,,nan,nan,nan,0.004247120896621172,,,10.0,,,0.004671830268747143,0.02,True,0.25
2.1839109384684114,16.77901297723189,3.2990903062951293,2.2872107844593614,75.99088773175333,12.817413071999999,2000.0,5.702752350196195e-07,3.953635016606089e-07,300.0,300.0000006829321,,2.3868912982517547,,0.01374222207633541,,0.0,,"{""comparison"":false,""inputs"":{""Q"":2000.0,""T_hs"":300.0,""current_uA"":0.02,""delta_xx"":16.0,""height_nm"":3.0,""radius_nm"":10.0,""x_in"":0.25},""regime"":""deterministic_pair""}",0.13742222076335409,0.13742222076335409,0.0,True,0.02,deterministic_pair,16.0,-2.1593571375433385e-07,,False,True,False,0.1,-3902.748396421988,0.17355371900826455,0.17355371900826455,,0.0032189988716036337,0.006437997743207267,0.014725057868588692,0.010619767973282507,12.5,False,3.0,True,0.0,[],,37244.33839995339,18622.169199976695,,1.0919554693421736,567.7163670737909,1.717777759541926e-08,1.717777759541926e-08,0.0,,0.030905949172482315,,10000000000.0,True,False,0.0032189988716036337,True,ingan_gan_planar,3.778979081712954e-10,[A/E/DR] evaluator output; Taylor et al. 2010 Q=167 [V] where used,,309059491.7248231,10.0,deterministic_pair,80000000.0,0.9090909090909091,S043,sensitivity,,delta_xx,5.285087763377385e-18,1.1726382211781896,30.31504311247509,38.74045864977526,18921161667.91825,False,1.0,0.5863191105890947,5.0,0.13742222076335409,,,10.0,,,0.1511644428396895,0.02,True,0.25
2.208920822280462,16.79288759736658,5.8364219775562285,3.0772636451059063,75.99088773175333,12.817413071999999,2000.0,1.6457729035528987e-07,8.677366951385166e-08,230.0,230.00000068065262,,2.452810661041165,,0.0002564796400625042,,nan,,"{""comparison"":false,""inputs"":{""Q"":2000.0,""T_hs"":230.0,""current_uA"":0.02,""height_nm"":3.0,""radius_nm"":10.0,""tau_cap_ps"":1.0,""x_in"":0.25},""regime"":""rectangular""}",0.002564797896136036,0.0025647964006250417,1.4955109951049985e-09,True,0.02,rectangular,,-2.0720181126421267e-07,,False,True,False,0.1,-3901.8335667870415,0.9998900328926964,0.9998900328926964,,0.003301931629964929,0.006603863259929858,0.020321828327032727,0.019271466333515373,12.5,,3.0,True,nan,[],,234193.46764388183,117096.73382194091,,1.1044604112438319,561.2885584192206,3.2059973701700457e-10,3.205995500781302e-10,1.8693887438812481e-16,,0.030913554064414085,,10000000000.0,,False,0.003301931629964929,,ingan_gan_planar,3.884081592483214e-10,[A/E/DR] evaluator output; Taylor et al. 2010 Q=167 [V] where used,,309135540.64414084,10.0,rectangular,80000000.0,0.9090909572802641,S044,sensitivity,,tau_cap_ps,nan,nan,nan,nan,nan,,nan,nan,nan,0.002564797896136036,,1.0,1.0,,,0.002821277536198541,0.02,True,0.25
2.208920822280462,16.79288759736658,5.8364219775562285,3.0772636451059063,75.99088773175333,12.817413071999999,2000.0,1.6457729035528987e-07,8.677366951385166e-08,230.0,230.00000068065262,,2.452810661041165,,0.008296694601264181,,0.0,,"{""comparison"":false,""inputs"":{""Q"":2000.0,""T_hs"":230.0,""current_uA"":0.02,""height_nm"":3.0,""radius_nm"":10.0,""tau_cap_ps"":1.0,""x_in"":0.25},""regime"":""deterministic_pair""}",0.0829669460126418,0.0829669460126418,0.0,True,0.02,deterministic_pair,,-2.0720181126421267e-07,,False,True,False,0.1,-3901.8335667870415,0.17355371900826433,0.17355371900826433,,0.003301931629964929,0.006603863259929858,0.020321828327032727,0.019271466333515373,12.5,False,3.0,True,0.0,[],,234193.46764388183,117096.73382194091,,1.1044604112438319,561.2885584192206,1.0370868251580225e-08,1.0370868251580225e-08,0.0,,0.030913554064414085,,10000000000.0,True,False,0.003301931629964929,True,ingan_gan_planar,3.884081592483214e-10,[A/E/DR] evaluator output; Taylor et al. 2010 Q=167 [V] where used,,309135540.64414084,10.0,deterministic_pair,80000000.0,0.9090909090909092,S045,sensitivity,,tau_cap_ps,5.285087763377385e-18,1.5295281135357035,30.31504311247509,38.74045864977526,18921161667.91825,False,1.0,0.7647640567678519,5.0,0.0829669460126418,,1.0,1.0,,,0.09126364061390597,0.02,True,0.25
2.1839109384684114,16.77901297723189,3.2990903062951293,2.7589632742588286,75.99088773175333,12.817413071999999,2000.0,5.702755277122291e-08,4.7691002845670634e-08,300.0,300.0000006829321,,2.3868912982517547,,4.247159301587841e-05,,nan,,"{""comparison"":false,""inputs"":{""Q"":2000.0,""T_hs"":300.0,""current_uA"":0.02,""height_nm"":3.0,""radius_nm"":10.0,""tau_cap_ps"":1.0,""x_in"":0.25},""regime"":""rectangular""}",0.00042471638010834547,0.0004247159301587841,4.499495613580306e-10,True,0.02,rectangular,,-2.1593571375433385e-07,,False,True,False,0.1,-3902.748396421988,0.9999679041893522,0.9999679041893522,,0.0032189988716036337,0.006437997743207267,0.01776219933327007,0.010619767973282507,12.5,,3.0,True,nan,[],,372443.3839995339,186221.69199976695,,1.0919554693421736,567.7163670737909,5.308954751354318e-11,5.308949126984801e-11,5.624369516975382e-17,,0.030905949172482315,,10000000000.0,,False,0.0032189988716036337,,ingan_gan_planar,3.778979081712954e-10,[A/E/DR] evaluator output; Taylor et al. 2010 Q=167 [V] where used,,309059491.7248231,10.0,rectangular,80000000.0,0.909090996645615,S046,sensitivity,,tau_cap_ps,nan,nan,nan,nan,nan,,nan,nan,nan,0.00042471638010834547,,1.0,1.0,,,0.00046718797312422387,0.02,True,0.25
2.1839109384684114,16.77901297723189,3.2990903062951293,2.7589632742588286,75.99088773175333,12.817413071999999,2000.0,5.702755277122291e-08,4.7691002845670634e-08,300.0,300.0000006829321,,2.3868912982517547,,0.0013742229129503063,,0.0,,"{""comparison"":false,""inputs"":{""Q"":2000.0,""T_hs"":300.0,""current_uA"":0.02,""height_nm"":3.0,""radius_nm"":10.0,""tau_cap_ps"":1.0,""x_in"":0.25},""regime"":""deterministic_pair""}",0.013742229129503061,0.013742229129503061,0.0,True,0.02,deterministic_pair,,-2.1593571375433385e-07,,False,True,False,0.1,-3902.748396421988,0.17355371900826455,0.17355371900826455,,0.0032189988716036337,0.006437997743207267,0.01776219933327007,0.010619767973282507,12.5,False,3.0,True,0.0,[],,372443.3839995339,186221.69199976695,,1.0919554693421736,567.7163670737909,1.7177786411878826e-09,1.7177786411878826e-09,0.0,,0.030905949172482315,,10000000000.0,True,False,0.0032189988716036337,True,ingan_gan_planar,3.778979081712954e-10,[A/E/DR] evaluator output; Taylor et al. 2010 Q=167 [V] where used,,309059491.7248231,10.0,deterministic_pair,80000000.0,0.9090909090909091,S047,sensitivity,,tau_cap_ps,5.285087763377385e-18,1.1726382211781896,30.31504311247509,38.74045864977526,18921161667.91825,False,1.0,0.5863191105890947,5.0,0.013742229129503061,,1.0,1.0,,,0.015116452042453368,0.02,True,0.25
2.208920822280462,16.79288759736658,5.8364219775562285,3.0772636451059063,75.99088773175333,12.817413071999999,2000.0,1.6457704658449049e-06,8.677360174687711e-07,230.0,230.00000068065262,,2.452810661041165,,0.002564731720241043,,nan,,"{""comparison"":false,""inputs"":{""Q"":2000.0,""T_hs"":230.0,""current_uA"":0.02,""height_nm"":3.0,""radius_nm"":10.0,""tau_cap_ps"":10.0,""x_in"":0.25},""regime"":""rectangular""}",0.02564746663466914,0.025647317202410428,1.4943225871177673e-07,True,0.02,rectangular,,-2.0720181126421267e-07,,False,True,False,0.1,-3901.8335667870415,0.9989011864102583,0.9989011864102583,,0.003301931629964929,0.006603863259929858,0.020321828327032727,0.019271466333515373,12.5,,3.0,True,nan,[],,23419.346764388178,11709.673382194089,,1.1044604112438319,561.2885584192206,3.2059333293336424e-09,3.2059146503013034e-09,1.8679032338972092e-14,,0.030913554064414085,,10000000000.0,,False,0.003301931629964929,,ingan_gan_planar,3.884081592483214e-10,[A/E/DR] evaluator output; Taylor et al. 2010 Q=167 [V] where used,,309135540.64414084,10.0,rectangular,80000000.0,0.9090913906113713,S048,sensitivity,,tau_cap_ps,nan,nan,nan,nan,nan,,nan,nan,nan,0.02564746663466914,,10.0,10.0,,,0.028212198354910182,0.02,True,0.25
2.208920822280462,16.79288759736658,5.8364219775562285,3.0772636451059063,75.99088773175333,12.817413071999999,2000.0,1.6457704658449049e-06,8.677360174687711e-07,230.0,230.00000068065262,,2.452810661041165,,0.08296682312254733,,0.0,,"{""comparison"":false,""inputs"":{""Q"":2000.0,""T_hs"":230.0,""current_uA"":0.02,""height_nm"":3.0,""radius_nm"":10.0,""tau_cap_ps"":10.0,""x_in"":0.25},""regime"":""deterministic_pair""}",0.8296682312254734,0.8296682312254734,0.0,True,0.02,deterministic_pair,,-2.0720181126421267e-07,,False,True,False,0.1,-3901.8335667870415,0.17355371900826455,0.17355371900826455,,0.003301931629964929,0.006603863259929858,0.020321828327032727,0.019271466333515373,12.5,False,3.0,True,0.0,[],,23419.346764388178,11709.673382194089,,1.1044604112438319,561.2885584192206,1.0370852890318417e-07,1.0370852890318417e-07,0.0,,0.030913554064414085,,10000000000.0,True,False,0.003301931629964929,True,ingan_gan_planar,3.884081592483214e-10,[A/E/DR] evaluator output; Taylor et al. 2010 Q=167 [V] where used,,309135540.64414084,10.0,deterministic_pair,80000000.0,0.9090909090909091,S049,sensitivity,,tau_cap_ps,5.285087763377385e-18,1.5295281135357035,30.31504311247509,38.74045864977526,18921161667.91825,False,1.0,0.7647640567678519,5.0,0.8296682312254734,,10.0,10.0,,,0.9126350543480207,0.02,True,0.25
2.1839109384684114,16.77901297723189,3.2990903062951293,2.7589632742588286,75.99088773175333,12.817413071999999,2000.0,5.702752350196195e-07,4.769098237579364e-07,300.0,300.0000006829321,,2.3868912982517547,,0.00042470937212596974,,nan,,"{""comparison"":false,""inputs"":{""Q"":2000.0,""T_hs"":300.0,""current_uA"":0.02,""height_nm"":3.0,""radius_nm"":10.0,""tau_cap_ps"":10.0,""x_in"":0.25},""regime"":""rectangular""}",0.004247138693754914,0.0042470937212596965,4.497249521672975e-08,True,0.02,rectangular,,-2.1593571375433385e-07,,False,True,False,0.1,-3902.748396421988,0.9996791936846767,0.9996791936846767,,0.0032189988716036337,0.006437997743207267,0.01776219933327007,0.010619767973282507,12.5,,3.0,True,nan,[],,37244.33839995339,18622.169199976695,,1.0919554693421736,567.7163670737909,5.308923367193642e-10,5.308867151574621e-10,5.6215619020912184e-15,,0.030905949172482315,,10000000000.0,,False,0.0032189988716036337,,ingan_gan_planar,3.778979081712954e-10,[A/E/DR] evaluator output; Taylor et al. 2010 Q=167 [V] where used,,309059491.7248231,10.0,rectangular,80000000.0,0.9090917842068371,S050,sensitivity,,tau_cap_ps,nan,nan,nan,nan,nan,,nan,nan,nan,0.004247138693754914,,10.0,10.0,,,0.004671848065880883,0.02,True,0.25
2.1839109384684114,16.77901297723189,3.2990903062951293,2.7589632742588286,75.99088773175333,12.817413071999999,2000.0,5.702752350196195e-07,4.769098237579364e-07,300.0,300.0000006829321,,2.3868912982517547,,0.01374222207633541,,0.0,,"{""comparison"":false,""inputs"":{""Q"":2000.0,""T_hs"":300.0,""current_uA"":0.02,""height_nm"":3.0,""radius_nm"":10.0,""tau_cap_ps"":10.0,""x_in"":0.25},""regime"":""deterministic_pair""}",0.13742222076335409,0.13742222076335409,0.0,True,0.02,deterministic_pair,,-2.1593571375433385e-07,,False,True,False,0.1,-3902.748396421988,0.17355371900826455,0.17355371900826455,,0.0032189988716036337,0.006437997743207267,0.01776219933327007,0.010619767973282507,12.5,False,3.0,True,0.0,[],,37244.33839995339,18622.169199976695,,1.0919554693421736,567.7163670737909,1.717777759541926e-08,1.717777759541926e-08,0.0,,0.030905949172482315,,10000000000.0,True,False,0.0032189988716036337,True,ingan_gan_planar,3.778979081712954e-10,[A/E/DR] evaluator output; Taylor et al. 2010 Q=167 [V] where used,,309059491.7248231,10.0,deterministic_pair,80000000.0,0.9090909090909091,S051,sensitivity,,tau_cap_ps,5.285087763377385e-18,1.1726382211781896,30.31504311247509,38.74045864977526,18921161667.91825,False,1.0,0.5863191105890947,5.0,0.13742222076335409,,10.0,10.0,,,0.1511644428396895,0.02,True,0.25
2.208920822280462,16.79288759736658,5.8364219775562285,3.0772636451059063,75.99088773175333,12.817413071999999,2000.0,1.6457460891621345e-05,8.6772924082953e-06,230.0,230.00000068065262,,2.452810661041165,,0.025640901672692784,,nan,,"{""comparison"":false,""inputs"":{""Q"":2000.0,""T_hs"":230.0,""current_uA"":0.02,""height_nm"":3.0,""radius_nm"":10.0,""tau_cap_ps"":100.0,""x_in"":0.25},""regime"":""rectangular""}",0.2564238411623983,0.25640901672692784,1.4824435470425228e-05,True,0.02,rectangular,,-2.0720181126421267e-07,,False,True,False,0.1,-3901.8335667870415,0.9890975967860575,0.9890975967860575,,0.003301931629964929,0.006603863259929858,0.020321828327032727,0.019271466333515373,12.5,,3.0,True,nan,[],,2341.934676438818,1170.967338219409,,1.1044604112438319,561.2885584192206,3.205298014529978e-08,3.205112709086598e-08,1.8530544338031535e-12,,0.030913554064414085,,10000000000.0,,False,0.003301931629964929,,ingan_gan_planar,3.884081592483214e-10,[A/E/DR] evaluator output; Taylor et al. 2010 Q=167 [V] where used,,309135540.64414084,10.0,rectangular,80000000.0,0.9090956869867153,S052,sensitivity,,tau_cap_ps,nan,nan,nan,nan,nan,,nan,nan,nan,0.2564238411623983,,100.0,100.0,,,0.2820647428350911,0.02,True,0.25
2.208920822280462,16.79288759736658,5.8364219775562285,3.0772636451059063,75.99088773175333,12.817413071999999,2000.0,1.6457460891621345e-05,8.6772924082953e-06,230.0,230.00000068065262,,2.452810661041165,,0.8296559424162518,,0.0,,"{""comparison"":false,""inputs"":{""Q"":2000.0,""T_hs"":230.0,""current_uA"":0.02,""height_nm"":3.0,""radius_nm"":10.0,""tau_cap_ps"":100.0,""x_in"":0.25},""regime"":""deterministic_pair""}",8.296559424162519,8.296559424162519,0.0,True,0.02,deterministic_pair,,-2.0720181126421267e-07,,False,True,False,0.1,-3901.8335667870415,0.17355371900826455,0.17355371900826455,,0.003301931629964929,0.006603863259929858,0.020321828327032727,0.019271466333515373,12.5,False,3.0,True,0.0,[],,2341.934676438818,1170.967338219409,,1.1044604112438319,561.2885584192206,1.0370699280203148e-06,1.0370699280203148e-06,0.0,,0.030913554064414085,,10000000000.0,True,False,0.003301931629964929,True,ingan_gan_planar,3.884081592483214e-10,[A/E/DR] evaluator output; Taylor et al. 2010 Q=167 [V] where used,,309135540.64414084,10.0,deterministic_pair,80000000.0,0.9090909090909091,S053,sensitivity,,tau_cap_ps,5.285087763377385e-18,1.5295281135357035,30.31504311247509,38.74045864977526,18921161667.91825,False,1.0,0.7647640567678519,5.0,8.296559424162519,,100.0,100.0,,,9.12621536657877,0.02,True,0.25
2.1839109384684114,16.77901297723189,3.2990903062951293,2.7589632742588286,75.99088773175333,12.817413071999999,2000.0,5.702723081100487e-06,4.769077767799024e-06,300.0,300.0000006829321,,2.3868912982517547,,0.004246441349457938,,nan,,"{""comparison"":false,""inputs"":{""Q"":2000.0,""T_hs"":300.0,""current_uA"":0.02,""height_nm"":3.0,""radius_nm"":10.0,""tau_cap_ps"":100.0,""x_in"":0.25},""regime"":""rectangular""}",0.04246888828895399,0.042464413494579384,4.4747943746064214e-06,True,0.02,rectangular,,-2.1593571375433385e-07,,False,True,False,0.1,-3902.748396421988,0.9968071176806726,0.9968071176806726,,0.0032189988716036337,0.006437997743207267,0.01776219933327007,0.010619767973282507,12.5,,3.0,True,nan,[],,3724.4338399953394,1862.2169199976697,,1.0919554693421736,567.7163670737909,5.308611036119248e-09,5.3080516868224225e-09,5.593492968258027e-13,,0.030905949172482315,,10000000000.0,,False,0.0032189988716036337,,ingan_gan_planar,3.778979081712954e-10,[A/E/DR] evaluator output; Taylor et al. 2010 Q=167 [V] where used,,309059491.7248231,10.0,rectangular,80000000.0,0.9090996171422436,S054,sensitivity,,tau_cap_ps,nan,nan,nan,nan,nan,,nan,nan,nan,0.04246888828895399,,100.0,100.0,,,0.04671532963841193,0.02,True,0.25
2.1839109384684114,16.77901297723189,3.2990903062951293,2.7589632742588286,75.99088773175333,12.817413071999999,2000.0,5.702723081100487e-06,4.769077767799024e-06,300.0,300.0000006829321,,2.3868912982517547,,0.13742151545057085,,0.0,,"{""comparison"":false,""inputs"":{""Q"":2000.0,""T_hs"":300.0,""current_uA"":0.02,""height_nm"":3.0,""radius_nm"":10.0,""tau_cap_ps"":100.0,""x_in"":0.25},""regime"":""deterministic_pair""}",1.3742151545057084,1.3742151545057084,0.0,True,0.02,deterministic_pair,,-2.1593571375433385e-07,,False,True,False,0.1,-3902.748396421988,0.17355371900826455,0.17355371900826455,,0.0032189988716036337,0.006437997743207267,0.01776219933327007,0.010619767973282507,12.5,False,3.0,True,0.0,[],,3724.4338399953394,1862.2169199976697,,1.0919554693421736,567.7163670737909,1.7177689431321357e-07,1.7177689431321357e-07,0.0,,0.030905949172482315,,10000000000.0,True,False,0.0032189988716036337,True,ingan_gan_planar,3.778979081712954e-10,[A/E/DR] evaluator output; Taylor et al. 2010 Q=167 [V] where used,,309059491.7248231,10.0,deterministic_pair,80000000.0,0.9090909090909091,S055,sensitivity,,tau_cap_ps,5.285087763377385e-18,1.1726382211781896,30.31504311247509,38.74045864977526,18921161667.91825,False,1.0,0.5863191105890947,5.0,1.3742151545057084,,100.0,100.0,,,1.5116366699562793,0.02,True,0.25
2.208920822280462,16.79288759736658,5.8364219775562285,3.0772636451059063,75.99088773175333,12.817413071999999,2000.0,1.6457729035528987e-07,8.677366951385166e-08,230.0,230.00000068065262,,2.452810661041165,,0.0002354949931018491,,nan,,"{""comparison"":false,""inputs"":{""Q"":2000.0,""T_hs"":230.0,""current_uA"":0.02,""height_nm"":3.0,""n_dot_cm2"":1000000000.0,""radius_nm"":10.0,""tau_cap_scales_with_density"":false,""x_in"":0.25},""regime"":""rectangular""}",0.0023549511918210496,0.002354949931018491,1.2608025585770652e-09,True,0.02,rectangular,,-2.0720181126421267e-07,,False,True,False,0.1,-3901.8335667870415,0.9998900328830732,0.9998900328830732,,0.003301931629964929,0.006603863259929858,0.020321828327032727,0.019271466333515373,12.5,,3.0,True,nan,[],,234193.46764388183,117096.73382194091,,1.1044604112438319,561.2885584192206,2.943688989776312e-10,2.9436874137731136e-10,1.5760031982213314e-16,,0.02838426327732566,1000000000.0,1000000000.0,,False,0.003301931629964929,,ingan_gan_planar,3.884081592483214e-10,[A/E/DR] evaluator output; Taylor et al. 2010 Q=167 [V] where used,,283842632.77325654,10.0,rectangular,80000000.0,0.9090909533375007,S056,sensitivity,,tau_cap_scales_with_density,nan,nan,nan,nan,nan,,nan,nan,nan,0.0023549511918210496,,,10.0,False,,0.0025904461849228983,0.02,True,0.25
2.208920822280462,16.79288759736658,5.8364219775562285,3.0772636451059063,75.99088773175333,12.817413071999999,2000.0,1.6457729035528987e-07,8.677366951385166e-08,230.0,230.00000068065262,,2.452810661041165,,0.008296694601264181,,0.0,,"{""comparison"":false,""inputs"":{""Q"":2000.0,""T_hs"":230.0,""current_uA"":0.02,""height_nm"":3.0,""n_dot_cm2"":1000000000.0,""radius_nm"":10.0,""tau_cap_scales_with_density"":false,""x_in"":0.25},""regime"":""deterministic_pair""}",0.0829669460126418,0.0829669460126418,0.0,True,0.02,deterministic_pair,,-2.0720181126421267e-07,,False,True,False,0.1,-3901.8335667870415,0.17355371900826433,0.17355371900826433,,0.003301931629964929,0.006603863259929858,0.020321828327032727,0.019271466333515373,12.5,False,3.0,True,0.0,[],,234193.46764388183,117096.73382194091,,1.1044604112438319,561.2885584192206,1.0370868251580225e-08,1.0370868251580225e-08,0.0,,0.02838426327732566,1000000000.0,1000000000.0,True,False,0.003301931629964929,True,ingan_gan_planar,3.884081592483214e-10,[A/E/DR] evaluator output; Taylor et al. 2010 Q=167 [V] where used,,283842632.77325654,10.0,deterministic_pair,80000000.0,0.9090909090909092,S057,sensitivity,,tau_cap_scales_with_density,5.285087763377385e-18,1.5295281135357035,30.31504311247509,38.74045864977526,18921161667.91825,False,1.0,0.7647640567678519,5.0,0.0829669460126418,,,10.0,False,,0.09126364061390597,0.02,True,0.25
2.1839109384684114,16.77901297723189,3.2990903062951293,2.7589632742588286,75.99088773175333,12.817413071999999,2000.0,5.702755277122291e-08,4.7691002845670634e-08,300.0,300.0000006829321,,2.3868912982517547,,3.8996649791339405e-05,,nan,,"{""comparison"":false,""inputs"":{""Q"":2000.0,""T_hs"":300.0,""current_uA"":0.02,""height_nm"":3.0,""n_dot_cm2"":1000000000.0,""radius_nm"":10.0,""tau_cap_scales_with_density"":false,""x_in"":0.25},""regime"":""rectangular""}",0.00038996687724695585,0.00038996649791339405,3.793335618153843e-10,True,0.02,rectangular,,-2.1593571375433385e-07,,False,True,False,0.1,-3902.748396421988,0.9999679041937176,0.9999679041937176,,0.0032189988716036337,0.006437997743207267,0.01776219933327007,0.010619767973282507,12.5,,3.0,True,nan,[],,372443.3839995339,186221.69199976695,,1.0919554693421736,567.7163670737909,4.874585965586948e-11,4.874581223917425e-11,4.741669522692303e-17,,0.028377280603824672,1000000000.0,1000000000.0,,False,0.0032189988716036337,,ingan_gan_planar,3.778979081712954e-10,[A/E/DR] evaluator output; Taylor et al. 2010 Q=167 [V] where used,,283772806.0382467,10.0,rectangular,80000000.0,0.9090909894820544,S058,sensitivity,,tau_cap_scales_with_density,nan,nan,nan,nan,nan,,nan,nan,nan,0.00038996687724695585,,,10.0,False,,0.0004289635270382953,0.02,True,0.25
2.1839109384684114,16.77901297723189,3.2990903062951293,2.7589632742588286,75.99088773175333,12.817413071999999,2000.0,5.702755277122291e-08,4.7691002845670634e-08,300.0,300.0000006829321,,2.3868912982517547,,0.0013742229129503063,,0.0,,"{""comparison"":false,""inputs"":{""Q"":2000.0,""T_hs"":300.0,""current_uA"":0.02,""height_nm"":3.0,""n_dot_cm2"":1000000000.0,""radius_nm"":10.0,""tau_cap_scales_with_density"":false,""x_in"":0.25},""regime"":""deterministic_pair""}",0.013742229129503061,0.013742229129503061,0.0,True,0.02,deterministic_pair,,-2.1593571375433385e-07,,False,True,False,0.1,-3902.748396421988,0.17355371900826455,0.17355371900826455,,0.0032189988716036337,0.006437997743207267,0.01776219933327007,0.010619767973282507,12.5,False,3.0,True,0.0,[],,372443.3839995339,186221.69199976695,,1.0919554693421736,567.7163670737909,1.7177786411878826e-09,1.7177786411878826e-09,0.0,,0.028377280603824672,1000000000.0,1000000000.0,True,False,0.0032189988716036337,True,ingan_gan_planar,3.778979081712954e-10,[A/E/DR] evaluator output; Taylor et al. 2010 Q=167 [V] where used,,283772806.0382467,10.0,deterministic_pair,80000000.0,0.9090909090909091,S059,sensitivity,,tau_cap_scales_with_density,5.285087763377385e-18,1.1726382211781896,30.31504311247509,38.74045864977526,18921161667.91825,False,1.0,0.5863191105890947,5.0,0.013742229129503061,,,10.0,False,,0.015116452042453368,0.02,True,0.25
2.208920822280462,16.79288759736658,5.8364219775562285,3.0772636451059063,75.99088773175333,12.817413071999999,2000.0,1.6457704658449045e-06,8.677360174687709e-07,230.0,230.00000068065262,,2.452810661041165,,0.0023548951162579196,,nan,,"{""comparison"":false,""inputs"":{""Q"":2000.0,""T_hs"":230.0,""current_uA"":0.02,""height_nm"":3.0,""n_dot_cm2"":1000000000.0,""radius_nm"":10.0,""tau_cap_scales_with_density"":true,""x_in"":0.25},""regime"":""rectangular""}",0.02354907714289014,0.023548951162579195,1.25980310941286e-07,True,0.02,rectangular,,-2.0720181126421267e-07,,False,True,False,0.1,-3901.8335667870415,0.9989011854677752,0.9989011854677752,,0.003301931629964929,0.006603863259929858,0.020321828327032727,0.019271466333515373,12.5,,3.0,True,nan,[],,23419.34676438818,11709.67338219409,,1.1044604112438319,561.2885584192206,2.943634642861267e-09,2.9436188953223994e-09,1.574753886766075e-14,,0.02838426327732566,1000000000.0,1000000000.0,,False,0.003301931629964929,,ingan_gan_planar,3.884081592483214e-10,[A/E/DR] evaluator output; Taylor et al. 2010 Q=167 [V] where used,,283842632.77325654,10.0,rectangular,80000000.0,0.9090913512144345,S060,sensitivity,,tau_cap_scales_with_density,nan,nan,nan,nan,nan,,nan,nan,nan,0.02354907714289014,,,100.0,True,,0.025903972259148058,0.02,True,0.25
2.208920822280462,16.79288759736658,5.8364219775562285,3.0772636451059063,75.99088773175333,12.817413071999999,2000.0,1.6457704658449045e-06,8.677360174687709e-07,230.0,230.00000068065262,,2.452810661041165,,0.08296682312254733,,0.0,,"{""comparison"":false,""inputs"":{""Q"":2000.0,""T_hs"":230.0,""current_uA"":0.02,""height_nm"":3.0,""n_dot_cm2"":1000000000.0,""radius_nm"":10.0,""tau_cap_scales_with_density"":true,""x_in"":0.25},""regime"":""deterministic_pair""}",0.8296682312254734,0.8296682312254734,0.0,True,0.02,deterministic_pair,,-2.0720181126421267e-07,,False,True,False,0.1,-3901.8335667870415,0.17355371900826455,0.17355371900826455,,0.003301931629964929,0.006603863259929858,0.020321828327032727,0.019271466333515373,12.5,False,3.0,True,0.0,[],,23419.34676438818,11709.67338219409,,1.1044604112438319,561.2885584192206,1.0370852890318417e-07,1.0370852890318417e-07,0.0,,0.02838426327732566,1000000000.0,1000000000.0,True,False,0.003301931629964929,True,ingan_gan_planar,3.884081592483214e-10,[A/E/DR] evaluator output; Taylor et al. 2010 Q=167 [V] where used,,283842632.77325654,10.0,deterministic_pair,80000000.0,0.9090909090909091,S061,sensitivity,,tau_cap_scales_with_density,5.285087763377385e-18,1.5295281135357035,30.31504311247509,38.74045864977526,18921161667.91825,False,1.0,0.7647640567678519,5.0,0.8296682312254734,,,100.0,True,,0.9126350543480207,0.02,True,0.25
2.1839109384684114,16.77901297723189,3.2990903062951293,2.7589632742588286,75.99088773175333,12.817413071999999,2000.0,5.702752350196195e-07,4.769098237579364e-07,300.0,300.0000006829321,,2.3868912982517547,,0.0003899609527328636,,nan,,"{""comparison"":false,""inputs"":{""Q"":2000.0,""T_hs"":300.0,""current_uA"":0.02,""height_nm"":3.0,""n_dot_cm2"":1000000000.0,""radius_nm"":10.0,""tau_cap_scales_with_density"":true,""x_in"":0.25},""regime"":""rectangular""}",0.0038996474417952887,0.0038996095273286357,3.7914466653223717e-08,True,0.02,rectangular,,-2.1593571375433385e-07,,False,True,False,0.1,-3902.748396421988,0.9996791940083959,0.9996791940083959,,0.0032189988716036337,0.006437997743207267,0.01776219933327007,0.010619767973282507,12.5,,3.0,True,nan,[],,37244.33839995339,18622.169199976695,,1.0919554693421736,567.7163670737909,4.874559302244111e-10,4.874511909160794e-10,4.739308331652964e-15,,0.028377280603824672,1000000000.0,1000000000.0,,False,0.0032189988716036337,,ingan_gan_planar,3.778979081712954e-10,[A/E/DR] evaluator output; Taylor et al. 2010 Q=167 [V] where used,,283772806.0382467,10.0,rectangular,80000000.0,0.9090917126070762,S062,sensitivity,,tau_cap_scales_with_density,nan,nan,nan,nan,nan,,nan,nan,nan,0.0038996474417952887,,,100.0,True,,0.004289608394528153,0.02,True,0.25
2.1839109384684114,16.77901297723189,3.2990903062951293,2.7589632742588286,75.99088773175333,12.817413071999999,2000.0,5.702752350196195e-07,4.769098237579364e-07,300.0,300.0000006829321,,2.3868912982517547,,0.01374222207633541,,0.0,,"{""comparison"":false,""inputs"":{""Q"":2000.0,""T_hs"":300.0,""current_uA"":0.02,""height_nm"":3.0,""n_dot_cm2"":1000000000.0,""radius_nm"":10.0,""tau_cap_scales_with_density"":true,""x_in"":0.25},""regime"":""deterministic_pair""}",0.13742222076335409,0.13742222076335409,0.0,True,0.02,deterministic_pair,,-2.1593571375433385e-07,,False,True,False,0.1,-3902.748396421988,0.17355371900826455,0.17355371900826455,,0.0032189988716036337,0.006437997743207267,0.01776219933327007,0.010619767973282507,12.5,False,3.0,True,0.0,[],,37244.33839995339,18622.169199976695,,1.0919554693421736,567.7163670737909,1.717777759541926e-08,1.717777759541926e-08,0.0,,0.028377280603824672,1000000000.0,1000000000.0,True,False,0.0032189988716036337,True,ingan_gan_planar,3.778979081712954e-10,[A/E/DR] evaluator output; Taylor et al. 2010 Q=167 [V] where used,,283772806.0382467,10.0,deterministic_pair,80000000.0,0.9090909090909091,S063,sensitivity,,tau_cap_scales_with_density,5.285087763377385e-18,1.1726382211781896,30.31504311247509,38.74045864977526,18921161667.91825,False,1.0,0.5863191105890947,5.0,0.13742222076335409,,,100.0,True,,0.1511644428396895,0.02,True,0.25
2.208920822280462,16.79288759736658,5.8364219775562285,3.0772636451059063,75.99088773175333,12.817413071999999,2000.0,8.228798158372609e-06,4.338665028080205e-06,230.0,230.00000068065262,,2.452810661041165,,0.012823574184789119,,nan,,"{""comparison"":false,""inputs"":{""Q"":2000.0,""T_hs"":230.0,""current_uA"":0.02,""height_nm"":3.0,""radius_nm"":10.0,""tau_rad0_ns"":0.2,""x_in"":0.25},""regime"":""rectangular""}",0.12823648900167722,0.1282357418478912,7.471537860411744e-07,True,0.02,rectangular,,-2.0720181126421267e-07,,False,True,False,0.1,-3901.8335667870415,0.9989011946070923,0.9989011946070923,,0.016509658149824642,0.033019316299649284,0.10160914163516363,0.09635733166757685,12.5,,3.0,True,nan,[],,23419.346764388178,11709.673382194089,,1.1044604112438319,561.2885584192206,1.6029561125209652e-08,1.6029467730986397e-08,9.33942232551468e-14,,0.030913554064414085,,10000000000.0,,False,0.003301931629964929,,ingan_gan_planar,3.884081592483214e-10,[A/E/DR] evaluator output; Taylor et al. 2010 Q=167 [V] where used,,309135540.64414084,10.0,rectangular,80000000.0,0.9090913906097028,S064,sensitivity,,tau_rad0_ns,nan,nan,nan,nan,nan,,nan,nan,nan,0.12823648900167722,,,10.0,,0.2,0.14106006318646633,0.02,True,0.25
2.208920822280462,16.79288759736658,5.8364219775562285,3.0772636451059063,75.99088773175333,12.817413071999999,2000.0,8.228798158372609e-06,4.338665028080205e-06,230.0,230.00000068065262,,2.452810661041165,,0.41483138474377135,,0.0,,"{""comparison"":false,""inputs"":{""Q"":2000.0,""T_hs"":230.0,""current_uA"":0.02,""height_nm"":3.0,""radius_nm"":10.0,""tau_rad0_ns"":0.2,""x_in"":0.25},""regime"":""deterministic_pair""}",4.148313847437714,4.148313847437714,0.0,True,0.02,deterministic_pair,,-2.0720181126421267e-07,,False,True,False,0.1,-3901.8335667870415,0.17355371900826455,0.17355371900826455,,0.016509658149824642,0.033019316299649284,0.10160914163516363,0.09635733166757685,12.5,False,3.0,True,0.0,[],,23419.346764388178,11709.673382194089,,1.1044604112438319,561.2885584192206,5.185392309297142e-07,5.185392309297142e-07,0.0,,0.030913554064414085,,10000000000.0,True,False,0.003301931629964929,True,ingan_gan_planar,3.884081592483214e-10,[A/E/DR] evaluator output; Taylor et al. 2010 Q=167 [V] where used,,309135540.64414084,10.0,deterministic_pair,80000000.0,0.9090909090909091,S065,sensitivity,,tau_rad0_ns,5.285087763377385e-18,1.5295281135357035,30.31504311247509,38.74045864977526,18921161667.91825,False,1.0,0.7647640567678519,5.0,4.148313847437714,,,10.0,,0.2,4.563145232181484,0.02,True,0.25
2.1839109384684114,16.77901297723189,3.2990903062951293,2.7589632742588286,75.99088773175333,12.817413071999999,2000.0,2.851369670836061e-06,2.38454456993876e-06,300.0,300.0000006829321,,2.3868912982517547,,0.0021235420166959237,,nan,,"{""comparison"":false,""inputs"":{""Q"":2000.0,""T_hs"":300.0,""current_uA"":0.02,""height_nm"":3.0,""radius_nm"":10.0,""tau_rad0_ns"":0.2,""x_in"":0.25},""regime"":""rectangular""}",0.02123564502849369,0.021235420166959236,2.2486153445432663e-07,True,0.02,rectangular,,-2.1593571375433385e-07,,False,True,False,0.1,-3902.748396421988,0.9996791946277789,0.9996791946277789,,0.01609499435801817,0.03218998871603634,0.08881099666635035,0.05309883986641254,12.5,,3.0,True,nan,[],,37244.33839995339,18622.169199976695,,1.0919554693421736,567.7163670737909,2.6544556285617113e-09,2.6544275208699045e-09,2.810769180679083e-14,,0.030905949172482315,,10000000000.0,,False,0.0032189988716036337,,ingan_gan_planar,3.778979081712954e-10,[A/E/DR] evaluator output; Taylor et al. 2010 Q=167 [V] where used,,309059491.7248231,10.0,rectangular,80000000.0,0.9090917842051688,S066,sensitivity,,tau_rad0_ns,nan,nan,nan,nan,nan,,nan,nan,nan,0.02123564502849369,,,10.0,,0.2,0.023359187045189612,0.02,True,0.25
2.1839109384684114,16.77901297723189,3.2990903062951293,2.7589632742588286,75.99088773175333,12.817413071999999,2000.0,2.851369670836061e-06,2.38454456993876e-06,300.0,300.0000006829321,,2.3868912982517547,,0.0687109536450561,,0.0,,"{""comparison"":false,""inputs"":{""Q"":2000.0,""T_hs"":300.0,""current_uA"":0.02,""height_nm"":3.0,""radius_nm"":10.0,""tau_rad0_ns"":0.2,""x_in"":0.25},""regime"":""deterministic_pair""}",0.687109536450561,0.687109536450561,0.0,True,0.02,deterministic_pair,,-2.1593571375433385e-07,,False,True,False,0.1,-3902.748396421988,0.17355371900826455,0.17355371900826455,,0.01609499435801817,0.03218998871603634,0.08881099666635035,0.05309883986641254,12.5,False,3.0,True,0.0,[],,37244.33839995339,18622.169199976695,,1.0919554693421736,567.7163670737909,8.588869205632012e-08,8.588869205632012e-08,0.0,,0.030905949172482315,,10000000000.0,True,False,0.0032189988716036337,True,ingan_gan_planar,3.778979081712954e-10,[A/E/DR] evaluator output; Taylor et al. 2010 Q=167 [V] where used,,309059491.7248231,10.0,deterministic_pair,80000000.0,0.9090909090909091,S067,sensitivity,,tau_rad0_ns,5.285087763377385e-18,1.1726382211781896,30.31504311247509,38.74045864977526,18921161667.91825,False,1.0,0.5863191105890947,5.0,0.687109536450561,,,10.0,,0.2,0.7558204900956171,0.02,True,0.25
2.208920822280462,16.79288759736658,5.8364219775562285,3.0772636451059063,75.99088773175333,12.817413071999999,2000.0,1.6457704658449049e-06,8.677360174687711e-07,230.0,230.00000068065262,,2.452810661041165,,0.002564731720241043,,nan,,"{""comparison"":false,""inputs"":{""Q"":2000.0,""T_hs"":230.0,""current_uA"":0.02,""height_nm"":3.0,""radius_nm"":10.0,""tau_rad0_ns"":1.0,""x_in"":0.25},""regime"":""rectangular""}",0.02564746663466914,0.025647317202410428,1.4943225871177673e-07,True,0.02,rectangular,,-2.0720181126421267e-07,,False,True,False,0.1,-3901.8335667870415,0.9989011864102583,0.9989011864102583,,0.003301931629964929,0.006603863259929858,0.020321828327032727,0.019271466333515373,12.5,,3.0,True,nan,[],,23419.346764388178,11709.673382194089,,1.1044604112438319,561.2885584192206,3.2059333293336424e-09,3.2059146503013034e-09,1.8679032338972092e-14,,0.030913554064414085,,10000000000.0,,False,0.003301931629964929,,ingan_gan_planar,3.884081592483214e-10,[A/E/DR] evaluator output; Taylor et al. 2010 Q=167 [V] where used,,309135540.64414084,10.0,rectangular,80000000.0,0.9090913906113713,S068,sensitivity,,tau_rad0_ns,nan,nan,nan,nan,nan,,nan,nan,nan,0.02564746663466914,,,10.0,,1.0,0.028212198354910182,0.02,True,0.25
2.208920822280462,16.79288759736658,5.8364219775562285,3.0772636451059063,75.99088773175333,12.817413071999999,2000.0,1.6457704658449049e-06,8.677360174687711e-07,230.0,230.00000068065262,,2.452810661041165,,0.08296682312254733,,0.0,,"{""comparison"":false,""inputs"":{""Q"":2000.0,""T_hs"":230.0,""current_uA"":0.02,""height_nm"":3.0,""radius_nm"":10.0,""tau_rad0_ns"":1.0,""x_in"":0.25},""regime"":""deterministic_pair""}",0.8296682312254734,0.8296682312254734,0.0,True,0.02,deterministic_pair,,-2.0720181126421267e-07,,False,True,False,0.1,-3901.8335667870415,0.17355371900826455,0.17355371900826455,,0.003301931629964929,0.006603863259929858,0.020321828327032727,0.019271466333515373,12.5,False,3.0,True,0.0,[],,23419.346764388178,11709.673382194089,,1.1044604112438319,561.2885584192206,1.0370852890318417e-07,1.0370852890318417e-07,0.0,,0.030913554064414085,,10000000000.0,True,False,0.003301931629964929,True,ingan_gan_planar,3.884081592483214e-10,[A/E/DR] evaluator output; Taylor et al. 2010 Q=167 [V] where used,,309135540.64414084,10.0,deterministic_pair,80000000.0,0.9090909090909091,S069,sensitivity,,tau_rad0_ns,5.285087763377385e-18,1.5295281135357035,30.31504311247509,38.74045864977526,18921161667.91825,False,1.0,0.7647640567678519,5.0,0.8296682312254734,,,10.0,,1.0,0.9126350543480207,0.02,True,0.25
2.1839109384684114,16.77901297723189,3.2990903062951293,2.7589632742588286,75.99088773175333,12.817413071999999,2000.0,5.702752350196195e-07,4.769098237579364e-07,300.0,300.0000006829321,,2.3868912982517547,,0.00042470937212596974,,nan,,"{""comparison"":false,""inputs"":{""Q"":2000.0,""T_hs"":300.0,""current_uA"":0.02,""height_nm"":3.0,""radius_nm"":10.0,""tau_rad0_ns"":1.0,""x_in"":0.25},""regime"":""rectangular""}",0.004247138693754914,0.0042470937212596965,4.497249521672975e-08,True,0.02,rectangular,,-2.1593571375433385e-07,,False,True,False,0.1,-3902.748396421988,0.9996791936846767,0.9996791936846767,,0.0032189988716036337,0.006437997743207267,0.01776219933327007,0.010619767973282507,12.5,,3.0,True,nan,[],,37244.33839995339,18622.169199976695,,1.0919554693421736,567.7163670737909,5.308923367193642e-10,5.308867151574621e-10,5.6215619020912184e-15,,0.030905949172482315,,10000000000.0,,False,0.0032189988716036337,,ingan_gan_planar,3.778979081712954e-10,[A/E/DR] evaluator output; Taylor et al. 2010 Q=167 [V] where used,,309059491.7248231,10.0,rectangular,80000000.0,0.9090917842068371,S070,sensitivity,,tau_rad0_ns,nan,nan,nan,nan,nan,,nan,nan,nan,0.004247138693754914,,,10.0,,1.0,0.004671848065880883,0.02,True,0.25
2.1839109384684114,16.77901297723189,3.2990903062951293,2.7589632742588286,75.99088773175333,12.817413071999999,2000.0,5.702752350196195e-07,4.769098237579364e-07,300.0,300.0000006829321,,2.3868912982517547,,0.01374222207633541,,0.0,,"{""comparison"":false,""inputs"":{""Q"":2000.0,""T_hs"":300.0,""current_uA"":0.02,""height_nm"":3.0,""radius_nm"":10.0,""tau_rad0_ns"":1.0,""x_in"":0.25},""regime"":""deterministic_pair""}",0.13742222076335409,0.13742222076335409,0.0,True,0.02,deterministic_pair,,-2.1593571375433385e-07,,False,True,False,0.1,-3902.748396421988,0.17355371900826455,0.17355371900826455,,0.0032189988716036337,0.006437997743207267,0.01776219933327007,0.010619767973282507,12.5,False,3.0,True,0.0,[],,37244.33839995339,18622.169199976695,,1.0919554693421736,567.7163670737909,1.717777759541926e-08,1.717777759541926e-08,0.0,,0.030905949172482315,,10000000000.0,True,False,0.0032189988716036337,True,ingan_gan_planar,3.778979081712954e-10,[A/E/DR] evaluator output; Taylor et al. 2010 Q=167 [V] where used,,309059491.7248231,10.0,deterministic_pair,80000000.0,0.9090909090909091,S071,sensitivity,,tau_rad0_ns,5.285087763377385e-18,1.1726382211781896,30.31504311247509,38.74045864977526,18921161667.91825,False,1.0,0.5863191105890947,5.0,0.13742222076335409,,,10.0,,1.0,0.1511644428396895,0.02,True,0.25
2.208920822280462,16.79288759736658,5.8364219775562285,3.0772636451059063,75.99088773175333,12.817413071999999,2000.0,4.11443124316933e-07,2.169341455483714e-07,230.0,230.00000068065262,,2.452810661041165,,0.0006411837214702632,,nan,,"{""comparison"":false,""inputs"":{""Q"":2000.0,""T_hs"":230.0,""current_uA"":0.02,""height_nm"":3.0,""radius_nm"":10.0,""tau_rad0_ns"":4.0,""x_in"":0.25},""regime"":""rectangular""}",0.006411874572837695,0.0064118372147026325,3.7358135062742506e-08,True,0.02,rectangular,,-2.0720181126421267e-07,,False,True,False,0.1,-3901.8335667870415,0.9989011848734489,0.9989011848734489,,0.0008254829074912322,0.0016509658149824644,0.005080457081758182,0.004817866583378843,12.5,,3.0,True,nan,[],,23419.346764388178,11709.673382194089,,1.1044604112438319,561.2885584192206,8.014843216047119e-10,8.014796518378291e-10,4.669766882842813e-15,,0.030913554064414085,,10000000000.0,,False,0.003301931629964929,,ingan_gan_planar,3.884081592483214e-10,[A/E/DR] evaluator output; Taylor et al. 2010 Q=167 [V] where used,,309135540.64414084,10.0,rectangular,80000000.0,0.9090913906116842,S072,sensitivity,,tau_rad0_ns,nan,nan,nan,nan,nan,,nan,nan,nan,0.006411874572837695,,,10.0,,4.0,0.007053058294307959,0.02,True,0.25
2.208920822280462,16.79288759736658,5.8364219775562285,3.0772636451059063,75.99088773175333,12.817413071999999,2000.0,4.11443124316933e-07,2.169341455483714e-07,230.0,230.00000068065262,,2.452810661041165,,0.02074173138273353,,0.0,,"{""comparison"":false,""inputs"":{""Q"":2000.0,""T_hs"":230.0,""current_uA"":0.02,""height_nm"":3.0,""radius_nm"":10.0,""tau_rad0_ns"":4.0,""x_in"":0.25},""regime"":""deterministic_pair""}",0.2074173138273353,0.2074173138273353,0.0,True,0.02,deterministic_pair,,-2.0720181126421267e-07,,False,True,False,0.1,-3901.8335667870415,0.17355371900826433,0.17355371900826433,,0.0008254829074912322,0.0016509658149824644,0.005080457081758182,0.004817866583378843,12.5,False,3.0,True,0.0,[],,23419.346764388178,11709.673382194089,,1.1044604112438319,561.2885584192206,2.592716422841691e-08,2.592716422841691e-08,0.0,,0.030913554064414085,,10000000000.0,True,False,0.003301931629964929,True,ingan_gan_planar,3.884081592483214e-10,[A/E/DR] evaluator output; Taylor et al. 2010 Q=167 [V] where used,,309135540.64414084,10.0,deterministic_pair,80000000.0,0.9090909090909092,S073,sensitivity,,tau_rad0_ns,5.285087763377385e-18,1.5295281135357035,30.31504311247509,38.74045864977526,18921161667.91825,False,1.0,0.7647640567678519,5.0,0.2074173138273353,,,10.0,,4.0,0.22815904521006883,0.02,True,0.25
2.1839109384684114,16.77901297723189,3.2990903062951293,2.7589632742588286,75.99088773175333,12.817413071999999,2000.0,1.4256886973252665e-07,1.1922749858505812e-07,300.0,300.0000006829321,,2.3868912982517547,,0.00010617738844346839,,nan,,"{""comparison"":false,""inputs"":{""Q"":2000.0,""T_hs"":300.0,""current_uA"":0.02,""height_nm"":3.0,""radius_nm"":10.0,""tau_rad0_ns"":4.0,""x_in"":0.25},""regime"":""rectangular""}",0.0010617851275673154,0.001061773884434684,1.1243132631440344e-08,True,0.02,rectangular,,-2.1593571375433385e-07,,False,True,False,0.1,-3902.748396421988,0.9996791935080606,0.9996791935080606,,0.0008047497179009084,0.0016094994358018169,0.004440549833317518,0.0026549419933206268,12.5,,3.0,True,nan,[],,37244.33839995339,18622.169199976695,,1.0919554693421736,567.7163670737909,1.3272314094591441e-10,1.3272173555433548e-10,1.405391578930043e-15,,0.030905949172482315,,10000000000.0,,False,0.0032189988716036337,,ingan_gan_planar,3.778979081712954e-10,[A/E/DR] evaluator output; Taylor et al. 2010 Q=167 [V] where used,,309059491.7248231,10.0,rectangular,80000000.0,0.90909178420715,S074,sensitivity,,tau_rad0_ns,nan,nan,nan,nan,nan,,nan,nan,nan,0.0010617851275673154,,,10.0,,4.0,0.0011679625160107838,0.02,True,0.25
2.1839109384684114,16.77901297723189,3.2990903062951293,2.7589632742588286,75.99088773175333,12.817413071999999,2000.0,1.4256886973252665e-07,1.1922749858505812e-07,300.0,300.0000006829321,,2.3868912982517547,,0.0034355569884936543,,0.0,,"{""comparison"":false,""inputs"":{""Q"":2000.0,""T_hs"":300.0,""current_uA"":0.02,""height_nm"":3.0,""radius_nm"":10.0,""tau_rad0_ns"":4.0,""x_in"":0.25},""regime"":""deterministic_pair""}",0.03435556988493654,0.03435556988493654,0.0,True,0.02,deterministic_pair,,-2.1593571375433385e-07,,False,True,False,0.1,-3902.748396421988,0.17355371900826455,0.17355371900826455,,0.0008047497179009084,0.0016094994358018169,0.004440549833317518,0.0026549419933206268,12.5,False,3.0,True,0.0,[],,37244.33839995339,18622.169199976695,,1.0919554693421736,567.7163670737909,4.294446235617067e-09,4.294446235617067e-09,0.0,,0.030905949172482315,,10000000000.0,True,False,0.0032189988716036337,True,ingan_gan_planar,3.778979081712954e-10,[A/E/DR] evaluator output; Taylor et al. 2010 Q=167 [V] where used,,309059491.7248231,10.0,deterministic_pair,80000000.0,0.9090909090909091,S075,sensitivity,,tau_rad0_ns,5.285087763377385e-18,1.1726382211781896,30.31504311247509,38.74045864977526,18921161667.91825,False,1.0,0.5863191105890947,5.0,0.03435556988493654,,,10.0,,4.0,0.0377911268734302,0.02,True,0.25
2.208920822280462,16.79288759736658,5.8364219775562285,3.0772636451059063,75.99088773175333,12.817413071999999,2000.0,1.6457704658449049e-06,8.677360174687711e-07,230.0,230.00000068065262,,2.452810661041165,,0.002564731720241043,,nan,,"{""comparison"":false,""inputs"":{""Q"":2000.0,""T_hs"":230.0,""current_uA"":0.02,""height_nm"":3.0,""k_nr_ns"":0.0,""radius_nm"":10.0,""x_in"":0.25},""regime"":""rectangular""}",0.02564746663466914,0.025647317202410428,1.4943225871177673e-07,True,0.02,rectangular,,-2.0720181126421267e-07,,False,True,False,0.1,-3901.8335667870415,0.9989011864102583,0.9989011864102583,,0.003301931629964929,0.006603863259929858,0.020321828327032727,0.019271466333515373,12.5,,3.0,True,nan,[],,23419.346764388178,11709.673382194089,0.0,1.1044604112438319,561.2885584192206,3.2059333293336424e-09,3.2059146503013034e-09,1.8679032338972092e-14,,0.030913554064414085,,10000000000.0,,False,0.003301931629964929,,ingan_gan_planar,3.884081592483214e-10,[A/E/DR] evaluator output; Taylor et al. 2010 Q=167 [V] where used,,309135540.64414084,10.0,rectangular,80000000.0,0.9090913906113713,S076,sensitivity,,k_nr_ns,nan,nan,nan,nan,nan,,nan,nan,nan,0.02564746663466914,,,10.0,,,0.028212198354910182,0.02,True,0.25
2.208920822280462,16.79288759736658,5.8364219775562285,3.0772636451059063,75.99088773175333,12.817413071999999,2000.0,1.6457704658449049e-06,8.677360174687711e-07,230.0,230.00000068065262,,2.452810661041165,,0.08296682312254733,,0.0,,"{""comparison"":false,""inputs"":{""Q"":2000.0,""T_hs"":230.0,""current_uA"":0.02,""height_nm"":3.0,""k_nr_ns"":0.0,""radius_nm"":10.0,""x_in"":0.25},""regime"":""deterministic_pair""}",0.8296682312254734,0.8296682312254734,0.0,True,0.02,deterministic_pair,,-2.0720181126421267e-07,,False,True,False,0.1,-3901.8335667870415,0.17355371900826455,0.17355371900826455,,0.003301931629964929,0.006603863259929858,0.020321828327032727,0.019271466333515373,12.5,False,3.0,True,0.0,[],,23419.346764388178,11709.673382194089,0.0,1.1044604112438319,561.2885584192206,1.0370852890318417e-07,1.0370852890318417e-07,0.0,,0.030913554064414085,,10000000000.0,True,False,0.003301931629964929,True,ingan_gan_planar,3.884081592483214e-10,[A/E/DR] evaluator output; Taylor et al. 2010 Q=167 [V] where used,,309135540.64414084,10.0,deterministic_pair,80000000.0,0.9090909090909091,S077,sensitivity,,k_nr_ns,5.285087763377385e-18,1.5295281135357035,30.31504311247509,38.74045864977526,18921161667.91825,False,1.0,0.7647640567678519,5.0,0.8296682312254734,,,10.0,,,0.9126350543480207,0.02,True,0.25
2.1839109384684114,16.77901297723189,3.2990903062951293,2.7589632742588286,75.99088773175333,12.817413071999999,2000.0,5.702752350196195e-07,4.769098237579364e-07,300.0,300.0000006829321,,2.3868912982517547,,0.00042470937212596974,,nan,,"{""comparison"":false,""inputs"":{""Q"":2000.0,""T_hs"":300.0,""current_uA"":0.02,""height_nm"":3.0,""k_nr_ns"":0.0,""radius_nm"":10.0,""x_in"":0.25},""regime"":""rectangular""}",0.004247138693754914,0.0042470937212596965,4.497249521672975e-08,True,0.02,rectangular,,-2.1593571375433385e-07,,False,True,False,0.1,-3902.748396421988,0.9996791936846767,0.9996791936846767,,0.0032189988716036337,0.006437997743207267,0.01776219933327007,0.010619767973282507,12.5,,3.0,True,nan,[],,37244.33839995339,18622.169199976695,0.0,1.0919554693421736,567.7163670737909,5.308923367193642e-10,5.308867151574621e-10,5.6215619020912184e-15,,0.030905949172482315,,10000000000.0,,False,0.0032189988716036337,,ingan_gan_planar,3.778979081712954e-10,[A/E/DR] evaluator output; Taylor et al. 2010 Q=167 [V] where used,,309059491.7248231,10.0,rectangular,80000000.0,0.9090917842068371,S078,sensitivity,,k_nr_ns,nan,nan,nan,nan,nan,,nan,nan,nan,0.004247138693754914,,,10.0,,,0.004671848065880883,0.02,True,0.25
2.1839109384684114,16.77901297723189,3.2990903062951293,2.7589632742588286,75.99088773175333,12.817413071999999,2000.0,5.702752350196195e-07,4.769098237579364e-07,300.0,300.0000006829321,,2.3868912982517547,,0.01374222207633541,,0.0,,"{""comparison"":false,""inputs"":{""Q"":2000.0,""T_hs"":300.0,""current_uA"":0.02,""height_nm"":3.0,""k_nr_ns"":0.0,""radius_nm"":10.0,""x_in"":0.25},""regime"":""deterministic_pair""}",0.13742222076335409,0.13742222076335409,0.0,True,0.02,deterministic_pair,,-2.1593571375433385e-07,,False,True,False,0.1,-3902.748396421988,0.17355371900826455,0.17355371900826455,,0.0032189988716036337,0.006437997743207267,0.01776219933327007,0.010619767973282507,12.5,False,3.0,True,0.0,[],,37244.33839995339,18622.169199976695,0.0,1.0919554693421736,567.7163670737909,1.717777759541926e-08,1.717777759541926e-08,0.0,,0.030905949172482315,,10000000000.0,True,False,0.0032189988716036337,True,ingan_gan_planar,3.778979081712954e-10,[A/E/DR] evaluator output; Taylor et al. 2010 Q=167 [V] where used,,309059491.7248231,10.0,deterministic_pair,80000000.0,0.9090909090909091,S079,sensitivity,,k_nr_ns,5.285087763377385e-18,1.1726382211781896,30.31504311247509,38.74045864977526,18921161667.91825,False,1.0,0.5863191105890947,5.0,0.13742222076335409,,,10.0,,,0.1511644428396895,0.02,True,0.25
2.208920822280462,16.79288759736658,5.8364219775562285,3.0772636451059063,75.99088773175333,12.817413071999999,2000.0,1.6456299301383913e-06,8.676619196576335e-07,230.0,230.00000068065262,,2.452810661041165,,0.002564512718324372,,nan,,"{""comparison"":false,""inputs"":{""Q"":2000.0,""T_hs"":230.0,""current_uA"":0.02,""height_nm"":3.0,""k_nr_ns"":1.0,""radius_nm"":10.0,""x_in"":0.25},""regime"":""rectangular""}",0.025645276589994107,0.02564512718324372,1.4940675038736207e-07,True,0.02,rectangular,,-2.0720181126421267e-07,,False,True,False,0.1,-3901.8335667870415,0.998901280159109,0.998901280159109,,0.003301931629964929,0.006603863259929858,0.020321828327032727,0.019271466333515373,12.5,,3.0,True,nan,[],,23421.346764388178,11710.673382194089,1.0,1.1044604112438319,561.2885584192206,3.2056595737492634e-09,3.205640897905465e-09,1.8675843798420258e-14,,0.030913554064414085,,10000000000.0,,False,0.003301931629964929,,ingan_gan_planar,3.884081592483214e-10,[A/E/DR] evaluator output; Taylor et al. 2010 Q=167 [V] where used,,309135540.64414084,10.0,rectangular,80000000.0,0.9090913905702886,S080,sensitivity,,k_nr_ns,nan,nan,nan,nan,nan,,nan,nan,nan,0.025645276589994107,,,10.0,,,0.028209789308318477,0.02,True,0.25
2.208920822280462,16.79288759736658,5.8364219775562285,3.0772636451059063,75.99088773175333,12.817413071999999,2000.0,1.6456299301383913e-06,8.676619196576335e-07,230.0,230.00000068065262,,2.452810661041165,,0.08295973841581168,,0.0,,"{""comparison"":false,""inputs"":{""Q"":2000.0,""T_hs"":230.0,""current_uA"":0.02,""height_nm"":3.0,""k_nr_ns"":1.0,""radius_nm"":10.0,""x_in"":0.25},""regime"":""deterministic_pair""}",0.8295973841581169,0.8295973841581169,0.0,True,0.02,deterministic_pair,,-2.0720181126421267e-07,,False,True,False,0.1,-3901.8335667870415,0.17355371900826455,0.17355371900826455,,0.003301931629964929,0.006603863259929858,0.020321828327032727,0.019271466333515373,12.5,False,3.0,True,0.0,[],,23421.346764388178,11710.673382194089,1.0,1.1044604112438319,561.2885584192206,1.036996730197646e-07,1.036996730197646e-07,0.0,,0.030913554064414085,,10000000000.0,True,False,0.003301931629964929,True,ingan_gan_planar,3.884081592483214e-10,[A/E/DR] evaluator output; Taylor et al. 2010 Q=167 [V] where used,,309135540.64414084,10.0,deterministic_pair,80000000.0,0.9090909090909091,S081,sensitivity,,k_nr_ns,5.285087763377385e-18,1.5295281135357035,30.31504311247509,38.74045864977526,18921161667.91825,False,1.0,0.7647640567678519,5.0,0.8295973841581169,,,10.0,,,0.9125571225739286,0.02,True,0.25
2.1839109384684114,16.77901297723189,3.2990903062951293,2.7589632742588286,75.99088773175333,12.817413071999999,2000.0,5.702446132224538e-07,4.768842153563155e-07,300.0,300.0000006829321,,2.3868912982517547,,0.0004246865670874767,,nan,,"{""comparison"":false,""inputs"":{""Q"":2000.0,""T_hs"":300.0,""current_uA"":0.02,""height_nm"":3.0,""k_nr_ns"":1.0,""radius_nm"":10.0,""x_in"":0.25},""regime"":""rectangular""}",0.0042469106385417165,0.004246865670874767,4.496766694860503e-08,True,0.02,rectangular,,-2.1593571375433385e-07,,False,True,False,0.1,-3902.748396421988,0.9996792109019386,0.9996792109019386,,0.0032189988716036337,0.006437997743207267,0.01776219933327007,0.010619767973282507,12.5,,3.0,True,nan,[],,37246.33839995339,18623.169199976695,1.0,1.0919554693421736,567.7163670737909,5.308638298177145e-10,5.308582088593459e-10,5.620958368575628e-15,,0.030905949172482315,,10000000000.0,,False,0.0032189988716036337,,ingan_gan_planar,3.778979081712954e-10,[A/E/DR] evaluator output; Taylor et al. 2010 Q=167 [V] where used,,309059491.7248231,10.0,rectangular,80000000.0,0.9090917841598721,S082,sensitivity,,k_nr_ns,nan,nan,nan,nan,nan,,nan,nan,nan,0.0042469106385417165,,,10.0,,,0.004671597205629193,0.02,True,0.25
2.1839109384684114,16.77901297723189,3.2990903062951293,2.7589632742588286,75.99088773175333,12.817413071999999,2000.0,5.702446132224538e-07,4.768842153563155e-07,300.0,300.0000006829321,,2.3868912982517547,,0.013741484166794216,,0.0,,"{""comparison"":false,""inputs"":{""Q"":2000.0,""T_hs"":300.0,""current_uA"":0.02,""height_nm"":3.0,""k_nr_ns"":1.0,""radius_nm"":10.0,""x_in"":0.25},""regime"":""deterministic_pair""}",0.13741484166794216,0.13741484166794216,0.0,True,0.02,deterministic_pair,,-2.1593571375433385e-07,,False,True,False,0.1,-3902.748396421988,0.17355371900826433,0.17355371900826433,,0.0032189988716036337,0.006437997743207267,0.01776219933327007,0.010619767973282507,12.5,False,3.0,True,0.0,[],,37246.33839995339,18623.169199976695,1.0,1.0919554693421736,567.7163670737909,1.7176855208492768e-08,1.7176855208492768e-08,0.0,,0.030905949172482315,,10000000000.0,True,False,0.0032189988716036337,True,ingan_gan_planar,3.778979081712954e-10,[A/E/DR] evaluator output; Taylor et al. 2010 Q=167 [V] where used,,309059491.7248231,10.0,deterministic_pair,80000000.0,0.9090909090909092,S083,sensitivity,,k_nr_ns,5.285087763377385e-18,1.1726382211781896,30.31504311247509,38.74045864977526,18921161667.91825,False,1.0,0.5863191105890947,5.0,0.13741484166794216,,,10.0,,,0.15115632583473637,0.02,True,0.25
2.208920822280462,16.79288759736658,5.8364219775562285,3.0772636451059063,75.99088773175333,12.817413071999999,2000.0,1.6457704658449049e-06,8.677360174687711e-07,230.0,230.00000068065262,,2.452810661041165,,0.002564731720241043,0.0,nan,,"{""comparison"":false,""inputs"":{""Q"":2000.0,""T_hs"":230.0,""background_tau_ns"":0.0,""current_uA"":0.02,""height_nm"":3.0,""radius_nm"":10.0,""x_in"":0.25},""regime"":""rectangular""}",0.02564746663466914,0.025647317202410428,1.4943225871177673e-07,True,0.02,rectangular,,-2.0720181126421267e-07,,False,True,False,0.1,-3901.8335667870415,0.9989011864102583,0.9989011864102583,,0.003301931629964929,0.006603863259929858,0.020321828327032727,0.019271466333515373,12.5,,3.0,True,nan,[],,23419.346764388178,11709.673382194089,,1.1044604112438319,561.2885584192206,3.2059333293336424e-09,3.2059146503013034e-09,1.8679032338972092e-14,,0.030913554064414085,,10000000000.0,,False,0.003301931629964929,,ingan_gan_planar,3.884081592483214e-10,[A/E/DR] evaluator output; Taylor et al. 2010 Q=167 [V] where used,,309135540.64414084,10.0,rectangular,80000000.0,0.9090913906113713,S084,sensitivity,,background_tau_ns,nan,nan,nan,nan,nan,,nan,nan,nan,0.02564746663466914,,,10.0,,,0.028212198354910182,0.02,True,0.25
2.208920822280462,16.79288759736658,5.8364219775562285,3.0772636451059063,75.99088773175333,12.817413071999999,2000.0,1.6457704658449049e-06,8.677360174687711e-07,230.0,230.00000068065262,,2.452810661041165,,0.08296682312254733,0.0,0.0,,"{""comparison"":false,""inputs"":{""Q"":2000.0,""T_hs"":230.0,""background_tau_ns"":0.0,""current_uA"":0.02,""height_nm"":3.0,""radius_nm"":10.0,""x_in"":0.25},""regime"":""deterministic_pair""}",0.8296682312254734,0.8296682312254734,0.0,True,0.02,deterministic_pair,,-2.0720181126421267e-07,,False,True,False,0.1,-3901.8335667870415,0.17355371900826455,0.17355371900826455,,0.003301931629964929,0.006603863259929858,0.020321828327032727,0.019271466333515373,12.5,False,3.0,True,0.0,[],,23419.346764388178,11709.673382194089,,1.1044604112438319,561.2885584192206,1.0370852890318417e-07,1.0370852890318417e-07,0.0,,0.030913554064414085,,10000000000.0,True,False,0.003301931629964929,True,ingan_gan_planar,3.884081592483214e-10,[A/E/DR] evaluator output; Taylor et al. 2010 Q=167 [V] where used,,309135540.64414084,10.0,deterministic_pair,80000000.0,0.9090909090909091,S085,sensitivity,,background_tau_ns,5.285087763377385e-18,1.5295281135357035,30.31504311247509,38.74045864977526,18921161667.91825,False,1.0,0.7647640567678519,5.0,0.8296682312254734,,,10.0,,,0.9126350543480207,0.02,True,0.25
2.1839109384684114,16.77901297723189,3.2990903062951293,2.7589632742588286,75.99088773175333,12.817413071999999,2000.0,5.702752350196195e-07,4.769098237579364e-07,300.0,300.0000006829321,,2.3868912982517547,,0.00042470937212596974,0.0,nan,,"{""comparison"":false,""inputs"":{""Q"":2000.0,""T_hs"":300.0,""background_tau_ns"":0.0,""current_uA"":0.02,""height_nm"":3.0,""radius_nm"":10.0,""x_in"":0.25},""regime"":""rectangular""}",0.004247138693754914,0.0042470937212596965,4.497249521672975e-08,True,0.02,rectangular,,-2.1593571375433385e-07,,False,True,False,0.1,-3902.748396421988,0.9996791936846767,0.9996791936846767,,0.0032189988716036337,0.006437997743207267,0.01776219933327007,0.010619767973282507,12.5,,3.0,True,nan,[],,37244.33839995339,18622.169199976695,,1.0919554693421736,567.7163670737909,5.308923367193642e-10,5.308867151574621e-10,5.6215619020912184e-15,,0.030905949172482315,,10000000000.0,,False,0.0032189988716036337,,ingan_gan_planar,3.778979081712954e-10,[A/E/DR] evaluator output; Taylor et al. 2010 Q=167 [V] where used,,309059491.7248231,10.0,rectangular,80000000.0,0.9090917842068371,S086,sensitivity,,background_tau_ns,nan,nan,nan,nan,nan,,nan,nan,nan,0.004247138693754914,,,10.0,,,0.004671848065880883,0.02,True,0.25
2.1839109384684114,16.77901297723189,3.2990903062951293,2.7589632742588286,75.99088773175333,12.817413071999999,2000.0,5.702752350196195e-07,4.769098237579364e-07,300.0,300.0000006829321,,2.3868912982517547,,0.01374222207633541,0.0,0.0,,"{""comparison"":false,""inputs"":{""Q"":2000.0,""T_hs"":300.0,""background_tau_ns"":0.0,""current_uA"":0.02,""height_nm"":3.0,""radius_nm"":10.0,""x_in"":0.25},""regime"":""deterministic_pair""}",0.13742222076335409,0.13742222076335409,0.0,True,0.02,deterministic_pair,,-2.1593571375433385e-07,,False,True,False,0.1,-3902.748396421988,0.17355371900826455,0.17355371900826455,,0.0032189988716036337,0.006437997743207267,0.01776219933327007,0.010619767973282507,12.5,False,3.0,True,0.0,[],,37244.33839995339,18622.169199976695,,1.0919554693421736,567.7163670737909,1.717777759541926e-08,1.717777759541926e-08,0.0,,0.030905949172482315,,10000000000.0,True,False,0.0032189988716036337,True,ingan_gan_planar,3.778979081712954e-10,[A/E/DR] evaluator output; Taylor et al. 2010 Q=167 [V] where used,,309059491.7248231,10.0,deterministic_pair,80000000.0,0.9090909090909091,S087,sensitivity,,background_tau_ns,5.285087763377385e-18,1.1726382211781896,30.31504311247509,38.74045864977526,18921161667.91825,False,1.0,0.5863191105890947,5.0,0.13742222076335409,,,10.0,,,0.1511644428396895,0.02,True,0.25
2.208920822280462,16.79288759736658,5.8364219775562285,3.0772636451059063,75.99088773175333,12.817413071999999,2000.0,1.6457704658449049e-06,8.677360174687711e-07,230.0,230.00000068065262,,2.452810661041165,,0.002564731720241043,1.0,nan,,"{""comparison"":false,""inputs"":{""Q"":2000.0,""T_hs"":230.0,""background_tau_ns"":1.0,""current_uA"":0.02,""height_nm"":3.0,""radius_nm"":10.0,""x_in"":0.25},""regime"":""rectangular""}",0.02564746663466914,0.025647317202410428,1.4943225871177673e-07,True,0.02,rectangular,,-2.0720181126421267e-07,,False,True,False,0.1,-3901.8335667870415,0.9989011864102583,0.9989011864102583,,0.003301931629964929,0.006603863259929858,0.020321828327032727,0.019271466333515373,12.5,,3.0,True,nan,[],,23419.346764388178,11709.673382194089,,1.1044604112438319,561.2885584192206,3.2059333293336424e-09,3.2059146503013034e-09,1.8679032338972092e-14,,0.030913554064414085,,10000000000.0,,False,0.003301931629964929,,ingan_gan_planar,3.884081592483214e-10,[A/E/DR] evaluator output; Taylor et al. 2010 Q=167 [V] where used,,309135540.64414084,10.0,rectangular,80000000.0,0.9090913906113713,S088,sensitivity,,background_tau_ns,nan,nan,nan,nan,nan,,nan,nan,nan,0.02564746663466914,,,10.0,,,0.028212198354910182,0.02,True,0.25
2.208920822280462,16.79288759736658,5.8364219775562285,3.0772636451059063,75.99088773175333,12.817413071999999,2000.0,1.6457704658449049e-06,8.677360174687711e-07,230.0,230.00000068065262,,2.452810661041165,,0.08296682312254733,1.0,0.0,,"{""comparison"":false,""inputs"":{""Q"":2000.0,""T_hs"":230.0,""background_tau_ns"":1.0,""current_uA"":0.02,""height_nm"":3.0,""radius_nm"":10.0,""x_in"":0.25},""regime"":""deterministic_pair""}",0.8296682312254734,0.8296682312254734,0.0,True,0.02,deterministic_pair,,-2.0720181126421267e-07,,False,True,False,0.1,-3901.8335667870415,0.17355371900826455,0.17355371900826455,,0.003301931629964929,0.006603863259929858,0.020321828327032727,0.019271466333515373,12.5,False,3.0,True,0.0,[],,23419.346764388178,11709.673382194089,,1.1044604112438319,561.2885584192206,1.0370852890318417e-07,1.0370852890318417e-07,0.0,,0.030913554064414085,,10000000000.0,True,False,0.003301931629964929,True,ingan_gan_planar,3.884081592483214e-10,[A/E/DR] evaluator output; Taylor et al. 2010 Q=167 [V] where used,,309135540.64414084,10.0,deterministic_pair,80000000.0,0.9090909090909091,S089,sensitivity,,background_tau_ns,5.285087763377385e-18,1.5295281135357035,30.31504311247509,38.74045864977526,18921161667.91825,False,1.0,0.7647640567678519,5.0,0.8296682312254734,,,10.0,,,0.9126350543480207,0.02,True,0.25
2.1839109384684114,16.77901297723189,3.2990903062951293,2.7589632742588286,75.99088773175333,12.817413071999999,2000.0,5.702752350196195e-07,4.769098237579364e-07,300.0,300.0000006829321,,2.3868912982517547,,0.00042470937212596974,1.0,nan,,"{""comparison"":false,""inputs"":{""Q"":2000.0,""T_hs"":300.0,""background_tau_ns"":1.0,""current_uA"":0.02,""height_nm"":3.0,""radius_nm"":10.0,""x_in"":0.25},""regime"":""rectangular""}",0.004247138693754914,0.0042470937212596965,4.497249521672975e-08,True,0.02,rectangular,,-2.1593571375433385e-07,,False,True,False,0.1,-3902.748396421988,0.9996791936846767,0.9996791936846767,,0.0032189988716036337,0.006437997743207267,0.01776219933327007,0.010619767973282507,12.5,,3.0,True,nan,[],,37244.33839995339,18622.169199976695,,1.0919554693421736,567.7163670737909,5.308923367193642e-10,5.308867151574621e-10,5.6215619020912184e-15,,0.030905949172482315,,10000000000.0,,False,0.0032189988716036337,,ingan_gan_planar,3.778979081712954e-10,[A/E/DR] evaluator output; Taylor et al. 2010 Q=167 [V] where used,,309059491.7248231,10.0,rectangular,80000000.0,0.9090917842068371,S090,sensitivity,,background_tau_ns,nan,nan,nan,nan,nan,,nan,nan,nan,0.004247138693754914,,,10.0,,,0.004671848065880883,0.02,True,0.25
2.1839109384684114,16.77901297723189,3.2990903062951293,2.7589632742588286,75.99088773175333,12.817413071999999,2000.0,5.702752350196195e-07,4.769098237579364e-07,300.0,300.0000006829321,,2.3868912982517547,,0.01374222207633541,1.0,0.0,,"{""comparison"":false,""inputs"":{""Q"":2000.0,""T_hs"":300.0,""background_tau_ns"":1.0,""current_uA"":0.02,""height_nm"":3.0,""radius_nm"":10.0,""x_in"":0.25},""regime"":""deterministic_pair""}",0.13742222076335409,0.13742222076335409,0.0,True,0.02,deterministic_pair,,-2.1593571375433385e-07,,False,True,False,0.1,-3902.748396421988,0.17355371900826455,0.17355371900826455,,0.0032189988716036337,0.006437997743207267,0.01776219933327007,0.010619767973282507,12.5,False,3.0,True,0.0,[],,37244.33839995339,18622.169199976695,,1.0919554693421736,567.7163670737909,1.717777759541926e-08,1.717777759541926e-08,0.0,,0.030905949172482315,,10000000000.0,True,False,0.0032189988716036337,True,ingan_gan_planar,3.778979081712954e-10,[A/E/DR] evaluator output; Taylor et al. 2010 Q=167 [V] where used,,309059491.7248231,10.0,deterministic_pair,80000000.0,0.9090909090909091,S091,sensitivity,,background_tau_ns,5.285087763377385e-18,1.1726382211781896,30.31504311247509,38.74045864977526,18921161667.91825,False,1.0,0.5863191105890947,5.0,0.13742222076335409,,,10.0,,,0.1511644428396895,0.02,True,0.25
2.208920822280462,16.79288759736658,5.8364219775562285,3.0772636451059063,75.99088773175333,12.817413071999999,2000.0,1.6457704658449049e-06,8.677360174687711e-07,230.0,230.00000068065262,,2.452810661041165,0.0,1.076697107200991e-53,,nan,,"{""comparison"":false,""inputs"":{""Q"":2000.0,""T_hs"":230.0,""b_res"":0.0,""current_uA"":0.02,""height_nm"":3.0,""radius_nm"":10.0,""x_in"":0.25},""regime"":""rectangular""}",0.02564746663466914,0.025647317202410428,1.4943225871177673e-07,True,0.02,rectangular,,-2.0720181126421267e-07,,False,True,False,0.1,-3901.8335667870415,0.9986704369648789,0.9986704369648789,,0.003301931629964929,0.006603863259929858,0.020321828327032727,0.019271466333515373,12.5,,3.0,True,nan,[],,23419.346764388178,11709.673382194089,,1.1044604112438319,561.2885584192206,3.2059333293336424e-09,3.2059146503013034e-09,1.8679032338972092e-14,,0.030913554064414085,,10000000000.0,,False,0.003301931629964929,,ingan_gan_planar,3.884081592483214e-10,[A/E/DR] evaluator output; Taylor et al. 2010 Q=167 [V] where used,,309135540.64414084,10.0,rectangular,80000000.0,1.0,S092,sensitivity,,b_res,nan,nan,nan,nan,nan,,nan,nan,nan,0.02564746663466914,,,10.0,,,0.02564746663466914,0.02,True,0.25
2.208920822280462,16.79288759736658,5.8364219775562285,3.0772636451059063,75.99088773175333,12.817413071999999,2000.0,1.6457704658449049e-06,8.677360174687711e-07,230.0,230.00000068065262,,2.452810661041165,0.0,1.076697107200991e-53,,0.0,,"{""comparison"":false,""inputs"":{""Q"":2000.0,""T_hs"":230.0,""b_res"":0.0,""current_uA"":0.02,""height_nm"":3.0,""radius_nm"":10.0,""x_in"":0.25},""regime"":""deterministic_pair""}",0.8296682312254734,0.8296682312254734,0.0,True,0.02,deterministic_pair,,-2.0720181126421267e-07,,False,True,False,0.1,-3901.8335667870415,0.0,0.0,,0.003301931629964929,0.006603863259929858,0.020321828327032727,0.019271466333515373,12.5,False,3.0,True,0.0,[],,23419.346764388178,11709.673382194089,,1.1044604112438319,561.2885584192206,1.0370852890318417e-07,1.0370852890318417e-07,0.0,,0.030913554064414085,,10000000000.0,True,False,0.003301931629964929,True,ingan_gan_planar,3.884081592483214e-10,[A/E/DR] evaluator output; Taylor et al. 2010 Q=167 [V] where used,,309135540.64414084,10.0,deterministic_pair,80000000.0,1.0,S093,sensitivity,,b_res,5.285087763377385e-18,1.5295281135357035,30.31504311247509,38.74045864977526,18921161667.91825,False,1.0,0.7647640567678519,5.0,0.8296682312254734,,,10.0,,,0.8296682312254734,0.02,True,0.25
2.1839109384684114,16.77901297723189,3.2990903062951293,2.7589632742588286,75.99088773175333,12.817413071999999,2000.0,5.702752350196195e-07,4.769098237579364e-07,300.0,300.0000006829321,,2.3868912982517547,0.0,9.564437709577056e-43,,nan,,"{""comparison"":false,""inputs"":{""Q"":2000.0,""T_hs"":300.0,""b_res"":0.0,""current_uA"":0.02,""height_nm"":3.0,""radius_nm"":10.0,""x_in"":0.25},""regime"":""rectangular""}",0.004247138693754914,0.0042470937212596965,4.497249521672975e-08,True,0.02,rectangular,,-2.1593571375433385e-07,,False,True,False,0.1,-3902.748396421988,0.9996118251057948,0.9996118251057948,,0.0032189988716036337,0.006437997743207267,0.01776219933327007,0.010619767973282507,12.5,,3.0,True,nan,[],,37244.33839995339,18622.169199976695,,1.0919554693421736,567.7163670737909,5.308923367193642e-10,5.308867151574621e-10,5.6215619020912184e-15,,0.030905949172482315,,10000000000.0,,False,0.0032189988716036337,,ingan_gan_planar,3.778979081712954e-10,[A/E/DR] evaluator output; Taylor et al. 2010 Q=167 [V] where used,,309059491.7248231,10.0,rectangular,80000000.0,1.0,S094,sensitivity,,b_res,nan,nan,nan,nan,nan,,nan,nan,nan,0.004247138693754914,,,10.0,,,0.004247138693754914,0.02,True,0.25
2.1839109384684114,16.77901297723189,3.2990903062951293,2.7589632742588286,75.99088773175333,12.817413071999999,2000.0,5.702752350196195e-07,4.769098237579364e-07,300.0,300.0000006829321,,2.3868912982517547,0.0,9.564437709577056e-43,,0.0,,"{""comparison"":false,""inputs"":{""Q"":2000.0,""T_hs"":300.0,""b_res"":0.0,""current_uA"":0.02,""height_nm"":3.0,""radius_nm"":10.0,""x_in"":0.25},""regime"":""deterministic_pair""}",0.13742222076335409,0.13742222076335409,0.0,True,0.02,deterministic_pair,,-2.1593571375433385e-07,,False,True,False,0.1,-3902.748396421988,0.0,0.0,,0.0032189988716036337,0.006437997743207267,0.01776219933327007,0.010619767973282507,12.5,False,3.0,True,0.0,[],,37244.33839995339,18622.169199976695,,1.0919554693421736,567.7163670737909,1.717777759541926e-08,1.717777759541926e-08,0.0,,0.030905949172482315,,10000000000.0,True,False,0.0032189988716036337,True,ingan_gan_planar,3.778979081712954e-10,[A/E/DR] evaluator output; Taylor et al. 2010 Q=167 [V] where used,,309059491.7248231,10.0,deterministic_pair,80000000.0,1.0,S095,sensitivity,,b_res,5.285087763377385e-18,1.1726382211781896,30.31504311247509,38.74045864977526,18921161667.91825,False,1.0,0.5863191105890947,5.0,0.13742222076335409,,,10.0,,,0.13742222076335409,0.02,True,0.25
2.208920822280462,16.79288759736658,5.8364219775562285,3.0772636451059063,75.99088773175333,12.817413071999999,2000.0,1.6457704658449049e-06,8.677360174687711e-07,230.0,230.00000068065262,,2.452810661041165,0.1,0.002564731720241043,,nan,,"{""comparison"":false,""inputs"":{""Q"":2000.0,""T_hs"":230.0,""b_res"":0.1,""current_uA"":0.02,""height_nm"":3.0,""radius_nm"":10.0,""x_in"":0.25},""regime"":""rectangular""}",0.02564746663466914,0.025647317202410428,1.4943225871177673e-07,True,0.02,rectangular,,-2.0720181126421267e-07,,False,True,False,0.1,-3901.8335667870415,0.9989011864102583,0.9989011864102583,,0.003301931629964929,0.006603863259929858,0.020321828327032727,0.019271466333515373,12.5,,3.0,True,nan,[],,23419.346764388178,11709.673382194089,,1.1044604112438319,561.2885584192206,3.2059333293336424e-09,3.2059146503013034e-09,1.8679032338972092e-14,,0.030913554064414085,,10000000000.0,,False,0.003301931629964929,,ingan_gan_planar,3.884081592483214e-10,[A/E/DR] evaluator output; Taylor et al. 2010 Q=167 [V] where used,,309135540.64414084,10.0,rectangular,80000000.0,0.9090913906113713,S096,sensitivity,,b_res,nan,nan,nan,nan,nan,,nan,nan,nan,0.02564746663466914,,,10.0,,,0.028212198354910182,0.02,True,0.25
2.208920822280462,16.79288759736658,5.8364219775562285,3.0772636451059063,75.99088773175333,12.817413071999999,2000.0,1.6457704658449049e-06,8.677360174687711e-07,230.0,230.00000068065262,,2.452810661041165,0.1,0.08296682312254733,,0.0,,"{""comparison"":false,""inputs"":{""Q"":2000.0,""T_hs"":230.0,""b_res"":0.1,""current_uA"":0.02,""height_nm"":3.0,""radius_nm"":10.0,""x_in"":0.25},""regime"":""deterministic_pair""}",0.8296682312254734,0.8296682312254734,0.0,True,0.02,deterministic_pair,,-2.0720181126421267e-07,,False,True,False,0.1,-3901.8335667870415,0.17355371900826455,0.17355371900826455,,0.003301931629964929,0.006603863259929858,0.020321828327032727,0.019271466333515373,12.5,False,3.0,True,0.0,[],,23419.346764388178,11709.673382194089,,1.1044604112438319,561.2885584192206,1.0370852890318417e-07,1.0370852890318417e-07,0.0,,0.030913554064414085,,10000000000.0,True,False,0.003301931629964929,True,ingan_gan_planar,3.884081592483214e-10,[A/E/DR] evaluator output; Taylor et al. 2010 Q=167 [V] where used,,309135540.64414084,10.0,deterministic_pair,80000000.0,0.9090909090909091,S097,sensitivity,,b_res,5.285087763377385e-18,1.5295281135357035,30.31504311247509,38.74045864977526,18921161667.91825,False,1.0,0.7647640567678519,5.0,0.8296682312254734,,,10.0,,,0.9126350543480207,0.02,True,0.25
2.1839109384684114,16.77901297723189,3.2990903062951293,2.7589632742588286,75.99088773175333,12.817413071999999,2000.0,5.702752350196195e-07,4.769098237579364e-07,300.0,300.0000006829321,,2.3868912982517547,0.1,0.00042470937212596974,,nan,,"{""comparison"":false,""inputs"":{""Q"":2000.0,""T_hs"":300.0,""b_res"":0.1,""current_uA"":0.02,""height_nm"":3.0,""radius_nm"":10.0,""x_in"":0.25},""regime"":""rectangular""}",0.004247138693754914,0.0042470937212596965,4.497249521672975e-08,True,0.02,rectangular,,-2.1593571375433385e-07,,False,True,False,0.1,-3902.748396421988,0.9996791936846767,0.9996791936846767,,0.0032189988716036337,0.006437997743207267,0.01776219933327007,0.010619767973282507,12.5,,3.0,True,nan,[],,37244.33839995339,18622.169199976695,,1.0919554693421736,567.7163670737909,5.308923367193642e-10,5.308867151574621e-10,5.6215619020912184e-15,,0.030905949172482315,,10000000000.0,,False,0.0032189988716036337,,ingan_gan_planar,3.778979081712954e-10,[A/E/DR] evaluator output; Taylor et al. 2010 Q=167 [V] where used,,309059491.7248231,10.0,rectangular,80000000.0,0.9090917842068371,S098,sensitivity,,b_res,nan,nan,nan,nan,nan,,nan,nan,nan,0.004247138693754914,,,10.0,,,0.004671848065880883,0.02,True,0.25
2.1839109384684114,16.77901297723189,3.2990903062951293,2.7589632742588286,75.99088773175333,12.817413071999999,2000.0,5.702752350196195e-07,4.769098237579364e-07,300.0,300.0000006829321,,2.3868912982517547,0.1,0.01374222207633541,,0.0,,"{""comparison"":false,""inputs"":{""Q"":2000.0,""T_hs"":300.0,""b_res"":0.1,""current_uA"":0.02,""height_nm"":3.0,""radius_nm"":10.0,""x_in"":0.25},""regime"":""deterministic_pair""}",0.13742222076335409,0.13742222076335409,0.0,True,0.02,deterministic_pair,,-2.1593571375433385e-07,,False,True,False,0.1,-3902.748396421988,0.17355371900826455,0.17355371900826455,,0.0032189988716036337,0.006437997743207267,0.01776219933327007,0.010619767973282507,12.5,False,3.0,True,0.0,[],,37244.33839995339,18622.169199976695,,1.0919554693421736,567.7163670737909,1.717777759541926e-08,1.717777759541926e-08,0.0,,0.030905949172482315,,10000000000.0,True,False,0.0032189988716036337,True,ingan_gan_planar,3.778979081712954e-10,[A/E/DR] evaluator output; Taylor et al. 2010 Q=167 [V] where used,,309059491.7248231,10.0,deterministic_pair,80000000.0,0.9090909090909091,S099,sensitivity,,b_res,5.285087763377385e-18,1.1726382211781896,30.31504311247509,38.74045864977526,18921161667.91825,False,1.0,0.5863191105890947,5.0,0.13742222076335409,,,10.0,,,0.1511644428396895,0.02,True,0.25
2.208920822280462,16.79288759736658,5.8364219775562285,3.0772636451059063,75.99088773175333,12.817413071999999,2000.0,1.6457704658449049e-06,8.677360174687711e-07,230.0,230.00000068065262,,2.452810661041165,1.0,0.025647317202410428,,nan,,"{""comparison"":false,""inputs"":{""Q"":2000.0,""T_hs"":230.0,""b_res"":1.0,""current_uA"":0.02,""height_nm"":3.0,""radius_nm"":10.0,""x_in"":0.25},""regime"":""rectangular""}",0.02564746663466914,0.025647317202410428,1.4943225871177673e-07,True,0.02,rectangular,,-2.0720181126421267e-07,,False,True,False,0.1,-3901.8335667870415,0.9996676073045716,0.9996676073045716,,0.003301931629964929,0.006603863259929858,0.020321828327032727,0.019271466333515373,12.5,,3.0,True,nan,[],,23419.346764388178,11709.673382194089,,1.1044604112438319,561.2885584192206,3.2059333293336424e-09,3.2059146503013034e-09,1.8679032338972092e-14,,0.030913554064414085,,10000000000.0,,False,0.003301931629964929,,ingan_gan_planar,3.884081592483214e-10,[A/E/DR] evaluator output; Taylor et al. 2010 Q=167 [V] where used,,309135540.64414084,10.0,rectangular,80000000.0,0.5000014566028701,S100,sensitivity,,b_res,nan,nan,nan,nan,nan,,nan,nan,nan,0.02564746663466914,,,10.0,,,0.05129478383707957,0.02,True,0.25
2.208920822280462,16.79288759736658,5.8364219775562285,3.0772636451059063,75.99088773175333,12.817413071999999,2000.0,1.6457704658449049e-06,8.677360174687711e-07,230.0,230.00000068065262,,2.452810661041165,1.0,0.8296682312254734,,0.0,,"{""comparison"":false,""inputs"":{""Q"":2000.0,""T_hs"":230.0,""b_res"":1.0,""current_uA"":0.02,""height_nm"":3.0,""radius_nm"":10.0,""x_in"":0.25},""regime"":""deterministic_pair""}",0.8296682312254734,0.8296682312254734,0.0,True,0.02,deterministic_pair,,-2.0720181126421267e-07,,False,True,False,0.1,-3901.8335667870415,0.75,0.75,,0.003301931629964929,0.006603863259929858,0.020321828327032727,0.019271466333515373,12.5,False,3.0,True,0.0,[],,23419.346764388178,11709.673382194089,,1.1044604112438319,561.2885584192206,1.0370852890318417e-07,1.0370852890318417e-07,0.0,,0.030913554064414085,,10000000000.0,True,False,0.003301931629964929,True,ingan_gan_planar,3.884081592483214e-10,[A/E/DR] evaluator output; Taylor et al. 2010 Q=167 [V] where used,,309135540.64414084,10.0,deterministic_pair,80000000.0,0.5,S101,sensitivity,,b_res,5.285087763377385e-18,1.5295281135357035,30.31504311247509,38.74045864977526,18921161667.91825,False,1.0,0.7647640567678519,5.0,0.8296682312254734,,,10.0,,,1.6593364624509468,0.02,True,0.25
2.1839109384684114,16.77901297723189,3.2990903062951293,2.7589632742588286,75.99088773175333,12.817413071999999,2000.0,5.702752350196195e-07,4.769098237579364e-07,300.0,300.0000006829321,,2.3868912982517547,1.0,0.0042470937212596965,,nan,,"{""comparison"":false,""inputs"":{""Q"":2000.0,""T_hs"":300.0,""b_res"":1.0,""current_uA"":0.02,""height_nm"":3.0,""radius_nm"":10.0,""x_in"":0.25},""regime"":""rectangular""}",0.004247138693754914,0.0042470937212596965,4.497249521672975e-08,True,0.02,rectangular,,-2.1593571375433385e-07,,False,True,False,0.1,-3902.748396421988,0.999902955248855,0.999902955248855,,0.0032189988716036337,0.006437997743207267,0.01776219933327007,0.010619767973282507,12.5,,3.0,True,nan,[],,37244.33839995339,18622.169199976695,,1.0919554693421736,567.7163670737909,5.308923367193642e-10,5.308867151574621e-10,5.6215619020912184e-15,,0.030905949172482315,,10000000000.0,,False,0.0032189988716036337,,ingan_gan_planar,3.778979081712954e-10,[A/E/DR] evaluator output; Taylor et al. 2010 Q=167 [V] where used,,309059491.7248231,10.0,rectangular,80000000.0,0.5000026472371498,S102,sensitivity,,b_res,nan,nan,nan,nan,nan,,nan,nan,nan,0.004247138693754914,,,10.0,,,0.00849423241501461,0.02,True,0.25
2.1839109384684114,16.77901297723189,3.2990903062951293,2.7589632742588286,75.99088773175333,12.817413071999999,2000.0,5.702752350196195e-07,4.769098237579364e-07,300.0,300.0000006829321,,2.3868912982517547,1.0,0.13742222076335409,,0.0,,"{""comparison"":false,""inputs"":{""Q"":2000.0,""T_hs"":300.0,""b_res"":1.0,""current_uA"":0.02,""height_nm"":3.0,""radius_nm"":10.0,""x_in"":0.25},""regime"":""deterministic_pair""}",0.13742222076335409,0.13742222076335409,0.0,True,0.02,deterministic_pair,,-2.1593571375433385e-07,,False,True,False,0.1,-3902.748396421988,0.75,0.75,,0.0032189988716036337,0.006437997743207267,0.01776219933327007,0.010619767973282507,12.5,False,3.0,True,0.0,[],,37244.33839995339,18622.169199976695,,1.0919554693421736,567.7163670737909,1.717777759541926e-08,1.717777759541926e-08,0.0,,0.030905949172482315,,10000000000.0,True,False,0.0032189988716036337,True,ingan_gan_planar,3.778979081712954e-10,[A/E/DR] evaluator output; Taylor et al. 2010 Q=167 [V] where used,,309059491.7248231,10.0,deterministic_pair,80000000.0,0.5,S103,sensitivity,,b_res,5.285087763377385e-18,1.1726382211781896,30.31504311247509,38.74045864977526,18921161667.91825,False,1.0,0.5863191105890947,5.0,0.13742222076335409,,,10.0,,,0.27484444152670817,0.02,True,0.25
2.208920822280462,16.79288759736658,5.8364219775562285,3.0772636451059063,75.99088773175333,12.817413071999999,2000.0,1.6457704658449049e-06,8.677360174687711e-07,230.0,230.00000068065262,,2.452810661041165,,0.0002564731720241043,,nan,,"{""comparison"":false,""inputs"":{""Q"":2000.0,""T_hs"":230.0,""current_uA"":0.02,""eta_out"":0.01,""height_nm"":3.0,""radius_nm"":10.0,""x_in"":0.25},""regime"":""rectangular""}",0.002564746663466914,0.002564731720241043,1.4943225871177673e-08,True,0.02,rectangular,,-2.0720181126421267e-07,,False,True,False,0.01,-3901.8335667870415,0.9989011864102583,0.9989011864102583,,0.003301931629964929,0.006603863259929858,0.020321828327032727,0.019271466333515373,12.5,,3.0,True,nan,[],,23419.346764388178,11709.673382194089,,1.1044604112438319,561.2885584192206,3.2059333293336424e-09,3.2059146503013034e-09,1.8679032338972092e-14,,0.030913554064414085,,10000000000.0,,False,0.003301931629964929,,ingan_gan_planar,3.884081592483214e-10,[A/E/DR] evaluator output; Taylor et al. 2010 Q=167 [V] where used,,309135540.64414084,10.0,rectangular,80000000.0,0.9090913906113712,S104,sensitivity,,eta_out,nan,nan,nan,nan,nan,,nan,nan,nan,0.002564746663466914,,,10.0,,,0.0028212198354910186,0.02,True,0.25
2.208920822280462,16.79288759736658,5.8364219775562285,3.0772636451059063,75.99088773175333,12.817413071999999,2000.0,1.6457704658449049e-06,8.677360174687711e-07,230.0,230.00000068065262,,2.452810661041165,,0.008296682312254734,,0.0,,"{""comparison"":false,""inputs"":{""Q"":2000.0,""T_hs"":230.0,""current_uA"":0.02,""eta_out"":0.01,""height_nm"":3.0,""radius_nm"":10.0,""x_in"":0.25},""regime"":""deterministic_pair""}",0.08296682312254733,0.08296682312254733,0.0,True,0.02,deterministic_pair,,-2.0720181126421267e-07,,False,True,False,0.01,-3901.8335667870415,0.17355371900826433,0.17355371900826433,,0.003301931629964929,0.006603863259929858,0.020321828327032727,0.019271466333515373,12.5,False,3.0,True,0.0,[],,23419.346764388178,11709.673382194089,,1.1044604112438319,561.2885584192206,1.0370852890318417e-07,1.0370852890318417e-07,0.0,,0.030913554064414085,,10000000000.0,True,False,0.003301931629964929,True,ingan_gan_planar,3.884081592483214e-10,[A/E/DR] evaluator output; Taylor et al. 2010 Q=167 [V] where used,,309135540.64414084,10.0,deterministic_pair,80000000.0,0.9090909090909092,S105,sensitivity,,eta_out,5.285087763377385e-18,1.5295281135357035,30.31504311247509,38.74045864977526,18921161667.91825,False,1.0,0.7647640567678519,5.0,0.08296682312254733,,,10.0,,,0.09126350543480205,0.02,True,0.25
2.1839109384684114,16.77901297723189,3.2990903062951293,2.7589632742588286,75.99088773175333,12.817413071999999,2000.0,5.702752350196195e-07,4.769098237579364e-07,300.0,300.0000006829321,,2.3868912982517547,,4.247093721259697e-05,,nan,,"{""comparison"":false,""inputs"":{""Q"":2000.0,""T_hs"":300.0,""current_uA"":0.02,""eta_out"":0.01,""height_nm"":3.0,""radius_nm"":10.0,""x_in"":0.25},""regime"":""rectangular""}",0.0004247138693754913,0.0004247093721259697,4.497249521672975e-09,True,0.02,rectangular,,-2.1593571375433385e-07,,False,True,False,0.01,-3902.748396421988,0.9996791936846767,0.9996791936846767,,0.0032189988716036337,0.006437997743207267,0.01776219933327007,0.010619767973282507,12.5,,3.0,True,nan,[],,37244.33839995339,18622.169199976695,,1.0919554693421736,567.7163670737909,5.308923367193642e-10,5.308867151574621e-10,5.6215619020912184e-15,,0.030905949172482315,,10000000000.0,,False,0.0032189988716036337,,ingan_gan_planar,3.778979081712954e-10,[A/E/DR] evaluator output; Taylor et al. 2010 Q=167 [V] where used,,309059491.7248231,10.0,rectangular,80000000.0,0.9090917842068372,S106,sensitivity,,eta_out,nan,nan,nan,nan,nan,,nan,nan,nan,0.0004247138693754913,,,10.0,,,0.0004671848065880883,0.02,True,0.25
2.1839109384684114,16.77901297723189,3.2990903062951293,2.7589632742588286,75.99088773175333,12.817413071999999,2000.0,5.702752350196195e-07,4.769098237579364e-07,300.0,300.0000006829321,,2.3868912982517547,,0.0013742222076335408,,0.0,,"{""comparison"":false,""inputs"":{""Q"":2000.0,""T_hs"":300.0,""current_uA"":0.02,""eta_out"":0.01,""height_nm"":3.0,""radius_nm"":10.0,""x_in"":0.25},""regime"":""deterministic_pair""}",0.013742222076335409,0.013742222076335409,0.0,True,0.02,deterministic_pair,,-2.1593571375433385e-07,,False,True,False,0.01,-3902.748396421988,0.17355371900826433,0.17355371900826433,,0.0032189988716036337,0.006437997743207267,0.01776219933327007,0.010619767973282507,12.5,False,3.0,True,0.0,[],,37244.33839995339,18622.169199976695,,1.0919554693421736,567.7163670737909,1.717777759541926e-08,1.717777759541926e-08,0.0,,0.030905949172482315,,10000000000.0,True,False,0.0032189988716036337,True,ingan_gan_planar,3.778979081712954e-10,[A/E/DR] evaluator output; Taylor et al. 2010 Q=167 [V] where used,,309059491.7248231,10.0,deterministic_pair,80000000.0,0.9090909090909092,S107,sensitivity,,eta_out,5.285087763377385e-18,1.1726382211781896,30.31504311247509,38.74045864977526,18921161667.91825,False,1.0,0.5863191105890947,5.0,0.013742222076335409,,,10.0,,,0.015116444283968949,0.02,True,0.25
2.208920822280462,16.79288759736658,5.8364219775562285,3.0772636451059063,75.99088773175333,12.817413071999999,2000.0,1.6457704658449049e-06,8.677360174687711e-07,230.0,230.00000068065262,,2.452810661041165,,0.002564731720241043,,nan,,"{""comparison"":false,""inputs"":{""Q"":2000.0,""T_hs"":230.0,""current_uA"":0.02,""eta_out"":0.1,""height_nm"":3.0,""radius_nm"":10.0,""x_in"":0.25},""regime"":""rectangular""}",0.02564746663466914,0.025647317202410428,1.4943225871177673e-07,True,0.02,rectangular,,-2.0720181126421267e-07,,False,True,False,0.1,-3901.8335667870415,0.9989011864102583,0.9989011864102583,,0.003301931629964929,0.006603863259929858,0.020321828327032727,0.019271466333515373,12.5,,3.0,True,nan,[],,23419.346764388178,11709.673382194089,,1.1044604112438319,561.2885584192206,3.2059333293336424e-09,3.2059146503013034e-09,1.8679032338972092e-14,,0.030913554064414085,,10000000000.0,,False,0.003301931629964929,,ingan_gan_planar,3.884081592483214e-10,[A/E/DR] evaluator output; Taylor et al. 2010 Q=167 [V] where used,,309135540.64414084,10.0,rectangular,80000000.0,0.9090913906113713,S108,sensitivity,,eta_out,nan,nan,nan,nan,nan,,nan,nan,nan,0.02564746663466914,,,10.0,,,0.028212198354910182,0.02,True,0.25
2.208920822280462,16.79288759736658,5.8364219775562285,3.0772636451059063,75.99088773175333,12.817413071999999,2000.0,1.6457704658449049e-06,8.677360174687711e-07,230.0,230.00000068065262,,2.452810661041165,,0.08296682312254733,,0.0,,"{""comparison"":false,""inputs"":{""Q"":2000.0,""T_hs"":230.0,""current_uA"":0.02,""eta_out"":0.1,""height_nm"":3.0,""radius_nm"":10.0,""x_in"":0.25},""regime"":""deterministic_pair""}",0.8296682312254734,0.8296682312254734,0.0,True,0.02,deterministic_pair,,-2.0720181126421267e-07,,False,True,False,0.1,-3901.8335667870415,0.17355371900826455,0.17355371900826455,,0.003301931629964929,0.006603863259929858,0.020321828327032727,0.019271466333515373,12.5,False,3.0,True,0.0,[],,23419.346764388178,11709.673382194089,,1.1044604112438319,561.2885584192206,1.0370852890318417e-07,1.0370852890318417e-07,0.0,,0.030913554064414085,,10000000000.0,True,False,0.003301931629964929,True,ingan_gan_planar,3.884081592483214e-10,[A/E/DR] evaluator output; Taylor et al. 2010 Q=167 [V] where used,,309135540.64414084,10.0,deterministic_pair,80000000.0,0.9090909090909091,S109,sensitivity,,eta_out,5.285087763377385e-18,1.5295281135357035,30.31504311247509,38.74045864977526,18921161667.91825,False,1.0,0.7647640567678519,5.0,0.8296682312254734,,,10.0,,,0.9126350543480207,0.02,True,0.25
2.1839109384684114,16.77901297723189,3.2990903062951293,2.7589632742588286,75.99088773175333,12.817413071999999,2000.0,5.702752350196195e-07,4.769098237579364e-07,300.0,300.0000006829321,,2.3868912982517547,,0.00042470937212596974,,nan,,"{""comparison"":false,""inputs"":{""Q"":2000.0,""T_hs"":300.0,""current_uA"":0.02,""eta_out"":0.1,""height_nm"":3.0,""radius_nm"":10.0,""x_in"":0.25},""regime"":""rectangular""}",0.004247138693754914,0.0042470937212596965,4.497249521672975e-08,True,0.02,rectangular,,-2.1593571375433385e-07,,False,True,False,0.1,-3902.748396421988,0.9996791936846767,0.9996791936846767,,0.0032189988716036337,0.006437997743207267,0.01776219933327007,0.010619767973282507,12.5,,3.0,True,nan,[],,37244.33839995339,18622.169199976695,,1.0919554693421736,567.7163670737909,5.308923367193642e-10,5.308867151574621e-10,5.6215619020912184e-15,,0.030905949172482315,,10000000000.0,,False,0.0032189988716036337,,ingan_gan_planar,3.778979081712954e-10,[A/E/DR] evaluator output; Taylor et al. 2010 Q=167 [V] where used,,309059491.7248231,10.0,rectangular,80000000.0,0.9090917842068371,S110,sensitivity,,eta_out,nan,nan,nan,nan,nan,,nan,nan,nan,0.004247138693754914,,,10.0,,,0.004671848065880883,0.02,True,0.25
2.1839109384684114,16.77901297723189,3.2990903062951293,2.7589632742588286,75.99088773175333,12.817413071999999,2000.0,5.702752350196195e-07,4.769098237579364e-07,300.0,300.0000006829321,,2.3868912982517547,,0.01374222207633541,,0.0,,"{""comparison"":false,""inputs"":{""Q"":2000.0,""T_hs"":300.0,""current_uA"":0.02,""eta_out"":0.1,""height_nm"":3.0,""radius_nm"":10.0,""x_in"":0.25},""regime"":""deterministic_pair""}",0.13742222076335409,0.13742222076335409,0.0,True,0.02,deterministic_pair,,-2.1593571375433385e-07,,False,True,False,0.1,-3902.748396421988,0.17355371900826455,0.17355371900826455,,0.0032189988716036337,0.006437997743207267,0.01776219933327007,0.010619767973282507,12.5,False,3.0,True,0.0,[],,37244.33839995339,18622.169199976695,,1.0919554693421736,567.7163670737909,1.717777759541926e-08,1.717777759541926e-08,0.0,,0.030905949172482315,,10000000000.0,True,False,0.0032189988716036337,True,ingan_gan_planar,3.778979081712954e-10,[A/E/DR] evaluator output; Taylor et al. 2010 Q=167 [V] where used,,309059491.7248231,10.0,deterministic_pair,80000000.0,0.9090909090909091,S111,sensitivity,,eta_out,5.285087763377385e-18,1.1726382211781896,30.31504311247509,38.74045864977526,18921161667.91825,False,1.0,0.5863191105890947,5.0,0.13742222076335409,,,10.0,,,0.1511644428396895,0.02,True,0.25
2.208920822280462,16.79288759736658,5.8364219775562285,3.0772636451059063,75.99088773175333,12.817413071999999,2000.0,1.6457704658449049e-06,8.677360174687711e-07,230.0,230.00000068065262,,2.452810661041165,,0.012823658601205214,,nan,,"{""comparison"":false,""inputs"":{""Q"":2000.0,""T_hs"":230.0,""current_uA"":0.02,""eta_out"":0.5,""height_nm"":3.0,""radius_nm"":10.0,""x_in"":0.25},""regime"":""rectangular""}",0.1282373331733457,0.12823658601205212,7.471612935588837e-07,True,0.02,rectangular,,-2.0720181126421267e-07,,False,True,False,0.5,-3901.8335667870415,0.9989011864102583,0.9989011864102583,,0.003301931629964929,0.006603863259929858,0.020321828327032727,0.019271466333515373,12.5,,3.0,True,nan,[],,23419.346764388178,11709.673382194089,,1.1044604112438319,561.2885584192206,3.2059333293336424e-09,3.2059146503013034e-09,1.8679032338972092e-14,,0.030913554064414085,,10000000000.0,,False,0.003301931629964929,,ingan_gan_planar,3.884081592483214e-10,[A/E/DR] evaluator output; Taylor et al. 2010 Q=167 [V] where used,,309135540.64414084,10.0,rectangular,80000000.0,0.9090913906113713,S112,sensitivity,,eta_out,nan,nan,nan,nan,nan,,nan,nan,nan,0.1282373331733457,,,10.0,,,0.14106099177455092,0.02,True,0.25
2.208920822280462,16.79288759736658,5.8364219775562285,3.0772636451059063,75.99088773175333,12.817413071999999,2000.0,1.6457704658449049e-06,8.677360174687711e-07,230.0,230.00000068065262,,2.452810661041165,,0.4148341156127367,,0.0,,"{""comparison"":false,""inputs"":{""Q"":2000.0,""T_hs"":230.0,""current_uA"":0.02,""eta_out"":0.5,""height_nm"":3.0,""radius_nm"":10.0,""x_in"":0.25},""regime"":""deterministic_pair""}",4.148341156127366,4.148341156127366,0.0,True,0.02,deterministic_pair,,-2.0720181126421267e-07,,False,True,False,0.5,-3901.8335667870415,0.17355371900826455,0.17355371900826455,,0.003301931629964929,0.006603863259929858,0.020321828327032727,0.019271466333515373,12.5,False,3.0,True,0.0,[],,23419.346764388178,11709.673382194089,,1.1044604112438319,561.2885584192206,1.0370852890318417e-07,1.0370852890318417e-07,0.0,,0.030913554064414085,,10000000000.0,True,False,0.003301931629964929,True,ingan_gan_planar,3.884081592483214e-10,[A/E/DR] evaluator output; Taylor et al. 2010 Q=167 [V] where used,,309135540.64414084,10.0,deterministic_pair,80000000.0,0.9090909090909091,S113,sensitivity,,eta_out,5.285087763377385e-18,1.5295281135357035,30.31504311247509,38.74045864977526,18921161667.91825,False,1.0,0.7647640567678519,5.0,4.148341156127366,,,10.0,,,4.5631752717401035,0.02,True,0.25
2.1839109384684114,16.77901297723189,3.2990903062951293,2.7589632742588286,75.99088773175333,12.817413071999999,2000.0,5.702752350196195e-07,4.769098237579364e-07,300.0,300.0000006829321,,2.3868912982517547,,0.0021235468606298482,,nan,,"{""comparison"":false,""inputs"":{""Q"":2000.0,""T_hs"":300.0,""current_uA"":0.02,""eta_out"":0.5,""height_nm"":3.0,""radius_nm"":10.0,""x_in"":0.25},""regime"":""rectangular""}",0.021235693468774568,0.021235468606298484,2.2486247608364874e-07,True,0.02,rectangular,,-2.1593571375433385e-07,,False,True,False,0.5,-3902.748396421988,0.9996791936846767,0.9996791936846767,,0.0032189988716036337,0.006437997743207267,0.01776219933327007,0.010619767973282507,12.5,,3.0,True,nan,[],,37244.33839995339,18622.169199976695,,1.0919554693421736,567.7163670737909,5.308923367193642e-10,5.308867151574621e-10,5.6215619020912184e-15,,0.030905949172482315,,10000000000.0,,False,0.0032189988716036337,,ingan_gan_planar,3.778979081712954e-10,[A/E/DR] evaluator output; Taylor et al. 2010 Q=167 [V] where used,,309059491.7248231,10.0,rectangular,80000000.0,0.9090917842068372,S114,sensitivity,,eta_out,nan,nan,nan,nan,nan,,nan,nan,nan,0.021235693468774568,,,10.0,,,0.023359240329404413,0.02,True,0.25
2.1839109384684114,16.77901297723189,3.2990903062951293,2.7589632742588286,75.99088773175333,12.817413071999999,2000.0,5.702752350196195e-07,4.769098237579364e-07,300.0,300.0000006829321,,2.3868912982517547,,0.06871111038167704,,0.0,,"{""comparison"":false,""inputs"":{""Q"":2000.0,""T_hs"":300.0,""current_uA"":0.02,""eta_out"":0.5,""height_nm"":3.0,""radius_nm"":10.0,""x_in"":0.25},""regime"":""deterministic_pair""}",0.6871111038167704,0.6871111038167704,0.0,True,0.02,deterministic_pair,,-2.1593571375433385e-07,,False,True,False,0.5,-3902.748396421988,0.17355371900826455,0.17355371900826455,,0.0032189988716036337,0.006437997743207267,0.01776219933327007,0.010619767973282507,12.5,False,3.0,True,0.0,[],,37244.33839995339,18622.169199976695,,1.0919554693421736,567.7163670737909,1.717777759541926e-08,1.717777759541926e-08,0.0,,0.030905949172482315,,10000000000.0,True,False,0.0032189988716036337,True,ingan_gan_planar,3.778979081712954e-10,[A/E/DR] evaluator output; Taylor et al. 2010 Q=167 [V] where used,,309059491.7248231,10.0,deterministic_pair,80000000.0,0.9090909090909091,S115,sensitivity,,eta_out,5.285087763377385e-18,1.1726382211781896,30.31504311247509,38.74045864977526,18921161667.91825,False,1.0,0.5863191105890947,5.0,0.6871111038167704,,,10.0,,,0.7558222141984474,0.02,True,0.25
2.208920822280462,16.79288759736658,10.672843955112457,5.154527290211813,151.98177546350666,12.817413071999999,2000.0,3.009554052204069e-06,1.4534881890667976e-06,230.0,230.00000068065262,,2.452810661041165,,0.004690021422751815,,nan,,"{""comparison"":false,""inputs"":{""Q"":2000.0,""T_hs"":230.0,""current_uA"":0.02,""height_nm"":3.0,""mode_volume_norm"":1.0,""radius_nm"":10.0,""x_in"":0.25},""regime"":""rectangular""}",0.046900464531438674,0.046900214227518146,2.5030392052380834e-07,True,0.02,rectangular,,-2.0720181126421267e-07,,False,True,False,0.1,-3901.8335667870415,0.9988750172996989,0.9988750172996989,,0.003301931629964929,0.006603863259929858,0.0340397933941356,0.03524100103706582,12.5,,3.0,True,nan,[],,23419.346764388178,11709.673382194089,,1.1044604112438319,561.2885584192206,5.8625580664298334e-09,5.862526778439768e-09,3.128799006547604e-14,1.0,0.030913554064414085,,10000000000.0,,False,0.003301931629964929,,ingan_gan_planar,3.884081592483214e-10,[A/E/DR] evaluator output; Taylor et al. 2010 Q=167 [V] where used,,309135540.64414084,10.0,rectangular,80000000.0,0.9090913501587037,S116,sensitivity,,mode_volume_norm,nan,nan,nan,nan,nan,,nan,nan,nan,0.046900464531438674,,,10.0,,,0.05159048595419049,0.02,True,0.25
2.208920822280462,16.79288759736658,10.672843955112457,5.154527290211813,151.98177546350666,12.817413071999999,2000.0,3.009554052204069e-06,1.4534881890667976e-06,230.0,230.00000068065262,,2.452810661041165,,0.15171808214383847,,0.0,,"{""comparison"":false,""inputs"":{""Q"":2000.0,""T_hs"":230.0,""current_uA"":0.02,""height_nm"":3.0,""mode_volume_norm"":1.0,""radius_nm"":10.0,""x_in"":0.25},""regime"":""deterministic_pair""}",1.5171808214383846,1.5171808214383846,0.0,True,0.02,deterministic_pair,,-2.0720181126421267e-07,,False,True,False,0.1,-3901.8335667870415,0.17355371900826455,0.17355371900826455,,0.003301931629964929,0.006603863259929858,0.0340397933941356,0.03524100103706582,12.5,False,3.0,True,0.0,[],,23419.346764388178,11709.673382194089,,1.1044604112438319,561.2885584192206,1.8964760267979806e-07,1.8964760267979806e-07,0.0,1.0,0.030913554064414085,,10000000000.0,True,False,0.003301931629964929,True,ingan_gan_planar,3.884081592483214e-10,[A/E/DR] evaluator output; Taylor et al. 2010 Q=167 [V] where used,,309135540.64414084,10.0,deterministic_pair,80000000.0,0.9090909090909091,S117,sensitivity,,mode_volume_norm,5.285087763377385e-18,1.5295281135357035,30.31504311247509,38.74045864977526,18921161667.91825,False,1.0,0.7647640567678519,5.0,1.5171808214383846,,,10.0,,,1.668898903582223,0.02,True,0.25
2.1839109384684114,16.77901297723189,5.598180612590259,4.517926548517657,151.98177546350666,12.817413071999999,2000.0,9.676917572341006e-07,7.809610656964339e-07,300.0,300.0000006829321,,2.3868912982517547,,0.0007206831603248545,,nan,,"{""comparison"":false,""inputs"":{""Q"":2000.0,""T_hs"":300.0,""current_uA"":0.02,""height_nm"":3.0,""mode_volume_norm"":1.0,""radius_nm"":10.0,""x_in"":0.25},""regime"":""rectangular""}",0.0072069052476821235,0.007206831603248544,7.364443357937414e-08,True,0.02,rectangular,,-2.1593571375433385e-07,,False,True,False,0.1,-3902.748396421988,0.9996593900745476,0.9996593900745476,,0.0032189988716036337,0.006437997743207267,0.029086400923332877,0.01802053707496138,12.5,,3.0,True,nan,[],,37244.33839995339,18622.169199976695,,1.0919554693421736,567.7163670737909,9.008631559602654e-10,9.00853950406068e-10,9.205554197421767e-15,1.0,0.030905949172482315,,10000000000.0,,False,0.0032189988716036337,,ingan_gan_planar,3.778979081712954e-10,[A/E/DR] evaluator output; Taylor et al. 2010 Q=167 [V] where used,,309059491.7248231,10.0,rectangular,80000000.0,0.9090917536035354,S118,sensitivity,,mode_volume_norm,nan,nan,nan,nan,nan,,nan,nan,nan,0.0072069052476821235,,,10.0,,,0.007927588408006978,0.02,True,0.25
2.1839109384684114,16.77901297723189,5.598180612590259,4.517926548517657,151.98177546350666,12.817413071999999,2000.0,9.676917572341006e-07,7.809610656964339e-07,300.0,300.0000006829321,,2.3868912982517547,,0.02331897689524034,,0.0,,"{""comparison"":false,""inputs"":{""Q"":2000.0,""T_hs"":300.0,""current_uA"":0.02,""height_nm"":3.0,""mode_volume_norm"":1.0,""radius_nm"":10.0,""x_in"":0.25},""regime"":""deterministic_pair""}",0.23318976895240337,0.23318976895240337,0.0,True,0.02,deterministic_pair,,-2.1593571375433385e-07,,False,True,False,0.1,-3902.748396421988,0.17355371900826455,0.17355371900826455,,0.0032189988716036337,0.006437997743207267,0.029086400923332877,0.01802053707496138,12.5,False,3.0,True,0.0,[],,37244.33839995339,18622.169199976695,,1.0919554693421736,567.7163670737909,2.9148721119050417e-08,2.9148721119050417e-08,0.0,1.0,0.030905949172482315,,10000000000.0,True,False,0.0032189988716036337,True,ingan_gan_planar,3.778979081712954e-10,[A/E/DR] evaluator output; Taylor et al. 2010 Q=167 [V] where used,,309059491.7248231,10.0,deterministic_pair,80000000.0,0.9090909090909091,S119,sensitivity,,mode_volume_norm,5.285087763377385e-18,1.1726382211781896,30.31504311247509,38.74045864977526,18921161667.91825,False,1.0,0.5863191105890947,5.0,0.23318976895240337,,,10.0,,,0.2565087458476437,0.02,True,0.25
2.208920822280462,16.79288759736658,5.8364219775562285,3.0772636451059063,75.99088773175333,12.817413071999999,2000.0,1.6457704658449049e-06,8.677360174687711e-07,230.0,230.00000068065262,,2.452810661041165,,0.002564731720241043,,nan,,"{""comparison"":false,""inputs"":{""Q"":2000.0,""T_hs"":230.0,""current_uA"":0.02,""height_nm"":3.0,""mode_volume_norm"":2.0,""radius_nm"":10.0,""x_in"":0.25},""regime"":""rectangular""}",0.02564746663466914,0.025647317202410428,1.4943225871177673e-07,True,0.02,rectangular,,-2.0720181126421267e-07,,False,True,False,0.1,-3901.8335667870415,0.9989011864102583,0.9989011864102583,,0.003301931629964929,0.006603863259929858,0.020321828327032727,0.019271466333515373,12.5,,3.0,True,nan,[],,23419.346764388178,11709.673382194089,,1.1044604112438319,561.2885584192206,3.2059333293336424e-09,3.2059146503013034e-09,1.8679032338972092e-14,2.0,0.030913554064414085,,10000000000.0,,False,0.003301931629964929,,ingan_gan_planar,3.884081592483214e-10,[A/E/DR] evaluator output; Taylor et al. 2010 Q=167 [V] where used,,309135540.64414084,10.0,rectangular,80000000.0,0.9090913906113713,S120,sensitivity,,mode_volume_norm,nan,nan,nan,nan,nan,,nan,nan,nan,0.02564746663466914,,,10.0,,,0.028212198354910182,0.02,True,0.25
2.208920822280462,16.79288759736658,5.8364219775562285,3.0772636451059063,75.99088773175333,12.817413071999999,2000.0,1.6457704658449049e-06,8.677360174687711e-07,230.0,230.00000068065262,,2.452810661041165,,0.08296682312254733,,0.0,,"{""comparison"":false,""inputs"":{""Q"":2000.0,""T_hs"":230.0,""current_uA"":0.02,""height_nm"":3.0,""mode_volume_norm"":2.0,""radius_nm"":10.0,""x_in"":0.25},""regime"":""deterministic_pair""}",0.8296682312254734,0.8296682312254734,0.0,True,0.02,deterministic_pair,,-2.0720181126421267e-07,,False,True,False,0.1,-3901.8335667870415,0.17355371900826455,0.17355371900826455,,0.003301931629964929,0.006603863259929858,0.020321828327032727,0.019271466333515373,12.5,False,3.0,True,0.0,[],,23419.346764388178,11709.673382194089,,1.1044604112438319,561.2885584192206,1.0370852890318417e-07,1.0370852890318417e-07,0.0,2.0,0.030913554064414085,,10000000000.0,True,False,0.003301931629964929,True,ingan_gan_planar,3.884081592483214e-10,[A/E/DR] evaluator output; Taylor et al. 2010 Q=167 [V] where used,,309135540.64414084,10.0,deterministic_pair,80000000.0,0.9090909090909091,S121,sensitivity,,mode_volume_norm,5.285087763377385e-18,1.5295281135357035,30.31504311247509,38.74045864977526,18921161667.91825,False,1.0,0.7647640567678519,5.0,0.8296682312254734,,,10.0,,,0.9126350543480207,0.02,True,0.25
2.1839109384684114,16.77901297723189,3.2990903062951293,2.7589632742588286,75.99088773175333,12.817413071999999,2000.0,5.702752350196195e-07,4.769098237579364e-07,300.0,300.0000006829321,,2.3868912982517547,,0.00042470937212596974,,nan,,"{""comparison"":false,""inputs"":{""Q"":2000.0,""T_hs"":300.0,""current_uA"":0.02,""height_nm"":3.0,""mode_volume_norm"":2.0,""radius_nm"":10.0,""x_in"":0.25},""regime"":""rectangular""}",0.004247138693754914,0.0042470937212596965,4.497249521672975e-08,True,0.02,rectangular,,-2.1593571375433385e-07,,False,True,False,0.1,-3902.748396421988,0.9996791936846767,0.9996791936846767,,0.0032189988716036337,0.006437997743207267,0.01776219933327007,0.010619767973282507,12.5,,3.0,True,nan,[],,37244.33839995339,18622.169199976695,,1.0919554693421736,567.7163670737909,5.308923367193642e-10,5.308867151574621e-10,5.6215619020912184e-15,2.0,0.030905949172482315,,10000000000.0,,False,0.0032189988716036337,,ingan_gan_planar,3.778979081712954e-10,[A/E/DR] evaluator output; Taylor et al. 2010 Q=167 [V] where used,,309059491.7248231,10.0,rectangular,80000000.0,0.9090917842068371,S122,sensitivity,,mode_volume_norm,nan,nan,nan,nan,nan,,nan,nan,nan,0.004247138693754914,,,10.0,,,0.004671848065880883,0.02,True,0.25
2.1839109384684114,16.77901297723189,3.2990903062951293,2.7589632742588286,75.99088773175333,12.817413071999999,2000.0,5.702752350196195e-07,4.769098237579364e-07,300.0,300.0000006829321,,2.3868912982517547,,0.01374222207633541,,0.0,,"{""comparison"":false,""inputs"":{""Q"":2000.0,""T_hs"":300.0,""current_uA"":0.02,""height_nm"":3.0,""mode_volume_norm"":2.0,""radius_nm"":10.0,""x_in"":0.25},""regime"":""deterministic_pair""}",0.13742222076335409,0.13742222076335409,0.0,True,0.02,deterministic_pair,,-2.1593571375433385e-07,,False,True,False,0.1,-3902.748396421988,0.17355371900826455,0.17355371900826455,,0.0032189988716036337,0.006437997743207267,0.01776219933327007,0.010619767973282507,12.5,False,3.0,True,0.0,[],,37244.33839995339,18622.169199976695,,1.0919554693421736,567.7163670737909,1.717777759541926e-08,1.717777759541926e-08,0.0,2.0,0.030905949172482315,,10000000000.0,True,False,0.0032189988716036337,True,ingan_gan_planar,3.778979081712954e-10,[A/E/DR] evaluator output; Taylor et al. 2010 Q=167 [V] where used,,309059491.7248231,10.0,deterministic_pair,80000000.0,0.9090909090909091,S123,sensitivity,,mode_volume_norm,5.285087763377385e-18,1.1726382211781896,30.31504311247509,38.74045864977526,18921161667.91825,False,1.0,0.5863191105890947,5.0,0.13742222076335409,,,10.0,,,0.1511644428396895,0.02,True,0.25
2.208920822280462,16.79288759736658,1.9672843955112458,1.4154527290211814,15.198177546350667,12.817413071999999,2000.0,5.547409184824259e-07,3.991337861173268e-07,230.0,230.00000068065262,,2.452810661041165,,0.000864495784578362,,nan,,"{""comparison"":false,""inputs"":{""Q"":2000.0,""T_hs"":230.0,""current_uA"":0.02,""height_nm"":3.0,""mode_volume_norm"":10.0,""radius_nm"":10.0,""x_in"":0.25},""regime"":""rectangular""}",0.008645026580429871,0.008644957845783618,6.873464625190016e-08,True,0.02,rectangular,,-2.0720181126421267e-07,,False,True,False,0.1,-3901.8335667870415,0.9990147698555868,0.9990147698555868,,0.003301931629964929,0.006603863259929858,0.009347456273350433,0.006495838570675018,12.5,,3.0,True,nan,[],,23419.346764388178,11709.673382194089,,1.1044604112438319,561.2885584192206,1.0806283225537338e-09,1.0806197307229523e-09,8.59183078148752e-15,10.0,0.030913554064414085,,10000000000.0,,False,0.003301931629964929,,ingan_gan_planar,3.884081592483214e-10,[A/E/DR] evaluator output; Taylor et al. 2010 Q=167 [V] where used,,309135540.64414084,10.0,rectangular,80000000.0,0.9090915661800839,S124,sensitivity,,mode_volume_norm,nan,nan,nan,nan,nan,,nan,nan,nan,0.008645026580429871,,,10.0,,,0.009509522365008233,0.02,True,0.25
2.208920822280462,16.79288759736658,1.9672843955112458,1.4154527290211814,15.198177546350667,12.817413071999999,2000.0,5.547409184824259e-07,3.991337861173268e-07,230.0,230.00000068065262,,2.452810661041165,,0.02796568088791322,,0.0,,"{""comparison"":false,""inputs"":{""Q"":2000.0,""T_hs"":230.0,""current_uA"":0.02,""height_nm"":3.0,""mode_volume_norm"":10.0,""radius_nm"":10.0,""x_in"":0.25},""regime"":""deterministic_pair""}",0.2796568088791322,0.2796568088791322,0.0,True,0.02,deterministic_pair,,-2.0720181126421267e-07,,False,True,False,0.1,-3901.8335667870415,0.17355371900826433,0.17355371900826433,,0.003301931629964929,0.006603863259929858,0.009347456273350433,0.006495838570675018,12.5,False,3.0,True,0.0,[],,23419.346764388178,11709.673382194089,,1.1044604112438319,561.2885584192206,3.495710110989152e-08,3.495710110989152e-08,0.0,10.0,0.030913554064414085,,10000000000.0,True,False,0.003301931629964929,True,ingan_gan_planar,3.884081592483214e-10,[A/E/DR] evaluator output; Taylor et al. 2010 Q=167 [V] where used,,309135540.64414084,10.0,deterministic_pair,80000000.0,0.9090909090909092,S125,sensitivity,,mode_volume_norm,5.285087763377385e-18,1.5295281135357035,30.31504311247509,38.74045864977526,18921161667.91825,False,1.0,0.7647640567678519,5.0,0.2796568088791322,,,10.0,,,0.3076224897670454,0.02,True,0.25
2.1839109384684114,16.77901297723189,1.459818061259026,1.3517926548517658,15.198177546350667,12.817413071999999,2000.0,2.523417898142977e-07,2.336686970830952e-07,300.0,300.0000006829321,,2.3868912982517547,,0.0001879301721894213,,nan,,"{""comparison"":false,""inputs"":{""Q"":2000.0,""T_hs"":300.0,""current_uA"":0.02,""height_nm"":3.0,""mode_volume_norm"":10.0,""radius_nm"":10.0,""x_in"":0.25},""regime"":""rectangular""}",0.001879323756809782,0.0018793017218942127,2.2034915569088943e-08,True,0.02,rectangular,,-2.1593571375433385e-07,,False,True,False,0.1,-3902.748396421988,0.9997399491231946,0.9997399491231946,,0.0032189988716036337,0.006437997743207267,0.008702838061219829,0.004699152691939408,12.5,,3.0,True,nan,[],,37244.33839995339,18622.169199976695,,1.0919554693421736,567.7163670737909,2.349154696012227e-10,2.349127152367766e-10,2.7543644461361175e-15,10.0,0.030905949172482315,,10000000000.0,,False,0.0032189988716036337,,ingan_gan_planar,3.778979081712954e-10,[A/E/DR] evaluator output; Taylor et al. 2010 Q=167 [V] where used,,309059491.7248231,10.0,rectangular,80000000.0,0.909091878093369,S126,sensitivity,,mode_volume_norm,nan,nan,nan,nan,nan,,nan,nan,nan,0.001879323756809782,,,10.0,,,0.0020672539289992033,0.02,True,0.25
2.1839109384684114,16.77901297723189,1.459818061259026,1.3517926548517658,15.198177546350667,12.817413071999999,2000.0,2.523417898142977e-07,2.336686970830952e-07,300.0,300.0000006829321,,2.3868912982517547,,0.006080812740621164,,0.0,,"{""comparison"":false,""inputs"":{""Q"":2000.0,""T_hs"":300.0,""current_uA"":0.02,""height_nm"":3.0,""mode_volume_norm"":10.0,""radius_nm"":10.0,""x_in"":0.25},""regime"":""deterministic_pair""}",0.06080812740621163,0.06080812740621163,0.0,True,0.02,deterministic_pair,,-2.1593571375433385e-07,,False,True,False,0.1,-3902.748396421988,0.17355371900826455,0.17355371900826455,,0.0032189988716036337,0.006437997743207267,0.008702838061219829,0.004699152691939408,12.5,False,3.0,True,0.0,[],,37244.33839995339,18622.169199976695,,1.0919554693421736,567.7163670737909,7.601015925776453e-09,7.601015925776453e-09,0.0,10.0,0.030905949172482315,,10000000000.0,True,False,0.0032189988716036337,True,ingan_gan_planar,3.778979081712954e-10,[A/E/DR] evaluator output; Taylor et al. 2010 Q=167 [V] where used,,309059491.7248231,10.0,deterministic_pair,80000000.0,0.9090909090909091,S127,sensitivity,,mode_volume_norm,5.285087763377385e-18,1.1726382211781896,30.31504311247509,38.74045864977526,18921161667.91825,False,1.0,0.5863191105890947,5.0,0.06080812740621163,,,10.0,,,0.06688894014683279,0.02,True,0.25
2.208920822280462,16.79288759736658,5.8364219775562285,3.0772636451059063,75.99088773175333,12.817413071999999,2000.0,1.6457704658449049e-06,8.677360174687711e-07,230.0,230.00000068065262,,2.452810661041165,,0.002564731720241043,,nan,,"{""comparison"":false,""inputs"":{""Q"":2000.0,""T_hs"":230.0,""current_uA"":0.02,""detuning_offset_meV"":0.0,""height_nm"":3.0,""radius_nm"":10.0,""x_in"":0.25},""regime"":""rectangular""}",0.02564746663466914,0.025647317202410428,1.4943225871177673e-07,True,0.02,rectangular,,-2.0720181126421267e-07,0.0,False,True,False,0.1,-3901.8335667870415,0.9989011864102583,0.9989011864102583,,0.003301931629964929,0.006603863259929858,0.020321828327032727,0.019271466333515373,12.5,,3.0,True,nan,[],,23419.346764388178,11709.673382194089,,1.1044604112438319,561.2885584192206,3.2059333293336424e-09,3.2059146503013034e-09,1.8679032338972092e-14,,0.030913554064414085,,10000000000.0,,False,0.003301931629964929,,ingan_gan_planar,3.884081592483214e-10,[A/E/DR] evaluator output; Taylor et al. 2010 Q=167 [V] where used,,309135540.64414084,10.0,rectangular,80000000.0,0.9090913906113713,S128,sensitivity,,detuning_offset_meV,nan,nan,nan,nan,nan,,nan,nan,nan,0.02564746663466914,,,10.0,,,0.028212198354910182,0.02,True,0.25
2.208920822280462,16.79288759736658,5.8364219775562285,3.0772636451059063,75.99088773175333,12.817413071999999,2000.0,1.6457704658449049e-06,8.677360174687711e-07,230.0,230.00000068065262,,2.452810661041165,,0.08296682312254733,,0.0,,"{""comparison"":false,""inputs"":{""Q"":2000.0,""T_hs"":230.0,""current_uA"":0.02,""detuning_offset_meV"":0.0,""height_nm"":3.0,""radius_nm"":10.0,""x_in"":0.25},""regime"":""deterministic_pair""}",0.8296682312254734,0.8296682312254734,0.0,True,0.02,deterministic_pair,,-2.0720181126421267e-07,0.0,False,True,False,0.1,-3901.8335667870415,0.17355371900826455,0.17355371900826455,,0.003301931629964929,0.006603863259929858,0.020321828327032727,0.019271466333515373,12.5,False,3.0,True,0.0,[],,23419.346764388178,11709.673382194089,,1.1044604112438319,561.2885584192206,1.0370852890318417e-07,1.0370852890318417e-07,0.0,,0.030913554064414085,,10000000000.0,True,False,0.003301931629964929,True,ingan_gan_planar,3.884081592483214e-10,[A/E/DR] evaluator output; Taylor et al. 2010 Q=167 [V] where used,,309135540.64414084,10.0,deterministic_pair,80000000.0,0.9090909090909091,S129,sensitivity,,detuning_offset_meV,5.285087763377385e-18,1.5295281135357035,30.31504311247509,38.74045864977526,18921161667.91825,False,1.0,0.7647640567678519,5.0,0.8296682312254734,,,10.0,,,0.9126350543480207,0.02,True,0.25
2.1839109384684114,16.77901297723189,3.2990903062951293,2.7589632742588286,75.99088773175333,12.817413071999999,2000.0,5.702752350196195e-07,4.769098237579364e-07,300.0,300.0000006829321,,2.3868912982517547,,0.00042470937212596974,,nan,,"{""comparison"":false,""inputs"":{""Q"":2000.0,""T_hs"":300.0,""current_uA"":0.02,""detuning_offset_meV"":0.0,""height_nm"":3.0,""radius_nm"":10.0,""x_in"":0.25},""regime"":""rectangular""}",0.004247138693754914,0.0042470937212596965,4.497249521672975e-08,True,0.02,rectangular,,-2.1593571375433385e-07,0.0,False,True,False,0.1,-3902.748396421988,0.9996791936846767,0.9996791936846767,,0.0032189988716036337,0.006437997743207267,0.01776219933327007,0.010619767973282507,12.5,,3.0,True,nan,[],,37244.33839995339,18622.169199976695,,1.0919554693421736,567.7163670737909,5.308923367193642e-10,5.308867151574621e-10,5.6215619020912184e-15,,0.030905949172482315,,10000000000.0,,False,0.0032189988716036337,,ingan_gan_planar,3.778979081712954e-10,[A/E/DR] evaluator output; Taylor et al. 2010 Q=167 [V] where used,,309059491.7248231,10.0,rectangular,80000000.0,0.9090917842068371,S130,sensitivity,,detuning_offset_meV,nan,nan,nan,nan,nan,,nan,nan,nan,0.004247138693754914,,,10.0,,,0.004671848065880883,0.02,True,0.25
2.1839109384684114,16.77901297723189,3.2990903062951293,2.7589632742588286,75.99088773175333,12.817413071999999,2000.0,5.702752350196195e-07,4.769098237579364e-07,300.0,300.0000006829321,,2.3868912982517547,,0.01374222207633541,,0.0,,"{""comparison"":false,""inputs"":{""Q"":2000.0,""T_hs"":300.0,""current_uA"":0.02,""detuning_offset_meV"":0.0,""height_nm"":3.0,""radius_nm"":10.0,""x_in"":0.25},""regime"":""deterministic_pair""}",0.13742222076335409,0.13742222076335409,0.0,True,0.02,deterministic_pair,,-2.1593571375433385e-07,0.0,False,True,False,0.1,-3902.748396421988,0.17355371900826455,0.17355371900826455,,0.0032189988716036337,0.006437997743207267,0.01776219933327007,0.010619767973282507,12.5,False,3.0,True,0.0,[],,37244.33839995339,18622.169199976695,,1.0919554693421736,567.7163670737909,1.717777759541926e-08,1.717777759541926e-08,0.0,,0.030905949172482315,,10000000000.0,True,False,0.0032189988716036337,True,ingan_gan_planar,3.778979081712954e-10,[A/E/DR] evaluator output; Taylor et al. 2010 Q=167 [V] where used,,309059491.7248231,10.0,deterministic_pair,80000000.0,0.9090909090909091,S131,sensitivity,,detuning_offset_meV,5.285087763377385e-18,1.1726382211781896,30.31504311247509,38.74045864977526,18921161667.91825,False,1.0,0.5863191105890947,5.0,0.13742222076335409,,,10.0,,,0.1511644428396895,0.02,True,0.25
2.208920822280462,16.79288759736658,3.067775572076701,1.7624791330563134,75.99088773175333,12.817413071999999,2000.0,8.650605445385454e-07,4.969893279149204e-07,230.0,230.00000068065262,,2.452810661041165,,7.759183924676853e-05,,nan,,"{""comparison"":false,""inputs"":{""Q"":2000.0,""T_hs"":230.0,""current_uA"":0.02,""detuning_offset_meV"":10.0,""height_nm"":3.0,""radius_nm"":10.0,""x_in"":0.25},""regime"":""rectangular""}",0.0007759227944418132,0.0007759183924676852,4.401974128008443e-09,True,0.02,rectangular,,9.999999792797976,10.0,False,True,False,0.1,-3901.8335667870415,0.9988929950189479,0.9988929950189479,,0.003301931629964929,0.006603863259929858,0.011639171193183615,0.010129585195073813,12.5,,3.0,True,nan,[],,23419.346764388178,11709.673382194089,,1.099460411243832,561.2885584192206,9.699034930522664e-11,9.698979905846064e-11,5.502467660010554e-16,,0.030913554064414085,,10000000000.0,,False,0.003301931629964929,,ingan_gan_planar,3.884081592483214e-10,[A/E/DR] evaluator output; Taylor et al. 2010 Q=167 [V] where used,,309135540.64414084,10.0,rectangular,80000000.0,0.9090913779516062,S132,sensitivity,,detuning_offset_meV,nan,nan,nan,nan,nan,,nan,nan,nan,0.0007759227944418132,,,10.0,,,0.0008535146336885818,0.02,True,0.25
2.208920822280462,16.79288759736658,3.067775572076701,1.7624791330563134,75.99088773175333,12.817413071999999,2000.0,8.650605445385454e-07,4.969893279149204e-07,230.0,230.00000068065262,,2.452810661041165,,0.002510027989230776,,0.0,,"{""comparison"":false,""inputs"":{""Q"":2000.0,""T_hs"":230.0,""current_uA"":0.02,""detuning_offset_meV"":10.0,""height_nm"":3.0,""radius_nm"":10.0,""x_in"":0.25},""regime"":""deterministic_pair""}",0.02510027989230776,0.02510027989230776,0.0,True,0.02,deterministic_pair,,9.999999792797976,10.0,False,True,False,0.1,-3901.8335667870415,0.17355371900826455,0.17355371900826455,,0.003301931629964929,0.006603863259929858,0.011639171193183615,0.010129585195073813,12.5,False,3.0,True,0.0,[],,23419.346764388178,11709.673382194089,,1.099460411243832,561.2885584192206,3.1375349865384697e-09,3.1375349865384697e-09,0.0,,0.030913554064414085,,10000000000.0,True,False,0.003301931629964929,True,ingan_gan_planar,3.884081592483214e-10,[A/E/DR] evaluator output; Taylor et al. 2010 Q=167 [V] where used,,309135540.64414084,10.0,deterministic_pair,80000000.0,0.9090909090909091,S133,sensitivity,,detuning_offset_meV,5.285087763377385e-18,1.5295281135357035,30.31504311247509,38.74045864977526,18921161667.91825,False,1.0,0.7647640567678519,5.0,0.02510027989230776,,,10.0,,,0.027610307881538537,0.02,True,0.25
2.1839109384684114,16.77901297723189,2.7510376777938728,2.027036676110673,75.99088773175333,12.817413071999999,2000.0,4.7553981892637485e-07,3.5039024813506433e-07,300.0,300.0000006829321,,2.3868912982517547,,0.0002680643992856761,,nan,,"{""comparison"":false,""inputs"":{""Q"":2000.0,""T_hs"":300.0,""current_uA"":0.02,""detuning_offset_meV"":10.0,""height_nm"":3.0,""radius_nm"":10.0,""x_in"":0.25},""regime"":""rectangular""}",0.002680663150882631,0.002680643992856761,1.9158025869513602e-08,True,0.02,rectangular,,9.999999784064073,10.0,False,True,False,0.1,-3902.748396421988,0.9994951045143491,0.9994951045143491,,0.0032189988716036337,0.006437997743207267,0.013050057546198875,0.008855587180557557,12.5,,3.0,True,nan,[],,37244.33839995339,18622.169199976695,,1.0869554693421737,567.7163670737909,3.350828938603288e-10,3.3508049910709513e-10,2.3947532336892002e-15,,0.030905949172482315,,10000000000.0,,False,0.0032189988716036337,,ingan_gan_planar,3.778979081712954e-10,[A/E/DR] evaluator output; Taylor et al. 2010 Q=167 [V] where used,,309059491.7248231,10.0,rectangular,80000000.0,0.9090914997316807,S134,sensitivity,,detuning_offset_meV,nan,nan,nan,nan,nan,,nan,nan,nan,0.002680663150882631,,,10.0,,,0.002948727550168307,0.02,True,0.25
2.1839109384684114,16.77901297723189,2.7510376777938728,2.027036676110673,75.99088773175333,12.817413071999999,2000.0,4.7553981892637485e-07,3.5039024813506433e-07,300.0,300.0000006829321,,2.3868912982517547,,0.008673697232788994,,0.0,,"{""comparison"":false,""inputs"":{""Q"":2000.0,""T_hs"":300.0,""current_uA"":0.02,""detuning_offset_meV"":10.0,""height_nm"":3.0,""radius_nm"":10.0,""x_in"":0.25},""regime"":""deterministic_pair""}",0.08673697232788993,0.08673697232788993,0.0,True,0.02,deterministic_pair,,9.999999784064073,10.0,False,True,False,0.1,-3902.748396421988,0.17355371900826455,0.17355371900826455,,0.0032189988716036337,0.006437997743207267,0.013050057546198875,0.008855587180557557,12.5,False,3.0,True,0.0,[],,37244.33839995339,18622.169199976695,,1.0869554693421737,567.7163670737909,1.0842121540986241e-08,1.0842121540986241e-08,0.0,,0.030905949172482315,,10000000000.0,True,False,0.0032189988716036337,True,ingan_gan_planar,3.778979081712954e-10,[A/E/DR] evaluator output; Taylor et al. 2010 Q=167 [V] where used,,309059491.7248231,10.0,deterministic_pair,80000000.0,0.9090909090909091,S135,sensitivity,,detuning_offset_meV,5.285087763377385e-18,1.1726382211781896,30.31504311247509,38.74045864977526,18921161667.91825,False,1.0,0.5863191105890947,5.0,0.08673697232788993,,,10.0,,,0.09541066956067892,0.02,True,0.25
2.208920822280462,16.79288759736658,1.0,1.0,0.0,12.817413071999999,2000.0,2.81983159658132e-07,2.81983159658132e-07,230.0,230.00000068065262,,2.452810661041165,,0.00043943622098712077,,nan,,"{""comparison"":false,""inputs"":{""Q"":2000.0,""T_hs"":230.0,""current_uA"":0.02,""height_nm"":3.0,""purcell_enabled"":false,""radius_nm"":10.0,""x_in"":0.25},""regime"":""rectangular""}",0.004394410770075043,0.004394362209871207,4.856020383592575e-08,True,0.02,rectangular,,-2.0720181126421267e-07,,False,True,False,0.1,-3901.8335667870415,0.9991805010910488,0.9991805010910488,,0.003301931629964929,0.006603863259929858,0.006603863259929858,0.003301931629964929,12.5,,3.0,True,nan,[],,23419.346764388178,11709.673382194089,,1.1044604112438319,561.2885584192206,5.493013462593804e-10,5.492952762339009e-10,6.070025479490719e-15,,0.030913554064414085,,10000000000.0,,False,0.003301931629964929,,ingan_gan_planar,3.884081592483214e-10,[A/E/DR] evaluator output; Taylor et al. 2010 Q=167 [V] where used,False,309135540.64414084,10.0,rectangular,80000000.0,0.9090918223519191,S136,sensitivity,,purcell_enabled,nan,nan,nan,nan,nan,,nan,nan,nan,0.004394410770075043,,,10.0,,,0.004833846991062163,0.02,True,0.25
2.208920822280462,16.79288759736658,1.0,1.0,0.0,12.817413071999999,2000.0,2.81983159658132e-07,2.81983159658132e-07,230.0,230.00000068065262,,2.452810661041165,,0.014215376576758915,,0.0,,"{""comparison"":false,""inputs"":{""Q"":2000.0,""T_hs"":230.0,""current_uA"":0.02,""height_nm"":3.0,""purcell_enabled"":false,""radius_nm"":10.0,""x_in"":0.25},""regime"":""deterministic_pair""}",0.14215376576758915,0.14215376576758915,0.0,True,0.02,deterministic_pair,,-2.0720181126421267e-07,,False,True,False,0.1,-3901.8335667870415,0.17355371900826455,0.17355371900826455,,0.003301931629964929,0.006603863259929858,0.006603863259929858,0.003301931629964929,12.5,False,3.0,True,0.0,[],,23419.346764388178,11709.673382194089,,1.1044604112438319,561.2885584192206,1.776922072094864e-08,1.776922072094864e-08,0.0,,0.030913554064414085,,10000000000.0,True,False,0.003301931629964929,True,ingan_gan_planar,3.884081592483214e-10,[A/E/DR] evaluator output; Taylor et al. 2010 Q=167 [V] where used,False,309135540.64414084,10.0,deterministic_pair,80000000.0,0.9090909090909091,S137,sensitivity,,purcell_enabled,5.285087763377385e-18,1.5295281135357035,30.31504311247509,38.74045864977526,18921161667.91825,False,1.0,0.7647640567678519,5.0,0.14215376576758915,,,10.0,,,0.15636914234434807,0.02,True,0.25
2.1839109384684114,16.77901297723189,1.0,1.0,0.0,12.817413071999999,2000.0,1.728583969249231e-07,1.728583969249231e-07,300.0,300.0000006829321,,2.3868912982517547,,0.00012873534868067596,,nan,,"{""comparison"":false,""inputs"":{""Q"":2000.0,""T_hs"":300.0,""current_uA"":0.02,""height_nm"":3.0,""purcell_enabled"":false,""radius_nm"":10.0,""x_in"":0.25},""regime"":""rectangular""}",0.001287369787323396,0.0012873534868067596,1.6300516636357178e-08,True,0.02,rectangular,,-2.1593571375433385e-07,,False,True,False,0.1,-3902.748396421988,0.9997900585472207,0.9997900585472207,,0.0032189988716036337,0.006437997743207267,0.006437997743207267,0.0032189988716036337,12.5,,3.0,True,nan,[],,37244.33839995339,18622.169199976695,,1.0919554693421736,567.7163670737909,1.609212234154245e-10,1.6091918585084494e-10,2.0375645795446473e-15,,0.030905949172482315,,10000000000.0,,False,0.0032189988716036337,,ingan_gan_planar,3.778979081712954e-10,[A/E/DR] evaluator output; Taylor et al. 2010 Q=167 [V] where used,False,309059491.7248231,10.0,rectangular,80000000.0,0.9090919555281481,S138,sensitivity,,purcell_enabled,nan,nan,nan,nan,nan,,nan,nan,nan,0.001287369787323396,,,10.0,,,0.001416105136004072,0.02,True,0.25
2.1839109384684114,16.77901297723189,1.0,1.0,0.0,12.817413071999999,2000.0,1.728583969249231e-07,1.728583969249231e-07,300.0,300.0000006829321,,2.3868912982517547,,0.0041654596454989016,,0.0,,"{""comparison"":false,""inputs"":{""Q"":2000.0,""T_hs"":300.0,""current_uA"":0.02,""height_nm"":3.0,""purcell_enabled"":false,""radius_nm"":10.0,""x_in"":0.25},""regime"":""deterministic_pair""}",0.041654596454989014,0.041654596454989014,0.0,True,0.02,deterministic_pair,,-2.1593571375433385e-07,,False,True,False,0.1,-3902.748396421988,0.17355371900826433,0.17355371900826433,,0.0032189988716036337,0.006437997743207267,0.006437997743207267,0.0032189988716036337,12.5,False,3.0,True,0.0,[],,37244.33839995339,18622.169199976695,,1.0919554693421736,567.7163670737909,5.206824556873626e-09,5.206824556873626e-09,0.0,,0.030905949172482315,,10000000000.0,True,False,0.0032189988716036337,True,ingan_gan_planar,3.778979081712954e-10,[A/E/DR] evaluator output; Taylor et al. 2010 Q=167 [V] where used,False,309059491.7248231,10.0,deterministic_pair,80000000.0,0.9090909090909092,S139,sensitivity,,purcell_enabled,5.285087763377385e-18,1.1726382211781896,30.31504311247509,38.74045864977526,18921161667.91825,False,1.0,0.5863191105890947,5.0,0.041654596454989014,,,10.0,,,0.045820056100487914,0.02,True,0.25
2.208920822280462,16.79288759736658,5.8364219775562285,3.0772636451059063,75.99088773175333,12.817413071999999,2000.0,1.6457704658449049e-06,8.677360174687711e-07,230.0,230.00000068065262,,2.452810661041165,,0.002564731720241043,,nan,,"{""comparison"":false,""inputs"":{""Q"":2000.0,""T_hs"":230.0,""current_uA"":0.02,""height_nm"":3.0,""purcell_enabled"":true,""radius_nm"":10.0,""x_in"":0.25},""regime"":""rectangular""}",0.02564746663466914,0.025647317202410428,1.4943225871177673e-07,True,0.02,rectangular,,-2.0720181126421267e-07,,False,True,False,0.1,-3901.8335667870415,0.9989011864102583,0.9989011864102583,,0.003301931629964929,0.006603863259929858,0.020321828327032727,0.019271466333515373,12.5,,3.0,True,nan,[],,23419.346764388178,11709.673382194089,,1.1044604112438319,561.2885584192206,3.2059333293336424e-09,3.2059146503013034e-09,1.8679032338972092e-14,,0.030913554064414085,,10000000000.0,,False,0.003301931629964929,,ingan_gan_planar,3.884081592483214e-10,[A/E/DR] evaluator output; Taylor et al. 2010 Q=167 [V] where used,True,309135540.64414084,10.0,rectangular,80000000.0,0.9090913906113713,S140,sensitivity,,purcell_enabled,nan,nan,nan,nan,nan,,nan,nan,nan,0.02564746663466914,,,10.0,,,0.028212198354910182,0.02,True,0.25
2.208920822280462,16.79288759736658,5.8364219775562285,3.0772636451059063,75.99088773175333,12.817413071999999,2000.0,1.6457704658449049e-06,8.677360174687711e-07,230.0,230.00000068065262,,2.452810661041165,,0.08296682312254733,,0.0,,"{""comparison"":false,""inputs"":{""Q"":2000.0,""T_hs"":230.0,""current_uA"":0.02,""height_nm"":3.0,""purcell_enabled"":true,""radius_nm"":10.0,""x_in"":0.25},""regime"":""deterministic_pair""}",0.8296682312254734,0.8296682312254734,0.0,True,0.02,deterministic_pair,,-2.0720181126421267e-07,,False,True,False,0.1,-3901.8335667870415,0.17355371900826455,0.17355371900826455,,0.003301931629964929,0.006603863259929858,0.020321828327032727,0.019271466333515373,12.5,False,3.0,True,0.0,[],,23419.346764388178,11709.673382194089,,1.1044604112438319,561.2885584192206,1.0370852890318417e-07,1.0370852890318417e-07,0.0,,0.030913554064414085,,10000000000.0,True,False,0.003301931629964929,True,ingan_gan_planar,3.884081592483214e-10,[A/E/DR] evaluator output; Taylor et al. 2010 Q=167 [V] where used,True,309135540.64414084,10.0,deterministic_pair,80000000.0,0.9090909090909091,S141,sensitivity,,purcell_enabled,5.285087763377385e-18,1.5295281135357035,30.31504311247509,38.74045864977526,18921161667.91825,False,1.0,0.7647640567678519,5.0,0.8296682312254734,,,10.0,,,0.9126350543480207,0.02,True,0.25
2.1839109384684114,16.77901297723189,3.2990903062951293,2.7589632742588286,75.99088773175333,12.817413071999999,2000.0,5.702752350196195e-07,4.769098237579364e-07,300.0,300.0000006829321,,2.3868912982517547,,0.00042470937212596974,,nan,,"{""comparison"":false,""inputs"":{""Q"":2000.0,""T_hs"":300.0,""current_uA"":0.02,""height_nm"":3.0,""purcell_enabled"":true,""radius_nm"":10.0,""x_in"":0.25},""regime"":""rectangular""}",0.004247138693754914,0.0042470937212596965,4.497249521672975e-08,True,0.02,rectangular,,-2.1593571375433385e-07,,False,True,False,0.1,-3902.748396421988,0.9996791936846767,0.9996791936846767,,0.0032189988716036337,0.006437997743207267,0.01776219933327007,0.010619767973282507,12.5,,3.0,True,nan,[],,37244.33839995339,18622.169199976695,,1.0919554693421736,567.7163670737909,5.308923367193642e-10,5.308867151574621e-10,5.6215619020912184e-15,,0.030905949172482315,,10000000000.0,,False,0.0032189988716036337,,ingan_gan_planar,3.778979081712954e-10,[A/E/DR] evaluator output; Taylor et al. 2010 Q=167 [V] where used,True,309059491.7248231,10.0,rectangular,80000000.0,0.9090917842068371,S142,sensitivity,,purcell_enabled,nan,nan,nan,nan,nan,,nan,nan,nan,0.004247138693754914,,,10.0,,,0.004671848065880883,0.02,True,0.25
2.1839109384684114,16.77901297723189,3.2990903062951293,2.7589632742588286,75.99088773175333,12.817413071999999,2000.0,5.702752350196195e-07,4.769098237579364e-07,300.0,300.0000006829321,,2.3868912982517547,,0.01374222207633541,,0.0,,"{""comparison"":false,""inputs"":{""Q"":2000.0,""T_hs"":300.0,""current_uA"":0.02,""height_nm"":3.0,""purcell_enabled"":true,""radius_nm"":10.0,""x_in"":0.25},""regime"":""deterministic_pair""}",0.13742222076335409,0.13742222076335409,0.0,True,0.02,deterministic_pair,,-2.1593571375433385e-07,,False,True,False,0.1,-3902.748396421988,0.17355371900826455,0.17355371900826455,,0.0032189988716036337,0.006437997743207267,0.01776219933327007,0.010619767973282507,12.5,False,3.0,True,0.0,[],,37244.33839995339,18622.169199976695,,1.0919554693421736,567.7163670737909,1.717777759541926e-08,1.717777759541926e-08,0.0,,0.030905949172482315,,10000000000.0,True,False,0.0032189988716036337,True,ingan_gan_planar,3.778979081712954e-10,[A/E/DR] evaluator output; Taylor et al. 2010 Q=167 [V] where used,True,309059491.7248231,10.0,deterministic_pair,80000000.0,0.9090909090909091,S143,sensitivity,,purcell_enabled,5.285087763377385e-18,1.1726382211781896,30.31504311247509,38.74045864977526,18921161667.91825,False,1.0,0.5863191105890947,5.0,0.13742222076335409,,,10.0,,,0.1511644428396895,0.02,True,0.25
2.208920822280462,16.79288759736658,3.8473526497629966,2.9497302559040888,6.345239125601403,12.817413071999999,167.0,1.0848877854368903e-06,8.317738003971944e-07,230.0,230.00000068065262,,2.452810661041165,,0.010230161234742807,,nan,,"{""comparison"":false,""inputs"":{""Q"":167.0,""T_hs"":230.0,""current_uA"":0.02,""height_nm"":3.0,""radius_nm"":10.0,""x_in"":0.25},""regime"":""rectangular""}",0.10230272846147936,0.10230161234742806,1.1161140513171584e-06,True,0.02,rectangular,,-2.0720181126421267e-07,,False,True,False,0.1,-3901.8335667870415,0.9991729883153779,0.9991729883153779,,0.003301931629964929,0.006603863259929858,0.01947961526366851,0.01270369540588182,12.5,,3.0,True,nan,[],,23419.346764388178,11709.673382194089,,13.227070793339305,561.2885584192206,1.2787841057684921e-08,1.2787701543428507e-08,1.395142564146448e-13,,0.030913554064414085,,10000000000.0,,False,0.003301931629964929,,ingan_gan_planar,3.884081592483214e-10,[A/E/DR] evaluator output; Taylor et al. 2010 Q=167 [V] where used,,309135540.64414084,10.0,rectangular,80000000.0,0.9090918107376545,S144,sensitivity,,Q,nan,nan,nan,nan,nan,,nan,nan,nan,0.10230272846147936,,,10.0,,,0.11253288969622219,0.02,True,0.25
2.208920822280462,16.79288759736658,3.8473526497629966,2.9497302559040888,6.345239125601403,12.817413071999999,167.0,1.0848877854368903e-06,8.317738003971944e-07,230.0,230.00000068065262,,2.452810661041165,,0.33093674905333986,,0.0,,"{""comparison"":false,""inputs"":{""Q"":167.0,""T_hs"":230.0,""current_uA"":0.02,""height_nm"":3.0,""radius_nm"":10.0,""x_in"":0.25},""regime"":""deterministic_pair""}",3.3093674905333987,3.3093674905333987,0.0,True,0.02,deterministic_pair,,-2.0720181126421267e-07,,False,True,False,0.1,-3901.8335667870415,0.17355371900826455,0.17355371900826455,,0.003301931629964929,0.006603863259929858,0.01947961526366851,0.01270369540588182,12.5,False,3.0,True,0.0,[],,23419.346764388178,11709.673382194089,,13.227070793339305,561.2885584192206,4.136709363166748e-07,4.136709363166748e-07,0.0,,0.030913554064414085,,10000000000.0,True,False,0.003301931629964929,True,ingan_gan_planar,3.884081592483214e-10,[A/E/DR] evaluator output; Taylor et al. 2010 Q=167 [V] where used,,309135540.64414084,10.0,deterministic_pair,80000000.0,0.9090909090909091,S145,sensitivity,,Q,5.285087763377385e-18,1.5295281135357035,30.31504311247509,38.74045864977526,18921161667.91825,False,1.0,0.7647640567678519,5.0,3.3093674905333987,,,10.0,,,3.6403042395867384,0.02,True,0.25
2.1839109384684114,16.77901297723189,2.7259423071318576,2.471324838354598,6.345239125601403,12.817413071999999,167.0,4.712018767405654e-07,4.2718914119134184e-07,300.0,300.0000006829321,,2.3868912982517547,,0.002962389298417372,,nan,,"{""comparison"":false,""inputs"":{""Q"":167.0,""T_hs"":300.0,""current_uA"":0.02,""height_nm"":3.0,""radius_nm"":10.0,""x_in"":0.25},""regime"":""rectangular""}",0.02962426339338993,0.02962389298417372,3.70409216207116e-07,True,0.02,rectangular,,-2.1593571375433385e-07,,False,True,False,0.1,-3902.748396421988,0.9997815927440364,0.9997815927440364,,0.0032189988716036337,0.006437997743207267,0.015910383732058966,0.008774805210714056,12.5,,3.0,True,nan,[],,37244.33839995339,18622.169199976695,,13.07731101008591,567.7163670737909,3.7030329241737407e-09,3.702986623021715e-09,4.630115202588949e-14,,0.030905949172482315,,10000000000.0,,False,0.0032189988716036337,,ingan_gan_planar,3.778979081712954e-10,[A/E/DR] evaluator output; Taylor et al. 2010 Q=167 [V] where used,,309059491.7248231,10.0,rectangular,80000000.0,0.909091942445437,S146,sensitivity,,Q,nan,nan,nan,nan,nan,,nan,nan,nan,0.02962426339338993,,,10.0,,,0.0325866526918073,0.02,True,0.25
2.1839109384684114,16.77901297723189,2.7259423071318576,2.471324838354598,6.345239125601403,12.817413071999999,167.0,4.712018767405654e-07,4.2718914119134184e-07,300.0,300.0000006829321,,2.3868912982517547,,0.0958533394535186,,0.0,,"{""comparison"":false,""inputs"":{""Q"":167.0,""T_hs"":300.0,""current_uA"":0.02,""height_nm"":3.0,""radius_nm"":10.0,""x_in"":0.25},""regime"":""deterministic_pair""}",0.9585333945351858,0.9585333945351858,0.0,True,0.02,deterministic_pair,,-2.1593571375433385e-07,,False,True,False,0.1,-3902.748396421988,0.17355371900826433,0.17355371900826433,,0.0032189988716036337,0.006437997743207267,0.015910383732058966,0.008774805210714056,12.5,False,3.0,True,0.0,[],,37244.33839995339,18622.169199976695,,13.07731101008591,567.7163670737909,1.1981667431689822e-07,1.1981667431689822e-07,0.0,,0.030905949172482315,,10000000000.0,True,False,0.0032189988716036337,True,ingan_gan_planar,3.778979081712954e-10,[A/E/DR] evaluator output; Taylor et al. 2010 Q=167 [V] where used,,309059491.7248231,10.0,deterministic_pair,80000000.0,0.9090909090909092,S147,sensitivity,,Q,5.285087763377385e-18,1.1726382211781896,30.31504311247509,38.74045864977526,18921161667.91825,False,1.0,0.5863191105890947,5.0,0.9585333945351858,,,10.0,,,1.0543867339887043,0.02,True,0.25
2.208920822280462,16.79288759736658,1.0,1.0,0.0,12.817413071999999,2000.0,2.81983159658132e-07,2.81983159658132e-07,230.0,230.00000068065262,,2.452810661041165,,0.00043943622098712077,,nan,,"{""comparison"":false,""inputs"":{""Q"":2000.0,""T_hs"":230.0,""current_uA"":0.02,""height_nm"":3.0,""purcell_enabled"":false,""radius_nm"":10.0,""x_in"":0.25},""regime"":""rectangular""}",0.004394410770075043,0.004394362209871207,4.856020383592575e-08,True,0.02,rectangular,,-2.0720181126421267e-07,,False,True,False,0.1,-3901.8335667870415,0.9991805010910488,0.9991805010910488,,0.003301931629964929,0.006603863259929858,0.006603863259929858,0.003301931629964929,12.5,,3.0,True,nan,[],,23419.346764388178,11709.673382194089,,1.1044604112438319,561.2885584192206,5.493013462593804e-10,5.492952762339009e-10,6.070025479490719e-15,,0.030913554064414085,,10000000000.0,,False,0.003301931629964929,,ingan_gan_planar,3.884081592483214e-10,[A/E/DR] evaluator output; Taylor et al. 2010 Q=167 [V] where used,False,309135540.64414084,10.0,rectangular,80000000.0,0.9090918223519191,S148,sensitivity,,purcell_enabled,nan,nan,nan,nan,nan,,nan,nan,nan,0.004394410770075043,,,10.0,,,0.004833846991062163,0.02,True,0.25
2.208920822280462,16.79288759736658,1.0,1.0,0.0,12.817413071999999,2000.0,2.81983159658132e-07,2.81983159658132e-07,230.0,230.00000068065262,,2.452810661041165,,0.014215376576758915,,0.0,,"{""comparison"":false,""inputs"":{""Q"":2000.0,""T_hs"":230.0,""current_uA"":0.02,""height_nm"":3.0,""purcell_enabled"":false,""radius_nm"":10.0,""x_in"":0.25},""regime"":""deterministic_pair""}",0.14215376576758915,0.14215376576758915,0.0,True,0.02,deterministic_pair,,-2.0720181126421267e-07,,False,True,False,0.1,-3901.8335667870415,0.17355371900826455,0.17355371900826455,,0.003301931629964929,0.006603863259929858,0.006603863259929858,0.003301931629964929,12.5,False,3.0,True,0.0,[],,23419.346764388178,11709.673382194089,,1.1044604112438319,561.2885584192206,1.776922072094864e-08,1.776922072094864e-08,0.0,,0.030913554064414085,,10000000000.0,True,False,0.003301931629964929,True,ingan_gan_planar,3.884081592483214e-10,[A/E/DR] evaluator output; Taylor et al. 2010 Q=167 [V] where used,False,309135540.64414084,10.0,deterministic_pair,80000000.0,0.9090909090909091,S149,sensitivity,,purcell_enabled,5.285087763377385e-18,1.5295281135357035,30.31504311247509,38.74045864977526,18921161667.91825,False,1.0,0.7647640567678519,5.0,0.14215376576758915,,,10.0,,,0.15636914234434807,0.02,True,0.25
2.1839109384684114,16.77901297723189,1.0,1.0,0.0,12.817413071999999,2000.0,1.728583969249231e-07,1.728583969249231e-07,300.0,300.0000006829321,,2.3868912982517547,,0.00012873534868067596,,nan,,"{""comparison"":false,""inputs"":{""Q"":2000.0,""T_hs"":300.0,""current_uA"":0.02,""height_nm"":3.0,""purcell_enabled"":false,""radius_nm"":10.0,""x_in"":0.25},""regime"":""rectangular""}",0.001287369787323396,0.0012873534868067596,1.6300516636357178e-08,True,0.02,rectangular,,-2.1593571375433385e-07,,False,True,False,0.1,-3902.748396421988,0.9997900585472207,0.9997900585472207,,0.0032189988716036337,0.006437997743207267,0.006437997743207267,0.0032189988716036337,12.5,,3.0,True,nan,[],,37244.33839995339,18622.169199976695,,1.0919554693421736,567.7163670737909,1.609212234154245e-10,1.6091918585084494e-10,2.0375645795446473e-15,,0.030905949172482315,,10000000000.0,,False,0.0032189988716036337,,ingan_gan_planar,3.778979081712954e-10,[A/E/DR] evaluator output; Taylor et al. 2010 Q=167 [V] where used,False,309059491.7248231,10.0,rectangular,80000000.0,0.9090919555281481,S150,sensitivity,,purcell_enabled,nan,nan,nan,nan,nan,,nan,nan,nan,0.001287369787323396,,,10.0,,,0.001416105136004072,0.02,True,0.25
2.1839109384684114,16.77901297723189,1.0,1.0,0.0,12.817413071999999,2000.0,1.728583969249231e-07,1.728583969249231e-07,300.0,300.0000006829321,,2.3868912982517547,,0.0041654596454989016,,0.0,,"{""comparison"":false,""inputs"":{""Q"":2000.0,""T_hs"":300.0,""current_uA"":0.02,""height_nm"":3.0,""purcell_enabled"":false,""radius_nm"":10.0,""x_in"":0.25},""regime"":""deterministic_pair""}",0.041654596454989014,0.041654596454989014,0.0,True,0.02,deterministic_pair,,-2.1593571375433385e-07,,False,True,False,0.1,-3902.748396421988,0.17355371900826433,0.17355371900826433,,0.0032189988716036337,0.006437997743207267,0.006437997743207267,0.0032189988716036337,12.5,False,3.0,True,0.0,[],,37244.33839995339,18622.169199976695,,1.0919554693421736,567.7163670737909,5.206824556873626e-09,5.206824556873626e-09,0.0,,0.030905949172482315,,10000000000.0,True,False,0.0032189988716036337,True,ingan_gan_planar,3.778979081712954e-10,[A/E/DR] evaluator output; Taylor et al. 2010 Q=167 [V] where used,False,309059491.7248231,10.0,deterministic_pair,80000000.0,0.9090909090909092,S151,sensitivity,,purcell_enabled,5.285087763377385e-18,1.1726382211781896,30.31504311247509,38.74045864977526,18921161667.91825,False,1.0,0.5863191105890947,5.0,0.041654596454989014,,,10.0,,,0.045820056100487914,0.02,True,0.25
2.208920822280462,16.79288759736658,5.8364219775562285,3.0772636451059063,75.99088773175333,12.817413071999999,2000.0,1.6457704658449049e-06,8.677360174687711e-07,230.0,230.00000068065262,,2.452810661041165,,0.08296682312254733,,0.0,,"{""comparison"":false,""inputs"":{""Q"":2000.0,""T_hs"":230.0,""current_uA"":0.02,""height_nm"":3.0,""island_radius_nm"":0.5,""radius_nm"":10.0,""x_in"":0.25},""regime"":""deterministic_pair""}",0.8296682312254734,0.8296682312254734,0.0,True,0.02,deterministic_pair,,-2.0720181126421267e-07,,False,True,False,0.1,-3901.8335667870415,0.17355371900826455,0.17355371900826455,,0.003301931629964929,0.006603863259929858,0.020321828327032727,0.019271466333515373,12.5,True,3.0,True,0.0,[],0.5,23419.346764388178,11709.673382194089,,1.1044604112438319,561.2885584192206,1.0370852890318417e-07,1.0370852890318417e-07,0.0,,0.030913554064414085,,10000000000.0,True,False,0.003301931629964929,True,ingan_gan_planar,3.884081592483214e-10,[A/E/DR] evaluator output; Taylor et al. 2010 Q=167 [V] where used,,309135540.64414084,10.0,deterministic_pair,80000000.0,0.9090909090909091,I152,island,,island_radius_nm,5.285087763377385e-19,15.295281135357035,303.15043112475087,38.74045864977526,189211616679.18253,True,0.0,0.7647640567678519,0.5,0.8296682312254734,,,10.0,,,0.9126350543480207,0.02,True,0.25
2.2022181439358706,16.78904282544602,4.849868847049448,3.084644016612017,75.99088773175333,12.817413071999999,2000.0,1.1676653294357186e-06,7.426661454603783e-07,250.0,250.0000006815537,,2.434877827044563,,0.04696235378932431,,0.0,,"{""comparison"":false,""inputs"":{""Q"":2000.0,""T_hs"":250.0,""current_uA"":0.02,""height_nm"":3.0,""island_radius_nm"":0.5,""radius_nm"":10.0,""x_in"":0.25},""regime"":""deterministic_pair""}",0.46962353789324307,0.46962353789324307,0.0,True,0.02,deterministic_pair,,-2.1673507433206396e-07,,False,True,False,0.1,-3902.087032890389,0.17355371900826433,0.17355371900826433,,0.003279900926769027,0.006559801853538054,0.02023465353767658,0.015907089326145717,12.5,True,3.0,True,0.0,[],0.5,27245.941711185704,13622.970855592852,,1.1011090720763028,562.9968981111549,5.8702942236655375e-08,5.8702942236655375e-08,0.0,,0.030912632864794055,,10000000000.0,True,False,0.003279900926769027,True,ingan_gan_planar,3.8554878945533214e-10,[A/E/DR] evaluator output; Taylor et al. 2010 Q=167 [V] where used,,309126328.6479405,10.0,deterministic_pair,80000000.0,0.9090909090909092,I153,island,,island_radius_nm,5.285087763377385e-19,14.071658647809201,303.15043112475087,38.74045864977526,189211616679.18253,True,0.0,0.7035829323904601,0.5,0.46962353789324307,,,10.0,,,0.5165858916825673,0.02,True,0.25
2.1940612516712625,16.784501388218963,4.00420898687766,2.977143859756729,75.99088773175333,12.817413071999999,2000.0,8.197729260365554e-07,6.095042627197985e-07,273.0,273.00000068234147,,2.413336793977526,,0.025775337506045708,,0.0,,"{""comparison"":false,""inputs"":{""Q"":2000.0,""T_hs"":273.0,""current_uA"":0.02,""height_nm"":3.0,""island_radius_nm"":0.5,""radius_nm"":10.0,""x_in"":0.25},""regime"":""deterministic_pair""}",0.25775337506045704,0.25775337506045704,0.0,True,0.02,deterministic_pair,,-2.3111956792831734e-07,,False,True,False,0.1,-3902.3864669300974,0.17355371900826455,0.17355371900826455,,0.0032528930419186623,0.006505786083837325,0.019368661092387066,0.013025263551802516,12.5,True,3.0,True,0.0,[],0.5,31777.709315233664,15888.854657616832,,1.097030625951191,565.0899595695363,3.221917188255713e-08,3.221917188255713e-08,0.0,,0.030910559433468893,,10000000000.0,True,False,0.0032528930419186623,True,ingan_gan_planar,3.8211424368841123e-10,[A/E/DR] evaluator output; Taylor et al. 2010 Q=167 [V] where used,,309105594.3346889,10.0,deterministic_pair,80000000.0,0.9090909090909091,I154,island,,island_radius_nm,5.285087763377385e-19,12.886134295788088,303.15043112475087,38.74045864977526,189211616679.18253,True,0.0,0.6443067147894044,0.5,0.25775337506045704,,,10.0,,,0.28352871256650275,0.02,True,0.25
2.1839109384684114,16.77901297723189,3.2990903062951293,2.7589632742588286,75.99088773175333,12.817413071999999,2000.0,5.702752350196195e-07,4.769098237579364e-07,300.0,300.0000006829321,,2.3868912982517547,,0.01374222207633541,,0.0,,"{""comparison"":false,""inputs"":{""Q"":2000.0,""T_hs"":300.0,""current_uA"":0.02,""height_nm"":3.0,""island_radius_nm"":0.5,""radius_nm"":10.0,""x_in"":0.25},""regime"":""deterministic_pair""}",0.13742222076335409,0.13742222076335409,0.0,True,0.02,deterministic_pair,,-2.1593571375433385e-07,,False,True,False,0.1,-3902.748396421988,0.17355371900826455,0.17355371900826455,,0.0032189988716036337,0.006437997743207267,0.01776219933327007,0.010619767973282507,12.5,True,3.0,True,0.0,[],0.5,37244.33839995339,18622.169199976695,,1.0919554693421736,567.7163670737909,1.717777759541926e-08,1.717777759541926e-08,0.0,,0.030905949172482315,,10000000000.0,True,False,0.0032189988716036337,True,ingan_gan_planar,3.778979081712954e-10,[A/E/DR] evaluator output; Taylor et al. 2010 Q=167 [V] where used,,309059491.7248231,10.0,deterministic_pair,80000000.0,0.9090909090909091,I155,island,,island_radius_nm,5.285087763377385e-19,11.726382211781894,303.15043112475087,38.74045864977526,189211616679.18253,True,0.0,0.5863191105890947,0.5,0.13742222076335409,,,10.0,,,0.1511644428396895,0.02,True,0.25
2.208920822280462,16.79288759736658,5.8364219775562285,3.0772636451059063,75.99088773175333,12.817413071999999,2000.0,1.6457704658449049e-06,8.677360174687711e-07,230.0,230.00000068065262,,2.452810661041165,,0.08296682312254733,,0.0,,"{""comparison"":false,""inputs"":{""Q"":2000.0,""T_hs"":230.0,""current_uA"":0.02,""height_nm"":3.0,""island_radius_nm"":1.0,""radius_nm"":10.0,""x_in"":0.25},""regime"":""deterministic_pair""}",0.8296682312254734,0.8296682312254734,0.0,True,0.02,deterministic_pair,,-2.0720181126421267e-07,,False,True,False,0.1,-3901.8335667870415,0.17355371900826455,0.17355371900826455,,0.003301931629964929,0.006603863259929858,0.020321828327032727,0.019271466333515373,12.5,False,3.0,True,0.0,[],1.0,23419.346764388178,11709.673382194089,,1.1044604112438319,561.2885584192206,1.0370852890318417e-07,1.0370852890318417e-07,0.0,,0.030913554064414085,,10000000000.0,True,False,0.003301931629964929,True,ingan_gan_planar,3.884081592483214e-10,[A/E/DR] evaluator output; Taylor et al. 2010 Q=167 [V] where used,,309135540.64414084,10.0,deterministic_pair,80000000.0,0.9090909090909091,I156,island,,island_radius_nm,1.057017552675477e-18,7.6476405676785175,151.57521556237543,38.74045864977526,94605808339.59126,False,1.0,0.7647640567678519,1.0,0.8296682312254734,,,10.0,,,0.9126350543480207,0.02,True,0.25
2.2022181439358706,16.78904282544602,4.849868847049448,3.084644016612017,75.99088773175333,12.817413071999999,2000.0,1.1676653294357186e-06,7.426661454603783e-07,250.0,250.0000006815537,,2.434877827044563,,0.04696235378932431,,0.0,,"{""comparison"":false,""inputs"":{""Q"":2000.0,""T_hs"":250.0,""current_uA"":0.02,""height_nm"":3.0,""island_radius_nm"":1.0,""radius_nm"":10.0,""x_in"":0.25},""regime"":""deterministic_pair""}",0.46962353789324307,0.46962353789324307,0.0,True,0.02,deterministic_pair,,-2.1673507433206396e-07,,False,True,False,0.1,-3902.087032890389,0.17355371900826433,0.17355371900826433,,0.003279900926769027,0.006559801853538054,0.02023465353767658,0.015907089326145717,12.5,False,3.0,True,0.0,[],1.0,27245.941711185704,13622.970855592852,,1.1011090720763028,562.9968981111549,5.8702942236655375e-08,5.8702942236655375e-08,0.0,,0.030912632864794055,,10000000000.0,True,False,0.003279900926769027,True,ingan_gan_planar,3.8554878945533214e-10,[A/E/DR] evaluator output; Taylor et al. 2010 Q=167 [V] where used,,309126328.6479405,10.0,deterministic_pair,80000000.0,0.9090909090909092,I157,island,,island_radius_nm,1.057017552675477e-18,7.035829323904601,151.57521556237543,38.74045864977526,94605808339.59126,False,1.0,0.7035829323904601,1.0,0.46962353789324307,,,10.0,,,0.5165858916825673,0.02,True,0.25
2.1940612516712625,16.784501388218963,4.00420898687766,2.977143859756729,75.99088773175333,12.817413071999999,2000.0,8.197729260365554e-07,6.095042627197985e-07,273.0,273.00000068234147,,2.413336793977526,,0.025775337506045708,,0.0,,"{""comparison"":false,""inputs"":{""Q"":2000.0,""T_hs"":273.0,""current_uA"":0.02,""height_nm"":3.0,""island_radius_nm"":1.0,""radius_nm"":10.0,""x_in"":0.25},""regime"":""deterministic_pair""}",0.25775337506045704,0.25775337506045704,0.0,True,0.02,deterministic_pair,,-2.3111956792831734e-07,,False,True,False,0.1,-3902.3864669300974,0.17355371900826455,0.17355371900826455,,0.0032528930419186623,0.006505786083837325,0.019368661092387066,0.013025263551802516,12.5,False,3.0,True,0.0,[],1.0,31777.709315233664,15888.854657616832,,1.097030625951191,565.0899595695363,3.221917188255713e-08,3.221917188255713e-08,0.0,,0.030910559433468893,,10000000000.0,True,False,0.0032528930419186623,True,ingan_gan_planar,3.8211424368841123e-10,[A/E/DR] evaluator output; Taylor et al. 2010 Q=167 [V] where used,,309105594.3346889,10.0,deterministic_pair,80000000.0,0.9090909090909091,I158,island,,island_radius_nm,1.057017552675477e-18,6.443067147894044,151.57521556237543,38.74045864977526,94605808339.59126,False,1.0,0.6443067147894044,1.0,0.25775337506045704,,,10.0,,,0.28352871256650275,0.02,True,0.25
2.1839109384684114,16.77901297723189,3.2990903062951293,2.7589632742588286,75.99088773175333,12.817413071999999,2000.0,5.702752350196195e-07,4.769098237579364e-07,300.0,300.0000006829321,,2.3868912982517547,,0.01374222207633541,,0.0,,"{""comparison"":false,""inputs"":{""Q"":2000.0,""T_hs"":300.0,""current_uA"":0.02,""height_nm"":3.0,""island_radius_nm"":1.0,""radius_nm"":10.0,""x_in"":0.25},""regime"":""deterministic_pair""}",0.13742222076335409,0.13742222076335409,0.0,True,0.02,deterministic_pair,,-2.1593571375433385e-07,,False,True,False,0.1,-3902.748396421988,0.17355371900826455,0.17355371900826455,,0.0032189988716036337,0.006437997743207267,0.01776219933327007,0.010619767973282507,12.5,False,3.0,True,0.0,[],1.0,37244.33839995339,18622.169199976695,,1.0919554693421736,567.7163670737909,1.717777759541926e-08,1.717777759541926e-08,0.0,,0.030905949172482315,,10000000000.0,True,False,0.0032189988716036337,True,ingan_gan_planar,3.778979081712954e-10,[A/E/DR] evaluator output; Taylor et al. 2010 Q=167 [V] where used,,309059491.7248231,10.0,deterministic_pair,80000000.0,0.9090909090909091,I159,island,,island_radius_nm,1.057017552675477e-18,5.863191105890947,151.57521556237543,38.74045864977526,94605808339.59126,False,1.0,0.5863191105890947,1.0,0.13742222076335409,,,10.0,,,0.1511644428396895,0.02,True,0.25
2.208920822280462,16.79288759736658,5.8364219775562285,3.0772636451059063,75.99088773175333,12.817413071999999,2000.0,1.6457704658449049e-06,8.677360174687711e-07,230.0,230.00000068065262,,2.452810661041165,,0.08296682312254733,,0.0,,"{""comparison"":false,""inputs"":{""Q"":2000.0,""T_hs"":230.0,""current_uA"":0.02,""height_nm"":3.0,""island_radius_nm"":5.0,""radius_nm"":10.0,""x_in"":0.25},""regime"":""deterministic_pair""}",0.8296682312254734,0.8296682312254734,0.0,True,0.02,deterministic_pair,,-2.0720181126421267e-07,,False,True,False,0.1,-3901.8335667870415,0.17355371900826455,0.17355371900826455,,0.003301931629964929,0.006603863259929858,0.020321828327032727,0.019271466333515373,12.5,False,3.0,True,0.0,[],5.0,23419.346764388178,11709.673382194089,,1.1044604112438319,561.2885584192206,1.0370852890318417e-07,1.0370852890318417e-07,0.0,,0.030913554064414085,,10000000000.0,True,False,0.003301931629964929,True,ingan_gan_planar,3.884081592483214e-10,[A/E/DR] evaluator output; Taylor et al. 2010 Q=167 [V] where used,,309135540.64414084,10.0,deterministic_pair,80000000.0,0.9090909090909091,I160,island,,island_radius_nm,5.285087763377385e-18,1.5295281135357035,30.31504311247509,38.74045864977526,18921161667.91825,False,1.0,0.7647640567678519,5.0,0.8296682312254734,,,10.0,,,0.9126350543480207,0.02,True,0.25
2.2022181439358706,16.78904282544602,4.849868847049448,3.084644016612017,75.99088773175333,12.817413071999999,2000.0,1.1676653294357186e-06,7.426661454603783e-07,250.0,250.0000006815537,,2.434877827044563,,0.04696235378932431,,0.0,,"{""comparison"":false,""inputs"":{""Q"":2000.0,""T_hs"":250.0,""current_uA"":0.02,""height_nm"":3.0,""island_radius_nm"":5.0,""radius_nm"":10.0,""x_in"":0.25},""regime"":""deterministic_pair""}",0.46962353789324307,0.46962353789324307,0.0,True,0.02,deterministic_pair,,-2.1673507433206396e-07,,False,True,False,0.1,-3902.087032890389,0.17355371900826433,0.17355371900826433,,0.003279900926769027,0.006559801853538054,0.02023465353767658,0.015907089326145717,12.5,False,3.0,True,0.0,[],5.0,27245.941711185704,13622.970855592852,,1.1011090720763028,562.9968981111549,5.8702942236655375e-08,5.8702942236655375e-08,0.0,,0.030912632864794055,,10000000000.0,True,False,0.003279900926769027,True,ingan_gan_planar,3.8554878945533214e-10,[A/E/DR] evaluator output; Taylor et al. 2010 Q=167 [V] where used,,309126328.6479405,10.0,deterministic_pair,80000000.0,0.9090909090909092,I161,island,,island_radius_nm,5.285087763377385e-18,1.4071658647809202,30.31504311247509,38.74045864977526,18921161667.91825,False,1.0,0.7035829323904601,5.0,0.46962353789324307,,,10.0,,,0.5165858916825673,0.02,True,0.25
2.1940612516712625,16.784501388218963,4.00420898687766,2.977143859756729,75.99088773175333,12.817413071999999,2000.0,8.197729260365554e-07,6.095042627197985e-07,273.0,273.00000068234147,,2.413336793977526,,0.025775337506045708,,0.0,,"{""comparison"":false,""inputs"":{""Q"":2000.0,""T_hs"":273.0,""current_uA"":0.02,""height_nm"":3.0,""island_radius_nm"":5.0,""radius_nm"":10.0,""x_in"":0.25},""regime"":""deterministic_pair""}",0.25775337506045704,0.25775337506045704,0.0,True,0.02,deterministic_pair,,-2.3111956792831734e-07,,False,True,False,0.1,-3902.3864669300974,0.17355371900826455,0.17355371900826455,,0.0032528930419186623,0.006505786083837325,0.019368661092387066,0.013025263551802516,12.5,False,3.0,True,0.0,[],5.0,31777.709315233664,15888.854657616832,,1.097030625951191,565.0899595695363,3.221917188255713e-08,3.221917188255713e-08,0.0,,0.030910559433468893,,10000000000.0,True,False,0.0032528930419186623,True,ingan_gan_planar,3.8211424368841123e-10,[A/E/DR] evaluator output; Taylor et al. 2010 Q=167 [V] where used,,309105594.3346889,10.0,deterministic_pair,80000000.0,0.9090909090909091,I162,island,,island_radius_nm,5.285087763377385e-18,1.2886134295788088,30.31504311247509,38.74045864977526,18921161667.91825,False,1.0,0.6443067147894044,5.0,0.25775337506045704,,,10.0,,,0.28352871256650275,0.02,True,0.25
2.1839109384684114,16.77901297723189,3.2990903062951293,2.7589632742588286,75.99088773175333,12.817413071999999,2000.0,5.702752350196195e-07,4.769098237579364e-07,300.0,300.0000006829321,,2.3868912982517547,,0.01374222207633541,,0.0,,"{""comparison"":false,""inputs"":{""Q"":2000.0,""T_hs"":300.0,""current_uA"":0.02,""height_nm"":3.0,""island_radius_nm"":5.0,""radius_nm"":10.0,""x_in"":0.25},""regime"":""deterministic_pair""}",0.13742222076335409,0.13742222076335409,0.0,True,0.02,deterministic_pair,,-2.1593571375433385e-07,,False,True,False,0.1,-3902.748396421988,0.17355371900826455,0.17355371900826455,,0.0032189988716036337,0.006437997743207267,0.01776219933327007,0.010619767973282507,12.5,False,3.0,True,0.0,[],5.0,37244.33839995339,18622.169199976695,,1.0919554693421736,567.7163670737909,1.717777759541926e-08,1.717777759541926e-08,0.0,,0.030905949172482315,,10000000000.0,True,False,0.0032189988716036337,True,ingan_gan_planar,3.778979081712954e-10,[A/E/DR] evaluator output; Taylor et al. 2010 Q=167 [V] where used,,309059491.7248231,10.0,deterministic_pair,80000000.0,0.9090909090909091,I163,island,,island_radius_nm,5.285087763377385e-18,1.1726382211781896,30.31504311247509,38.74045864977526,18921161667.91825,False,1.0,0.5863191105890947,5.0,0.13742222076335409,,,10.0,,,0.1511644428396895,0.02,True,0.25
2.208920822280462,16.79288759736658,1.6336738773508779,1.3237482372472287,75.99088773175333,12.817413071999999,2000.0,4.6066843947164527e-07,3.73274676454032e-07,230.0,230.00000068065262,300.0,2.452810661041165,,3.880134171272575e-06,,nan,,"{""comparison"":false,""inputs"":{""Q"":2000.0,""T_hs"":230.0,""T_track"":300.0,""current_uA"":0.02,""height_nm"":3.0,""radius_nm"":10.0,""x_in"":0.25},""regime"":""rectangular""}",3.880173957537539e-05,3.880134171272575e-05,3.9786264964846e-10,True,0.02,rectangular,,22.209883596023605,,False,True,False,0.1,-3901.8335667870415,0.9991379030238006,0.9991379030238006,,0.003301931629964929,0.006603863259929858,0.008741852349353886,0.0053942794486723095,12.5,,3.0,True,nan,[],,23419.346764388178,11709.673382194089,,1.0933554693422192,561.2885584192206,4.8502174469219245e-12,4.8501677140907184e-12,4.9732831206057494e-17,,0.030913554064414085,,10000000000.0,,False,0.003301931629964929,,ingan_gan_planar,3.884081592483214e-10,[A/E/DR] evaluator output; Taylor et al. 2010 Q=167 [V] where used,,309135540.64414084,10.0,rectangular,80000000.0,0.90909175650759,A000,anchor,,T_track_fixed_300K,nan,nan,nan,nan,nan,,nan,nan,nan,3.880173957537539e-05,,,10.0,,,4.268187374664797e-05,0.02,True,0.25
2.208920822280462,16.79288759736658,1.6336738773508779,1.3237482372472287,75.99088773175333,12.817413071999999,2000.0,4.6066843947164527e-07,3.73274676454032e-07,230.0,230.00000068065262,300.0,2.452810661041165,,0.00012551893944663583,,0.0,,"{""comparison"":false,""inputs"":{""Q"":2000.0,""T_hs"":230.0,""T_track"":300.0,""current_uA"":0.02,""height_nm"":3.0,""radius_nm"":10.0,""x_in"":0.25},""regime"":""deterministic_pair""}",0.001255189394466358,0.001255189394466358,0.0,True,0.02,deterministic_pair,,22.209883596023605,,False,True,False,0.1,-3901.8335667870415,0.17355371900826433,0.17355371900826433,,0.003301931629964929,0.006603863259929858,0.008741852349353886,0.0053942794486723095,12.5,False,3.0,True,0.0,[],,23419.346764388178,11709.673382194089,,1.0933554693422192,561.2885584192206,1.5689867430829476e-10,1.5689867430829476e-10,0.0,,0.030913554064414085,,10000000000.0,True,False,0.003301931629964929,True,ingan_gan_planar,3.884081592483214e-10,[A/E/DR] evaluator output; Taylor et al. 2010 Q=167 [V] where used,,309135540.64414084,10.0,deterministic_pair,80000000.0,0.9090909090909092,A001,anchor,,T_track_fixed_300K,5.285087763377385e-18,1.5295281135357035,30.31504311247509,38.74045864977526,18921161667.91825,False,1.0,0.7647640567678519,5.0,0.001255189394466358,,,10.0,,,0.0013807083339129938,0.02,True,0.25
2.2022181439358706,16.78904282544602,2.1749875817189586,1.5568797646149952,75.99088773175333,12.817413071999999,2000.0,5.236552382727963e-07,3.7483817024055023e-07,250.0,250.0000006815537,300.0,2.434877827044563,,1.105826049443066e-05,,nan,,"{""comparison"":false,""inputs"":{""Q"":2000.0,""T_hs"":250.0,""T_track"":300.0,""current_uA"":0.02,""height_nm"":3.0,""radius_nm"":10.0,""x_in"":0.25},""regime"":""rectangular""}",0.00011058353261280492,0.00011058260494430658,9.276684983150963e-10,True,0.02,rectangular,,16.307205251468115,,False,True,False,0.1,-3902.087032890389,0.9992361360429055,0.9992361360429055,,0.003279900926769027,0.006559801853538054,0.010212822765657334,0.007133743784991137,12.5,,3.0,True,nan,[],,27245.941711185704,13622.970855592852,,1.0929554693422012,562.9968981111549,1.3822941576600612e-11,1.3822825618038323e-11,1.1595856228938703e-16,,0.030912632864794055,,10000000000.0,,False,0.003279900926769027,,ingan_gan_planar,3.8554878945533214e-10,[A/E/DR] evaluator output; Taylor et al. 2010 Q=167 [V] where used,,309126328.6479405,10.0,rectangular,80000000.0,0.9090916023846998,A002,anchor,,T_track_fixed_300K,nan,nan,nan,nan,nan,,nan,nan,nan,0.00011058353261280492,,,10.0,,,0.00012164179310723556,0.02,True,0.25
2.2022181439358706,16.78904282544602,2.1749875817189586,1.5568797646149952,75.99088773175333,12.817413071999999,2000.0,5.236552382727963e-07,3.7483817024055023e-07,250.0,250.0000006815537,300.0,2.434877827044563,,0.00035773436997063455,,0.0,,"{""comparison"":false,""inputs"":{""Q"":2000.0,""T_hs"":250.0,""T_track"":300.0,""current_uA"":0.02,""height_nm"":3.0,""radius_nm"":10.0,""x_in"":0.25},""regime"":""deterministic_pair""}",0.003577343699706345,0.003577343699706345,0.0,True,0.02,deterministic_pair,,16.307205251468115,,False,True,False,0.1,-3902.087032890389,0.17355371900826455,0.17355371900826455,,0.003279900926769027,0.006559801853538054,0.010212822765657334,0.007133743784991137,12.5,False,3.0,True,0.0,[],,27245.941711185704,13622.970855592852,,1.0929554693422012,562.9968981111549,4.471679624632931e-10,4.471679624632931e-10,0.0,,0.030912632864794055,,10000000000.0,True,False,0.003279900926769027,True,ingan_gan_planar,3.8554878945533214e-10,[A/E/DR] evaluator output; Taylor et al. 2010 Q=167 [V] where used,,309126328.6479405,10.0,deterministic_pair,80000000.0,0.9090909090909091,A003,anchor,,T_track_fixed_300K,5.285087763377385e-18,1.4071658647809202,30.31504311247509,38.74045864977526,18921161667.91825,False,1.0,0.7035829323904601,5.0,0.003577343699706345,,,10.0,,,0.00393507806967698,0.02,True,0.25
2.1940612516712625,16.784501388218963,3.096152461049656,2.035459819381119,75.99088773175333,12.817413071999999,2000.0,6.338686223970075e-07,4.167153937220848e-07,273.0,273.00000068234147,300.0,2.413336793977526,,0.0004232294048764568,,nan,,"{""comparison"":false,""inputs"":{""Q"":2000.0,""T_hs"":273.0,""T_track"":300.0,""current_uA"":0.02,""height_nm"":3.0,""radius_nm"":10.0,""x_in"":0.25},""regime"":""rectangular""}",0.004232320588079984,0.004232294048764568,2.6539315416579887e-08,True,0.02,rectangular,,9.07031298689187,,False,True,False,0.1,-3902.3864669300974,0.99929568902185,0.99929568902185,,0.0032528930419186623,0.006505786083837325,0.013242266167139718,0.010071452797267767,12.5,,3.0,True,nan,[],,31777.709315233664,15888.854657616832,,1.0924954693421853,565.0899595695363,5.29040073509998e-10,5.290367560955709e-10,3.3174144270724855e-15,,0.030910559433468893,,10000000000.0,,False,0.0032528930419186623,,ingan_gan_planar,3.8211424368841123e-10,[A/E/DR] evaluator output; Taylor et al. 2010 Q=167 [V] where used,,309105594.3346889,10.0,rectangular,80000000.0,0.9090914273250686,A004,anchor,,T_track_fixed_300K,nan,nan,nan,nan,nan,,nan,nan,nan,0.004232320588079984,,,10.0,,,0.004655549992956441,0.02,True,0.25
2.1940612516712625,16.784501388218963,3.096152461049656,2.035459819381119,75.99088773175333,12.817413071999999,2000.0,6.338686223970075e-07,4.167153937220848e-07,273.0,273.00000068234147,300.0,2.413336793977526,,0.013692331718765893,,0.0,,"{""comparison"":false,""inputs"":{""Q"":2000.0,""T_hs"":273.0,""T_track"":300.0,""current_uA"":0.02,""height_nm"":3.0,""radius_nm"":10.0,""x_in"":0.25},""regime"":""deterministic_pair""}",0.1369233171876589,0.1369233171876589,0.0,True,0.02,deterministic_pair,,9.07031298689187,,False,True,False,0.1,-3902.3864669300974,0.17355371900826455,0.17355371900826455,,0.0032528930419186623,0.006505786083837325,0.013242266167139718,0.010071452797267767,12.5,False,3.0,True,0.0,[],,31777.709315233664,15888.854657616832,,1.0924954693421853,565.0899595695363,1.7115414648457363e-08,1.7115414648457363e-08,0.0,,0.030910559433468893,,10000000000.0,True,False,0.0032528930419186623,True,ingan_gan_planar,3.8211424368841123e-10,[A/E/DR] evaluator output; Taylor et al. 2010 Q=167 [V] where used,,309105594.3346889,10.0,deterministic_pair,80000000.0,0.9090909090909091,A005,anchor,,T_track_fixed_300K,5.285087763377385e-18,1.2886134295788088,30.31504311247509,38.74045864977526,18921161667.91825,False,1.0,0.6443067147894044,5.0,0.1369233171876589,,,10.0,,,0.15061564890642481,0.02,True,0.25
2.1839109384684114,16.77901297723189,3.2990903062951293,2.7589632742588286,75.99088773175333,12.817413071999999,2000.0,5.702752350196195e-07,4.769098237579364e-07,300.0,300.0000006829321,300.0,2.3868912982517547,,0.00042470937212596974,,nan,,"{""comparison"":false,""inputs"":{""Q"":2000.0,""T_hs"":300.0,""T_track"":300.0,""current_uA"":0.02,""height_nm"":3.0,""radius_nm"":10.0,""x_in"":0.25},""regime"":""rectangular""}",0.004247138693754914,0.0042470937212596965,4.497249521672975e-08,True,0.02,rectangular,,-2.1593571375433385e-07,,False,True,False,0.1,-3902.748396421988,0.9996791936846767,0.9996791936846767,,0.0032189988716036337,0.006437997743207267,0.01776219933327007,0.010619767973282507,12.5,,3.0,True,nan,[],,37244.33839995339,18622.169199976695,,1.0919554693421736,567.7163670737909,5.308923367193642e-10,5.308867151574621e-10,5.6215619020912184e-15,,0.030905949172482315,,10000000000.0,,False,0.0032189988716036337,,ingan_gan_planar,3.778979081712954e-10,[A/E/DR] evaluator output; Taylor et al. 2010 Q=167 [V] where used,,309059491.7248231,10.0,rectangular,80000000.0,0.9090917842068371,A006,anchor,,T_track_fixed_300K,nan,nan,nan,nan,nan,,nan,nan,nan,0.004247138693754914,,,10.0,,,0.004671848065880883,0.02,True,0.25
2.1839109384684114,16.77901297723189,3.2990903062951293,2.7589632742588286,75.99088773175333,12.817413071999999,2000.0,5.702752350196195e-07,4.769098237579364e-07,300.0,300.0000006829321,300.0,2.3868912982517547,,0.01374222207633541,,0.0,,"{""comparison"":false,""inputs"":{""Q"":2000.0,""T_hs"":300.0,""T_track"":300.0,""current_uA"":0.02,""height_nm"":3.0,""radius_nm"":10.0,""x_in"":0.25},""regime"":""deterministic_pair""}",0.13742222076335409,0.13742222076335409,0.0,True,0.02,deterministic_pair,,-2.1593571375433385e-07,,False,True,False,0.1,-3902.748396421988,0.17355371900826455,0.17355371900826455,,0.0032189988716036337,0.006437997743207267,0.01776219933327007,0.010619767973282507,12.5,False,3.0,True,0.0,[],,37244.33839995339,18622.169199976695,,1.0919554693421736,567.7163670737909,1.717777759541926e-08,1.717777759541926e-08,0.0,,0.030905949172482315,,10000000000.0,True,False,0.0032189988716036337,True,ingan_gan_planar,3.778979081712954e-10,[A/E/DR] evaluator output; Taylor et al. 2010 Q=167 [V] where used,,309059491.7248231,10.0,deterministic_pair,80000000.0,0.9090909090909091,A007,anchor,,T_track_fixed_300K,5.285087763377385e-18,1.1726382211781896,30.31504311247509,38.74045864977526,18921161667.91825,False,1.0,0.5863191105890947,5.0,0.13742222076335409,,,10.0,,,0.1511644428396895,0.02,True,0.25
3.0106582699738094,16.161482237851192,7.442988468687518,3.839619027613816,75.99088773175333,12.817413071999999,2000.0,0.0001841311138820275,9.49962989647058e-05,230.0,230.00000068065262,,2.452810661041165,,2.2754745783899853e-13,,nan,unscreened_lower,"{""comparison"":false,""inputs"":{""Q"":2000.0,""T_hs"":230.0,""current_uA"":0.02,""height_nm"":1.0,""radius_nm"":10.0,""screening_fraction"":0.0,""x_in"":0.25},""regime"":""rectangular""}",2.275474578389985e-12,2.275474578389985e-12,0.0,True,0.02,rectangular,,-1.7634915749908942e-07,,False,True,False,0.1,-3901.8335667870415,0.9989343726574806,0.9989343726574806,,0.2991162409494734,0.5982324818989468,2.296984820435834,2.2263187321840876,12.5,,1.0,True,nan,[],,24177.432599057756,12088.716299528878,,1.5053291350750793,411.81757370649234,2.844343222987481e-19,2.844343222987481e-19,0.0,,1.847345214599855e-14,,10000000000.0,,False,0.2991162409494734,,ingan_gan_planar,3.884081592483214e-10,[A/E/DR] evaluator output; Taylor et al. 2010 Q=167 [V] where used,,0.00018473452145998547,10.0,rectangular,80000000.0,0.9090909090909092,R000,reference,0.0,,nan,nan,nan,nan,nan,,nan,nan,nan,2.275474578389985e-12,,,10.0,,,2.5030220362289832e-12,0.02,True,0.25
3.0106582699738094,16.161482237851192,7.442988468687518,3.839619027613816,75.99088773175333,12.817413071999999,2000.0,0.0001841311138820275,9.49962989647058e-05,230.0,230.00000068065262,,2.452810661041165,,12.317538489322716,,0.0,unscreened_lower,"{""comparison"":false,""inputs"":{""Q"":2000.0,""T_hs"":230.0,""current_uA"":0.02,""height_nm"":1.0,""radius_nm"":10.0,""screening_fraction"":0.0,""x_in"":0.25},""regime"":""deterministic_pair""}",123.17538489322716,123.17538489322716,0.0,True,0.02,deterministic_pair,,-1.7634915749908942e-07,,False,True,False,0.1,-3901.8335667870415,0.17355371900826455,0.17355371900826455,,0.2991162409494734,0.5982324818989468,2.296984820435834,2.2263187321840876,12.5,False,1.0,True,0.0,[],,24177.432599057756,12088.716299528878,,1.5053291350750793,411.81757370649234,1.5396923111653394e-05,1.5396923111653394e-05,0.0,,1.847345214599855e-14,,10000000000.0,True,False,0.2991162409494734,True,ingan_gan_planar,3.884081592483214e-10,[A/E/DR] evaluator output; Taylor et al. 2010 Q=167 [V] where used,,0.00018473452145998547,10.0,deterministic_pair,80000000.0,0.9090909090909091,R001,reference,0.0,,5.285087763377385e-18,1.5295281135357035,30.31504311247509,38.74045864977526,18921161667.91825,False,1.0,0.7647640567678519,5.0,123.17538489322716,,,10.0,,,135.4929233825499,0.02,True,0.25
3.1381478252940256,129.56263569323846,7.691797712458497,3.961104721924318,75.99088773175333,12.817413071999999,2000.0,0.1393525182879923,0.07696547185125518,230.0,230.00000068065262,,2.452810661041165,,2.875259358669051e-13,,nan,screened_upper,"{""comparison"":false,""inputs"":{""Q"":2000.0,""T_hs"":230.0,""current_uA"":0.02,""height_nm"":1.0,""radius_nm"":10.0,""screening_fraction"":1.0,""x_in"":0.25},""regime"":""rectangular""}",2.875259358669051e-12,2.875259358669051e-12,0.0,True,0.02,rectangular,,-1.7718226885676813e-07,,False,True,False,0.1,136.70048584617953,0.7845256278183994,0.7845256278183994,,0.8332720544922888,1.6665441089845776,6.6013557393939655,6.409360082599379,12.5,,1.0,True,nan,[],,79.1689979089519,39.58449895447595,,1.569073912735604,395.0871829576206,3.5940741983363136e-19,3.5940741983363136e-19,0.0,,2.9715760665713424e-17,,10000000000.0,,False,0.8332720544922888,,ingan_gan_planar,3.884081592483214e-10,[A/E/DR] evaluator output; Taylor et al. 2010 Q=167 [V] where used,,2.9715760665713424e-07,10.0,rectangular,80000000.0,0.9090909090909091,B002,bound,1.0,,nan,nan,nan,nan,nan,,nan,nan,nan,2.875259358669051e-12,,,10.0,,,3.162785294535956e-12,0.02,True,0.25
3.1381478252940256,129.56263569323846,7.691797712458497,3.961104721924318,75.99088773175333,12.817413071999999,2000.0,0.1393525182879923,0.07696547185125518,230.0,230.00000068065262,,2.452810661041165,,9675.873321952606,,0.0,screened_upper,"{""comparison"":false,""inputs"":{""Q"":2000.0,""T_hs"":230.0,""current_uA"":0.02,""height_nm"":1.0,""radius_nm"":10.0,""screening_fraction"":1.0,""x_in"":0.25},""regime"":""deterministic_pair""}",96758.73321952605,96758.73321952605,0.0,True,0.02,deterministic_pair,,-1.7718226885676813e-07,,False,True,True,0.1,136.70048584617953,0.17355371900826433,0.17355371900826433,,0.8332720544922888,1.6665441089845776,6.6013557393939655,6.409360082599379,12.5,False,1.0,True,0.0,[],,79.1689979089519,39.58449895447595,,1.569073912735604,395.0871829576206,0.012094841652440754,0.012094841652440754,0.0,,2.9715760665713424e-17,,10000000000.0,True,True,0.8332720544922888,True,ingan_gan_planar,3.884081592483214e-10,[A/E/DR] evaluator output; Taylor et al. 2010 Q=167 [V] where used,,2.9715760665713424e-07,10.0,deterministic_pair,80000000.0,0.9090909090909092,B003,bound,1.0,,5.285087763377385e-18,1.5295281135357035,30.31504311247509,38.74045864977526,18921161667.91825,False,1.0,0.7647640567678519,5.0,96758.73321952605,,,10.0,,,106434.60654147864,0.02,True,0.25
2.9851162545902405,16.14813687620518,4.108053318381469,3.390136592912404,75.99088773175333,12.817413071999999,2000.0,6.319009434738602e-05,5.214767196156236e-05,300.0,300.0000006829321,,2.3868912982517547,,5.664056508467579e-12,,nan,unscreened_lower,"{""comparison"":false,""inputs"":{""Q"":2000.0,""T_hs"":300.0,""current_uA"":0.02,""height_nm"":1.0,""radius_nm"":10.0,""screening_fraction"":0.0,""x_in"":0.25},""regime"":""rectangular""}",5.664056508467542e-11,5.664056508467535e-11,6.162975822039155e-26,True,0.02,rectangular,,-2.14563922185107e-07,,False,True,False,0.1,-3902.748396421988,0.9996820233937854,0.9996820233937854,,0.2935410858587674,0.5870821717175349,1.9902887533860987,1.2058824318434092,12.5,,1.0,True,nan,[],,38164.406762549785,19082.203381274892,,1.4925581274024022,415.34127258644736,7.080070635584426e-18,7.080070635584418e-18,7.703719777548943e-33,,2.7561646567734566e-12,,10000000000.0,,False,0.2935410858587674,,ingan_gan_planar,3.778979081712954e-10,[A/E/DR] evaluator output; Taylor et al. 2010 Q=167 [V] where used,,0.027561646567734563,10.0,rectangular,80000000.0,0.9090909090909085,R004,reference,0.0,,nan,nan,nan,nan,nan,,nan,nan,nan,5.664056508467542e-11,,,10.0,,,6.2304621593143e-11,0.02,True,0.25
2.9851162545902405,16.14813687620518,4.108053318381469,3.390136592912404,75.99088773175333,12.817413071999999,2000.0,6.319009434738602e-05,5.214767196156236e-05,300.0,300.0000006829321,,2.3868912982517547,,2.0550501199368023,,0.0,unscreened_lower,"{""comparison"":false,""inputs"":{""Q"":2000.0,""T_hs"":300.0,""current_uA"":0.02,""height_nm"":1.0,""radius_nm"":10.0,""screening_fraction"":0.0,""x_in"":0.25},""regime"":""deterministic_pair""}",20.550501199368018,20.550501199368018,0.0,True,0.02,deterministic_pair,,-2.14563922185107e-07,,False,True,False,0.1,-3902.748396421988,0.17355371900826455,0.17355371900826455,,0.2935410858587674,0.5870821717175349,1.9902887533860987,1.2058824318434092,12.5,False,1.0,True,0.0,[],,38164.406762549785,19082.203381274892,,1.4925581274024022,415.34127258644736,2.568812649921002e-06,2.568812649921002e-06,0.0,,2.7561646567734566e-12,,10000000000.0,True,False,0.2935410858587674,True,ingan_gan_planar,3.778979081712954e-10,[A/E/DR] evaluator output; Taylor et al. 2010 Q=167 [V] where used,,0.027561646567734563,10.0,deterministic_pair,80000000.0,0.9090909090909091,R005,reference,0.0,,5.285087763377385e-18,1.1726382211781896,30.31504311247509,38.74045864977526,18921161667.91825,False,1.0,0.5863191105890947,5.0,20.550501199368018,,,10.0,,,22.605551319304823,0.02,True,0.25
3.113330238337613,129.60698307676708,4.235863096137048,3.490439914429327,75.99088773175333,12.817413071999999,2000.0,0.014644133464866467,0.012098250633951384,300.0,300.0000006829321,,2.3868912982517547,,9.585732150029689e-12,,nan,screened_upper,"{""comparison"":false,""inputs"":{""Q"":2000.0,""T_hs"":300.0,""current_uA"":0.02,""height_nm"":1.0,""radius_nm"":10.0,""screening_fraction"":1.0,""x_in"":0.25},""regime"":""rectangular""}",9.585732150016056e-11,9.585732150016053e-11,3.6977854932234934e-26,True,0.02,rectangular,,-2.1576074260565292e-07,,False,True,False,0.1,135.7856562112328,0.975873565437646,0.975873565437646,,0.8312515239099165,1.662503047819833,5.802866995970754,3.521067653737698,12.5,,1.0,True,nan,[],,473.84226282851296,236.92113141425648,,1.556665119276687,398.23657918860005,1.198216518752007e-17,1.1982165187520065e-17,4.622231866529366e-33,,1.9337709706062205e-14,,10000000000.0,,False,0.8312515239099165,,ingan_gan_planar,3.778979081712954e-10,[A/E/DR] evaluator output; Taylor et al. 2010 Q=167 [V] where used,,0.00019337709706062202,10.0,rectangular,80000000.0,0.9090909090907916,B006,bound,1.0,,nan,nan,nan,nan,nan,,nan,nan,nan,9.585732150016056e-11,,,10.0,,,1.0544305365019026e-10,0.02,True,0.25
3.113330238337613,129.60698307676708,4.235863096137048,3.490439914429327,75.99088773175333,12.817413071999999,2000.0,0.014644133464866467,0.012098250633951384,300.0,300.0000006829321,,2.3868912982517547,,495.7015228649872,,0.0,screened_upper,"{""comparison"":false,""inputs"":{""Q"":2000.0,""T_hs"":300.0,""current_uA"":0.02,""height_nm"":1.0,""radius_nm"":10.0,""screening_fraction"":1.0,""x_in"":0.25},""regime"":""deterministic_pair""}",4957.0152286498715,4957.0152286498715,0.0,True,0.02,deterministic_pair,,-2.1576074260565292e-07,,False,True,True,0.1,135.7856562112328,0.17355371900826455,0.17355371900826455,,0.8312515239099165,1.662503047819833,5.802866995970754,3.521067653737698,12.5,False,1.0,True,0.0,[],,473.84226282851296,236.92113141425648,,1.556665119276687,398.23657918860005,0.0006196269035812339,0.0006196269035812339,0.0,,1.9337709706062205e-14,,10000000000.0,True,True,0.8312515239099165,True,ingan_gan_planar,3.778979081712954e-10,[A/E/DR] evaluator output; Taylor et al. 2010 Q=167 [V] where used,,0.00019337709706062202,10.0,deterministic_pair,80000000.0,0.9090909090909091,B007,bound,1.0,,5.285087763377385e-18,1.1726382211781896,30.31504311247509,38.74045864977526,18921161667.91825,False,1.0,0.5863191105890947,5.0,4957.0152286498715,,,10.0,,,5452.7167515148585,0.02,True,0.25
2.599016703002448,16.710174584968346,6.627286226304028,3.4478134263602755,75.99088773175333,12.817413071999999,2000.0,3.306035442252468e-05,1.7199761397065624e-05,230.0,230.00000068065262,,2.452810661041165,,3.7434215543965036e-05,,nan,unscreened_lower,"{""comparison"":false,""inputs"":{""Q"":2000.0,""T_hs"":230.0,""current_uA"":0.02,""height_nm"":2.0,""radius_nm"":10.0,""screening_fraction"":0.0,""x_in"":0.25},""regime"":""rectangular""}",0.00037434215679176154,0.0003743421554396503,1.352111238736769e-12,True,0.02,rectangular,,-1.769824287123356e-07,,False,True,False,0.1,-3901.8335667870415,0.9989042452553648,0.9989042452553648,,0.05866017186095378,0.11732034372190756,0.4044986562695953,0.38875774900672605,12.5,,2.0,True,nan,[],,23517.2854815434,11758.6427407717,,1.2995083515897152,477.04271487278396,4.679276959897019e-11,4.6792769429956284e-11,1.6901390484209612e-19,,1.934062907289184e-05,,10000000000.0,,False,0.05866017186095378,,ingan_gan_planar,3.884081592483214e-10,[A/E/DR] evaluator output; Taylor et al. 2010 Q=167 [V] where used,,193406.2907289184,10.0,rectangular,80000000.0,0.9090909093894187,R008,reference,0.0,,nan,nan,nan,nan,nan,,nan,nan,nan,0.00037434215679176154,,,10.0,,,0.0004117763723357266,0.02,True,0.25
2.599016703002448,16.710174584968346,6.627286226304028,3.4478134263602755,75.99088773175333,12.817413071999999,2000.0,3.306035442252468e-05,1.7199761397065624e-05,230.0,230.00000068065262,,2.452810661041165,,1.9355221600115127,,0.0,unscreened_lower,"{""comparison"":false,""inputs"":{""Q"":2000.0,""T_hs"":230.0,""current_uA"":0.02,""height_nm"":2.0,""radius_nm"":10.0,""screening_fraction"":0.0,""x_in"":0.25},""regime"":""deterministic_pair""}",19.355221600115126,19.355221600115126,0.0,True,0.02,deterministic_pair,,-1.769824287123356e-07,,False,True,False,0.1,-3901.8335667870415,0.17355371900826433,0.17355371900826433,,0.05866017186095378,0.11732034372190756,0.4044986562695953,0.38875774900672605,12.5,False,2.0,True,0.0,[],,23517.2854815434,11758.6427407717,,1.2995083515897152,477.04271487278396,2.419402700014391e-06,2.419402700014391e-06,0.0,,1.934062907289184e-05,,10000000000.0,True,False,0.05866017186095378,True,ingan_gan_planar,3.884081592483214e-10,[A/E/DR] evaluator output; Taylor et al. 2010 Q=167 [V] where used,,193406.2907289184,10.0,deterministic_pair,80000000.0,0.9090909090909092,R009,reference,0.0,,5.285087763377385e-18,1.5295281135357035,30.31504311247509,38.74045864977526,18921161667.91825,False,1.0,0.7647640567678519,5.0,19.355221600115126,,,10.0,,,21.290743760126638,0.02,True,0.25
2.9567038369562972,167.020614443553,7.337151858752492,3.788224017419902,75.99088773175333,12.817413071999999,2000.0,0.5292442490252803,0.36727087217448623,230.0,230.00000068065262,,2.452810661041165,,9.789897997825566e-09,,nan,screened_upper,"{""comparison"":false,""inputs"":{""Q"":2000.0,""T_hs"":230.0,""current_uA"":0.02,""height_nm"":2.0,""radius_nm"":10.0,""screening_fraction"":1.0,""x_in"":0.25},""regime"":""rectangular""}",9.789897997825844e-08,9.789897997825566e-08,2.7894121608614977e-21,True,0.02,rectangular,,-2.3273072358165336e-07,,False,True,False,0.1,136.70048584617953,0.6022960221369109,0.6022960221369109,,0.9163807718185092,1.8327615436370184,6.942911297809327,6.723624883273217,12.5,,2.0,True,nan,[],,11.96115059172388,5.98057529586194,,1.478351918594514,419.33249062791606,1.2237372497282305e-14,1.2237372497281956e-14,3.486765201076872e-28,,2.8106182291999685e-13,,10000000000.0,,False,0.9163807718185092,,ingan_gan_planar,3.884081592483214e-10,[A/E/DR] evaluator output; Taylor et al. 2010 Q=167 [V] where used,,0.002810618229199968,10.0,rectangular,80000000.0,0.9090909090909114,B010,bound,1.0,,nan,nan,nan,nan,nan,,nan,nan,nan,9.789897997825844e-08,,,10.0,,,1.07688877976084e-07,0.02,True,0.25
2.9567038369562972,167.020614443553,7.337151858752492,3.788224017419902,75.99088773175333,12.817413071999999,2000.0,0.5292442490252803,0.36727087217448623,230.0,230.00000068065262,,2.452810661041165,,34831.831289350026,,0.0,screened_upper,"{""comparison"":false,""inputs"":{""Q"":2000.0,""T_hs"":230.0,""current_uA"":0.02,""height_nm"":2.0,""radius_nm"":10.0,""screening_fraction"":1.0,""x_in"":0.25},""regime"":""deterministic_pair""}",348318.31289350026,348318.31289350026,0.0,True,0.02,deterministic_pair,,-2.3273072358165336e-07,,False,True,True,0.1,136.70048584617953,0.17355371900826455,0.17355371900826455,,0.9163807718185092,1.8327615436370184,6.942911297809327,6.723624883273217,12.5,False,2.0,True,0.0,[],,11.96115059172388,5.98057529586194,,1.478351918594514,419.33249062791606,0.04353978911168753,0.04353978911168753,0.0,,2.8106182291999685e-13,,10000000000.0,True,True,0.9163807718185092,True,ingan_gan_planar,3.884081592483214e-10,[A/E/DR] evaluator output; Taylor et al. 2010 Q=167 [V] where used,,0.002810618229199968,10.0,deterministic_pair,80000000.0,0.9090909090909091,B011,bound,1.0,,5.285087763377385e-18,1.5295281135357035,30.31504311247509,38.74045864977526,18921161667.91825,False,1.0,0.7647640567678519,5.0,348318.31289350026,,,10.0,,,383150.14418285026,0.02,True,0.25
2.5740480376553445,16.69630586053855,3.6952361005253755,3.067249742286738,75.99088773175333,12.817413071999999,2000.0,1.137683215252166e-05,9.443416335791018e-06,300.0,300.0000006829321,,2.3868912982517547,,7.122420853185609e-06,,nan,unscreened_lower,"{""comparison"":false,""inputs"":{""Q"":2000.0,""T_hs"":300.0,""current_uA"":0.02,""height_nm"":2.0,""radius_nm"":10.0,""screening_fraction"":0.0,""x_in"":0.25},""regime"":""rectangular""}",7.122420906848387e-05,7.122420853185608e-05,5.366277872258537e-13,True,0.02,rectangular,,-2.1078205847402387e-07,,False,True,False,0.1,-3902.748396421988,0.9996772159402972,0.9996772159402972,,0.05751800130697867,0.11503600261395734,0.3528441493713572,0.21254259485961333,12.5,,2.0,True,nan,[],,37363.68330811264,18681.84165405632,,1.2870240189330633,481.6701032236175,8.903026133560483e-12,8.90302606648201e-12,6.707847340323171e-20,,2.217927019024626e-05,,10000000000.0,,False,0.05751800130697867,,ingan_gan_planar,3.778979081712954e-10,[A/E/DR] evaluator output; Taylor et al. 2010 Q=167 [V] where used,,221792.70190246258,10.0,rectangular,80000000.0,0.9090909097135823,R012,reference,0.0,,nan,nan,nan,nan,nan,,nan,nan,nan,7.122420906848387e-05,,,10.0,,,7.834662992166947e-05,0.02,True,0.25
2.5740480376553445,16.69630586053855,3.6952361005253755,3.067249742286738,75.99088773175333,12.817413071999999,2000.0,1.137683215252166e-05,9.443416335791018e-06,300.0,300.0000006829321,,2.3868912982517547,,0.32112963486190366,,0.0,unscreened_lower,"{""comparison"":false,""inputs"":{""Q"":2000.0,""T_hs"":300.0,""current_uA"":0.02,""height_nm"":2.0,""radius_nm"":10.0,""screening_fraction"":0.0,""x_in"":0.25},""regime"":""deterministic_pair""}",3.2112963486190362,3.2112963486190362,0.0,True,0.02,deterministic_pair,,-2.1078205847402387e-07,,False,True,False,0.1,-3902.748396421988,0.17355371900826455,0.17355371900826455,,0.05751800130697867,0.11503600261395734,0.3528441493713572,0.21254259485961333,12.5,False,2.0,True,0.0,[],,37363.68330811264,18681.84165405632,,1.2870240189330633,481.6701032236175,4.014120435773795e-07,4.014120435773795e-07,0.0,,2.217927019024626e-05,,10000000000.0,True,False,0.05751800130697867,True,ingan_gan_planar,3.778979081712954e-10,[A/E/DR] evaluator output; Taylor et al. 2010 Q=167 [V] where used,,221792.70190246258,10.0,deterministic_pair,80000000.0,0.9090909090909091,R013,reference,0.0,,5.285087763377385e-18,1.1726382211781896,30.31504311247509,38.74045864977526,18921161667.91825,False,1.0,0.5863191105890947,5.0,3.2112963486190362,,,10.0,,,3.53242598348094,0.02,True,0.25
2.9330103619770846,167.10506154825796,4.055983273550359,3.3493183316825217,75.99088773175333,12.817413071999999,2000.0,0.06265736904087557,0.05231178468890336,300.0,300.0000006829321,,2.3868912982517547,,4.1447826335703277e-08,,nan,screened_upper,"{""comparison"":false,""inputs"":{""Q"":2000.0,""T_hs"":300.0,""current_uA"":0.02,""height_nm"":2.0,""radius_nm"":10.0,""screening_fraction"":1.0,""x_in"":0.25},""regime"":""rectangular""}",4.1447826335780264e-07,4.144782633570327e-07,7.699282434957075e-19,True,0.02,rectangular,,-2.1896084945183247e-07,,False,True,False,0.1,135.7856562112328,0.9164642035376026,0.9164642035376026,,0.9154643500852772,1.8309287001705543,6.132363059484889,3.713108091477534,12.5,,2.0,True,nan,[],,111.09481808055595,55.54740904027798,,1.4665051810980227,422.71994673903805,5.180978291972532e-14,5.180978291962908e-14,9.624103043696344e-26,,2.0684528565252954e-11,,10000000000.0,,False,0.9154643500852772,,ingan_gan_planar,3.778979081712954e-10,[A/E/DR] evaluator output; Taylor et al. 2010 Q=167 [V] where used,,0.20684528565252952,10.0,rectangular,80000000.0,0.9090909090910626,B014,bound,1.0,,nan,nan,nan,nan,nan,,nan,nan,nan,4.1447826335780264e-07,,,10.0,,,4.5592608969350593e-07,0.02,True,0.25
2.9330103619770846,167.10506154825796,4.055983273550359,3.3493183316825217,75.99088773175333,12.817413071999999,2000.0,0.06265736904087557,0.05231178468890336,300.0,300.0000006829321,,2.3868912982517547,,2003.808121856352,,0.0,screened_upper,"{""comparison"":false,""inputs"":{""Q"":2000.0,""T_hs"":300.0,""current_uA"":0.02,""height_nm"":2.0,""radius_nm"":10.0,""screening_fraction"":1.0,""x_in"":0.25},""regime"":""deterministic_pair""}",20038.08121856352,20038.08121856352,0.0,True,0.02,deterministic_pair,,-2.1896084945183247e-07,,False,True,True,0.1,135.7856562112328,0.17355371900826455,0.17355371900826455,,0.9154643500852772,1.8309287001705543,6.132363059484889,3.713108091477534,12.5,False,2.0,True,0.0,[],,111.09481808055595,55.54740904027798,,1.4665051810980227,422.71994673903805,0.0025047601523204397,0.0025047601523204397,0.0,,2.0684528565252954e-11,,10000000000.0,True,True,0.9154643500852772,True,ingan_gan_planar,3.778979081712954e-10,[A/E/DR] evaluator output; Taylor et al. 2010 Q=167 [V] where used,,0.20684528565252952,10.0,deterministic_pair,80000000.0,0.9090909090909091,B015,bound,1.0,,5.285087763377385e-18,1.1726382211781896,30.31504311247509,38.74045864977526,18921161667.91825,False,1.0,0.5863191105890947,5.0,20038.08121856352,,,10.0,,,22041.88934041987,0.02,True,0.25
2.208920822280462,16.79288759736658,5.0610317733012105,3.097094981434208,18.997721932938333,12.817413071999999,500.0,1.4271240963051178e-06,8.733281121875397e-07,230.0,230.00000068065262,,2.452810661041165,,0.007201843351021522,,nan,unscreened_lower,"{""comparison"":false,""inputs"":{""Q"":500.0,""T_hs"":230.0,""current_uA"":0.02,""height_nm"":3.0,""radius_nm"":10.0,""screening_fraction"":0.0,""x_in"":0.25},""regime"":""rectangular""}",0.07201897999749715,0.07201843351021522,5.464872819298377e-07,True,0.02,rectangular,,-2.0720181126421267e-07,,False,True,False,0.1,-3901.8335667870415,0.9989953799307202,0.9989953799307202,,0.003301931629964929,0.006603863259929858,0.02045279176040651,0.01671118089252076,12.5,,3.0,True,nan,[],,23419.346764388178,11709.673382194089,,4.4178416449753275,561.2885584192206,9.002372499687144e-09,9.002304188776902e-09,6.831091024122972e-14,,0.030913554064414085,,10000000000.0,,False,0.003301931629964929,,ingan_gan_planar,3.884081592483214e-10,[A/E/DR] evaluator output; Taylor et al. 2010 Q=167 [V] where used,,309135540.64414084,10.0,rectangular,80000000.0,0.9090915362071127,R016,reference,0.0,,nan,nan,nan,nan,nan,,nan,nan,nan,0.07201897999749715,,,10.0,,,0.07922082334851868,0.02,True,0.25
2.208920822280462,16.79288759736658,5.0610317733012105,3.097094981434208,18.997721932938333,12.817413071999999,500.0,1.4271240963051178e-06,8.733281121875397e-07,230.0,230.00000068065262,,2.452810661041165,,0.23297331987917652,,0.0,unscreened_lower,"{""comparison"":false,""inputs"":{""Q"":500.0,""T_hs"":230.0,""current_uA"":0.02,""height_nm"":3.0,""radius_nm"":10.0,""screening_fraction"":0.0,""x_in"":0.25},""regime"":""deterministic_pair""}",2.329733198791765,2.329733198791765,0.0,True,0.02,deterministic_pair,,-2.0720181126421267e-07,,False,True,False,0.1,-3901.8335667870415,0.17355371900826455,0.17355371900826455,,0.003301931629964929,0.006603863259929858,0.02045279176040651,0.01671118089252076,12.5,False,3.0,True,0.0,[],,23419.346764388178,11709.673382194089,,4.4178416449753275,561.2885584192206,2.912166498489706e-07,2.912166498489706e-07,0.0,,0.030913554064414085,,10000000000.0,True,False,0.003301931629964929,True,ingan_gan_planar,3.884081592483214e-10,[A/E/DR] evaluator output; Taylor et al. 2010 Q=167 [V] where used,,309135540.64414084,10.0,deterministic_pair,80000000.0,0.9090909090909091,R017,reference,0.0,,5.285087763377385e-18,1.5295281135357035,30.31504311247509,38.74045864977526,18921161667.91825,False,1.0,0.7647640567678519,5.0,2.329733198791765,,,10.0,,,2.5627065186709417,0.02,True,0.25
2.8760830159570236,175.2225359140667,5.96690827924139,3.719575186994834,18.997721932938333,12.817413071999999,500.0,0.5791236304889953,0.46171443761635955,230.0,230.00000068065262,,2.452810661041165,,1.8670008310058937e-06,,nan,screened_upper,"{""comparison"":false,""inputs"":{""Q"":500.0,""T_hs"":230.0,""current_uA"":0.02,""height_nm"":3.0,""radius_nm"":10.0,""screening_fraction"":1.0,""x_in"":0.25},""regime"":""rectangular""}",1.867000831010338e-05,1.8670008310058936e-05,4.444480205338631e-17,True,0.02,rectangular,,-1.762638923707982e-07,,False,True,False,0.1,136.70048584617953,0.6210411735159149,0.6210411735159149,,0.9117781759282718,1.8235563518565436,6.782854958452421,5.440496746778018,12.5,,3.0,True,nan,[],,7.9077295367379214,3.9538647683689607,,5.752166032266575,431.0869947498506,2.3337510387629223e-12,2.3337510387573667e-12,5.555600256673289e-24,,1.641994347041131e-11,,10000000000.0,,False,0.9117781759282718,,ingan_gan_planar,3.884081592483214e-10,[A/E/DR] evaluator output; Taylor et al. 2010 Q=167 [V] where used,,0.1641994347041131,10.0,rectangular,80000000.0,0.9090909090911058,B018,bound,1.0,,nan,nan,nan,nan,nan,,nan,nan,nan,1.867000831010338e-05,,,10.0,,,2.0537009141109277e-05,0.02,True,0.25
2.8760830159570236,175.2225359140667,5.96690827924139,3.719575186994834,18.997721932938333,12.817413071999999,500.0,0.5791236304889953,0.46171443761635955,230.0,230.00000068065262,,2.452810661041165,,113703.24352100825,,0.0,screened_upper,"{""comparison"":false,""inputs"":{""Q"":500.0,""T_hs"":230.0,""current_uA"":0.02,""height_nm"":3.0,""radius_nm"":10.0,""screening_fraction"":1.0,""x_in"":0.25},""regime"":""deterministic_pair""}",1137032.4352100824,1137032.4352100824,0.0,True,0.02,deterministic_pair,,-1.762638923707982e-07,,False,True,True,0.1,136.70048584617953,0.17355371900826455,0.17355371900826455,,0.9117781759282718,1.8235563518565436,6.782854958452421,5.440496746778018,12.5,False,3.0,True,0.0,[],,7.9077295367379214,3.9538647683689607,,5.752166032266575,431.0869947498506,0.1421290544012603,0.1421290544012603,0.0,,1.641994347041131e-11,,10000000000.0,True,True,0.9117781759282718,True,ingan_gan_planar,3.884081592483214e-10,[A/E/DR] evaluator output; Taylor et al. 2010 Q=167 [V] where used,,0.1641994347041131,10.0,deterministic_pair,80000000.0,0.9090909090909091,B019,bound,1.0,,5.285087763377385e-18,1.5295281135357035,30.31504311247509,38.74045864977526,18921161667.91825,False,1.0,0.7647640567678519,5.0,1137032.4352100824,,,10.0,,,1250735.6787310909,0.02,True,0.25
2.208920822280462,16.79288759736658,5.8364219775562285,3.0772636451059063,75.99088773175333,12.817413071999999,2000.0,1.6457704658449049e-06,8.677360174687711e-07,230.0,230.00000068065262,,2.452810661041165,,0.002564731720241043,,nan,unscreened_lower,"{""comparison"":false,""inputs"":{""Q"":2000.0,""T_hs"":230.0,""current_uA"":0.02,""height_nm"":3.0,""radius_nm"":10.0,""screening_fraction"":0.0,""x_in"":0.25},""regime"":""rectangular""}",0.02564746663466914,0.025647317202410428,1.4943225871177673e-07,True,0.02,rectangular,,-2.0720181126421267e-07,,False,True,False,0.1,-3901.8335667870415,0.9989011864102583,0.9989011864102583,,0.003301931629964929,0.006603863259929858,0.020321828327032727,0.019271466333515373,12.5,,3.0,True,nan,[],,23419.346764388178,11709.673382194089,,1.1044604112438319,561.2885584192206,3.2059333293336424e-09,3.2059146503013034e-09,1.8679032338972092e-14,,0.030913554064414085,,10000000000.0,,False,0.003301931629964929,,ingan_gan_planar,3.884081592483214e-10,[A/E/DR] evaluator output; Taylor et al. 2010 Q=167 [V] where used,,309135540.64414084,10.0,rectangular,80000000.0,0.9090913906113713,R020,reference,0.0,,nan,nan,nan,nan,nan,,nan,nan,nan,0.02564746663466914,,,10.0,,,0.028212198354910182,0.02,True,0.25
2.208920822280462,16.79288759736658,5.8364219775562285,3.0772636451059063,75.99088773175333,12.817413071999999,2000.0,1.6457704658449049e-06,8.677360174687711e-07,230.0,230.00000068065262,,2.452810661041165,,0.08296682312254733,,0.0,unscreened_lower,"{""comparison"":false,""inputs"":{""Q"":2000.0,""T_hs"":230.0,""current_uA"":0.02,""height_nm"":3.0,""radius_nm"":10.0,""screening_fraction"":0.0,""x_in"":0.25},""regime"":""deterministic_pair""}",0.8296682312254734,0.8296682312254734,0.0,True,0.02,deterministic_pair,,-2.0720181126421267e-07,,False,True,False,0.1,-3901.8335667870415,0.17355371900826455,0.17355371900826455,,0.003301931629964929,0.006603863259929858,0.020321828327032727,0.019271466333515373,12.5,False,3.0,True,0.0,[],,23419.346764388178,11709.673382194089,,1.1044604112438319,561.2885584192206,1.0370852890318417e-07,1.0370852890318417e-07,0.0,,0.030913554064414085,,10000000000.0,True,False,0.003301931629964929,True,ingan_gan_planar,3.884081592483214e-10,[A/E/DR] evaluator output; Taylor et al. 2010 Q=167 [V] where used,,309135540.64414084,10.0,deterministic_pair,80000000.0,0.9090909090909091,R021,reference,0.0,,5.285087763377385e-18,1.5295281135357035,30.31504311247509,38.74045864977526,18921161667.91825,False,1.0,0.7647640567678519,5.0,0.8296682312254734,,,10.0,,,0.9126350543480207,0.02,True,0.25
2.8760830159570236,175.2225359140667,7.17840502531446,3.711449162886514,75.99088773175333,12.817413071999999,2000.0,0.6234047884931877,0.461170925486185,230.0,230.00000068065262,,2.452810661041165,,6.570795512134851e-07,,nan,screened_upper,"{""comparison"":false,""inputs"":{""Q"":2000.0,""T_hs"":230.0,""current_uA"":0.02,""height_nm"":3.0,""radius_nm"":10.0,""screening_fraction"":1.0,""x_in"":0.25},""regime"":""rectangular""}",6.570795512147155e-06,6.57079551213485e-06,1.2304311611726287e-17,True,0.02,rectangular,,-1.762638923707982e-07,,False,True,False,0.1,136.70048584617953,0.5888786209664348,0.5888786209664348,,0.9117781759282718,1.8235563518565436,6.768036695574354,6.545113040055558,12.5,,3.0,True,nan,[],,7.9077295367379214,3.9538647683689607,,1.4380415080666438,431.0869947498506,8.213494390183942e-13,8.213494390168562e-13,1.5380389514657858e-24,,1.641994347041131e-11,,10000000000.0,,False,0.9117781759282718,,ingan_gan_planar,3.884081592483214e-10,[A/E/DR] evaluator output; Taylor et al. 2010 Q=167 [V] where used,,0.1641994347041131,10.0,rectangular,80000000.0,0.9090909090910639,B022,bound,1.0,,nan,nan,nan,nan,nan,,nan,nan,nan,6.570795512147155e-06,,,10.0,,,7.227875063360639e-06,0.02,True,0.25
2.8760830159570236,175.2225359140667,7.17840502531446,3.711449162886514,75.99088773175333,12.817413071999999,2000.0,0.6234047884931877,0.461170925486185,230.0,230.00000068065262,,2.452810661041165,,40017.16281188511,,0.0,screened_upper,"{""comparison"":false,""inputs"":{""Q"":2000.0,""T_hs"":230.0,""current_uA"":0.02,""height_nm"":3.0,""radius_nm"":10.0,""screening_fraction"":1.0,""x_in"":0.25},""regime"":""deterministic_pair""}",400171.62811885105,400171.62811885105,0.0,True,0.02,deterministic_pair,,-1.762638923707982e-07,,False,True,True,0.1,136.70048584617953,0.17355371900826455,0.17355371900826455,,0.9117781759282718,1.8235563518565436,6.768036695574354,6.545113040055558,12.5,False,3.0,True,0.0,[],,7.9077295367379214,3.9538647683689607,,1.4380415080666438,431.0869947498506,0.05002145351485637,0.05002145351485637,0.0,,1.641994347041131e-11,,10000000000.0,True,True,0.9117781759282718,True,ingan_gan_planar,3.884081592483214e-10,[A/E/DR] evaluator output; Taylor et al. 2010 Q=167 [V] where used,,0.1641994347041131,10.0,deterministic_pair,80000000.0,0.9090909090909091,B023,bound,1.0,,5.285087763377385e-18,1.5295281135357035,30.31504311247509,38.74045864977526,18921161667.91825,False,1.0,0.7647640567678519,5.0,400171.62811885105,,,10.0,,,440188.79093073617,0.02,True,0.25
2.208920822280462,16.79288759736658,6.095882986158316,3.059271774272778,379.95443865876666,12.817413071999999,10000.0,1.7189338753156633e-06,8.626626202314806e-07,230.0,230.00000068065262,,2.452810661041165,,0.0005690577314010845,,nan,unscreened_lower,"{""comparison"":false,""inputs"":{""Q"":10000.0,""T_hs"":230.0,""current_uA"":0.02,""height_nm"":3.0,""radius_nm"":10.0,""screening_fraction"":0.0,""x_in"":0.25},""regime"":""rectangular""}",0.005690607601621742,0.005690577314010846,3.0287610896317825e-08,True,0.02,rectangular,,-2.0720181126421267e-07,,False,True,False,0.1,-3901.8335667870415,0.998874238514352,0.998874238514352,,0.003301931629964929,0.006603863259929858,0.020203012472260428,0.020128188844561207,12.5,,3.0,True,nan,[],,23419.346764388178,11709.673382194089,,0.22089208224876639,561.2885584192206,7.113259502027177e-10,7.113221642513556e-10,3.785951362039728e-15,,0.030913554064414085,,10000000000.0,,False,0.003301931629964929,,ingan_gan_planar,3.884081592483214e-10,[A/E/DR] evaluator output; Taylor et al. 2010 Q=167 [V] where used,,309135540.64414084,10.0,rectangular,80000000.0,0.9090913489577432,R024,reference,0.0,,nan,nan,nan,nan,nan,,nan,nan,nan,0.005690607601621742,,,10.0,,,0.0062596653330228265,0.02,True,0.25
2.208920822280462,16.79288759736658,6.095882986158316,3.059271774272778,379.95443865876666,12.817413071999999,10000.0,1.7189338753156633e-06,8.626626202314806e-07,230.0,230.00000068065262,,2.452810661041165,,0.018408518822837068,,0.0,unscreened_lower,"{""comparison"":false,""inputs"":{""Q"":10000.0,""T_hs"":230.0,""current_uA"":0.02,""height_nm"":3.0,""radius_nm"":10.0,""screening_fraction"":0.0,""x_in"":0.25},""regime"":""deterministic_pair""}",0.18408518822837067,0.18408518822837067,0.0,True,0.02,deterministic_pair,,-2.0720181126421267e-07,,False,True,False,0.1,-3901.8335667870415,0.17355371900826455,0.17355371900826455,,0.003301931629964929,0.006603863259929858,0.020203012472260428,0.020128188844561207,12.5,False,3.0,True,0.0,[],,23419.346764388178,11709.673382194089,,0.22089208224876639,561.2885584192206,2.301064852854633e-08,2.301064852854633e-08,0.0,,0.030913554064414085,,10000000000.0,True,False,0.003301931629964929,True,ingan_gan_planar,3.884081592483214e-10,[A/E/DR] evaluator output; Taylor et al. 2010 Q=167 [V] where used,,309135540.64414084,10.0,deterministic_pair,80000000.0,0.9090909090909091,R025,reference,0.0,,5.285087763377385e-18,1.5295281135357035,30.31504311247509,38.74045864977526,18921161667.91825,False,1.0,0.7647640567678519,5.0,0.18408518822837067,,,10.0,,,0.20249370705120773,0.02,True,0.25
2.8760830159570236,175.2225359140667,7.608228251280831,3.6832938515317077,379.95443865876666,12.817413071999999,10000.0,0.6369563968893085,0.4592792275442532,230.0,230.00000068065262,,2.452810661041165,,1.45162668471973e-07,,nan,screened_upper,"{""comparison"":false,""inputs"":{""Q"":10000.0,""T_hs"":230.0,""current_uA"":0.02,""height_nm"":3.0,""radius_nm"":10.0,""screening_fraction"":1.0,""x_in"":0.25},""regime"":""rectangular""}",1.4516266847222178e-06,1.4516266847197298e-06,2.487802237802917e-18,True,0.02,rectangular,,-1.762638923707982e-07,,False,True,False,0.1,136.70048584617953,0.5794076892445844,0.5794076892445844,,0.9117781759282718,1.8235563518565436,6.716693898714799,6.937016476998782,12.5,,3.0,True,nan,[],,7.9077295367379214,3.9538647683689607,,0.28760830161332873,431.0869947498506,1.814533355902772e-13,1.8145333558996624e-13,3.109752797253646e-25,,1.641994347041131e-11,,10000000000.0,,False,0.9117781759282718,,ingan_gan_planar,3.884081592483214e-10,[A/E/DR] evaluator output; Taylor et al. 2010 Q=167 [V] where used,,0.1641994347041131,10.0,rectangular,80000000.0,0.9090909090910507,B026,bound,1.0,,nan,nan,nan,nan,nan,,nan,nan,nan,1.4516266847222178e-06,,,10.0,,,1.596789353194191e-06,0.02,True,0.25
2.8760830159570236,175.2225359140667,7.608228251280831,3.6832938515317077,379.95443865876666,12.817413071999999,10000.0,0.6369563968893085,0.4592792275442532,230.0,230.00000068065262,,2.452810661041165,,8840.631439103978,,0.0,screened_upper,"{""comparison"":false,""inputs"":{""Q"":10000.0,""T_hs"":230.0,""current_uA"":0.02,""height_nm"":3.0,""radius_nm"":10.0,""screening_fraction"":1.0,""x_in"":0.25},""regime"":""deterministic_pair""}",88406.31439103976,88406.31439103976,0.0,True,0.02,deterministic_pair,,-1.762638923707982e-07,,False,True,True,0.1,136.70048584617953,0.17355371900826455,0.17355371900826455,,0.9117781759282718,1.8235563518565436,6.716693898714799,6.937016476998782,12.5,False,3.0,True,0.0,[],,7.9077295367379214,3.9538647683689607,,0.28760830161332873,431.0869947498506,0.011050789298879971,0.011050789298879971,0.0,,1.641994347041131e-11,,10000000000.0,True,True,0.9117781759282718,True,ingan_gan_planar,3.884081592483214e-10,[A/E/DR] evaluator output; Taylor et al. 2010 Q=167 [V] where used,,0.1641994347041131,10.0,deterministic_pair,80000000.0,0.9090909090909091,B027,bound,1.0,,5.285087763377385e-18,1.5295281135357035,30.31504311247509,38.74045864977526,18921161667.91825,False,1.0,0.7647640567678519,5.0,88406.31439103976,,,10.0,,,97246.94583014376,0.02,True,0.25
2.2022181439358706,16.78904282544602,4.849868847049448,3.084644016612017,75.99088773175333,12.817413071999999,2000.0,1.1676653294357186e-06,7.426661454603783e-07,250.0,250.0000006815537,,2.434877827044563,,0.001451697083744664,,nan,unscreened_lower,"{""comparison"":false,""inputs"":{""Q"":2000.0,""T_hs"":250.0,""current_uA"":0.02,""height_nm"":3.0,""radius_nm"":10.0,""screening_fraction"":0.0,""x_in"":0.25},""regime"":""rectangular""}",0.014517082852426663,0.014516970837446639,1.1201498002513281e-07,True,0.02,rectangular,,-2.1673507433206396e-07,,False,True,False,0.1,-3902.087032890389,0.9992001644997297,0.9992001644997297,,0.003279900926769027,0.006559801853538054,0.02023465353767658,0.015907089326145717,12.5,,3.0,True,nan,[],,27245.941711185704,13622.970855592852,,1.1011090720763028,562.9968981111549,1.8146353565533328e-09,1.8146213546808297e-09,1.4001872503141601e-14,,0.030912632864794055,,10000000000.0,,False,0.003279900926769027,,ingan_gan_planar,3.8554878945533214e-10,[A/E/DR] evaluator output; Taylor et al. 2010 Q=167 [V] where used,,309126328.6479405,10.0,rectangular,80000000.0,0.9090915467839603,R028,reference,0.0,,nan,nan,nan,nan,nan,,nan,nan,nan,0.014517082852426663,,,10.0,,,0.015968779936171327,0.02,True,0.25
2.2022181439358706,16.78904282544602,4.849868847049448,3.084644016612017,75.99088773175333,12.817413071999999,2000.0,1.1676653294357186e-06,7.426661454603783e-07,250.0,250.0000006815537,,2.434877827044563,,0.04696235378932431,,0.0,unscreened_lower,"{""comparison"":false,""inputs"":{""Q"":2000.0,""T_hs"":250.0,""current_uA"":0.02,""height_nm"":3.0,""radius_nm"":10.0,""screening_fraction"":0.0,""x_in"":0.25},""regime"":""deterministic_pair""}",0.46962353789324307,0.46962353789324307,0.0,True,0.02,deterministic_pair,,-2.1673507433206396e-07,,False,True,False,0.1,-3902.087032890389,0.17355371900826433,0.17355371900826433,,0.003279900926769027,0.006559801853538054,0.02023465353767658,0.015907089326145717,12.5,False,3.0,True,0.0,[],,27245.941711185704,13622.970855592852,,1.1011090720763028,562.9968981111549,5.8702942236655375e-08,5.8702942236655375e-08,0.0,,0.030912632864794055,,10000000000.0,True,False,0.003279900926769027,True,ingan_gan_planar,3.8554878945533214e-10,[A/E/DR] evaluator output; Taylor et al. 2010 Q=167 [V] where used,,309126328.6479405,10.0,deterministic_pair,80000000.0,0.9090909090909092,R029,reference,0.0,,5.285087763377385e-18,1.4071658647809202,30.31504311247509,38.74045864977526,18921161667.91825,False,1.0,0.7035829323904601,5.0,0.46962353789324307,,,10.0,,,0.5165858916825673,0.02,True,0.25
2.8698297077793518,175.25414695425832,5.941085052333875,3.7128665782992067,75.99088773175333,12.817413071999999,2000.0,0.38358901924621674,0.28000642377471424,250.0,250.0000006815537,,2.434877827044563,,1.041082327793199e-06,,nan,screened_upper,"{""comparison"":false,""inputs"":{""Q"":2000.0,""T_hs"":250.0,""current_uA"":0.02,""height_nm"":3.0,""radius_nm"":10.0,""screening_fraction"":1.0,""x_in"":0.25},""regime"":""rectangular""}",1.0410823278003196e-05,1.041082327793199e-05,7.120538733918388e-17,True,0.02,rectangular,,-1.8870283113869846e-07,,False,True,False,0.1,136.44701974283223,0.6709391907282822,0.6709391907282822,,0.9117714024760517,1.8235428049521034,6.770571134604654,5.416911450395965,12.5,,3.0,True,nan,[],,17.409485320286095,8.704742660143047,,1.4349148539840273,432.02632568724033,1.3013529097503993e-12,1.3013529097414986e-12,8.900673417397984e-24,,5.27098789829684e-11,,10000000000.0,,False,0.9117714024760517,,ingan_gan_planar,3.8554878945533214e-10,[A/E/DR] evaluator output; Taylor et al. 2010 Q=167 [V] where used,,0.527098789829684,10.0,rectangular,80000000.0,0.9090909090914744,B030,bound,1.0,,nan,nan,nan,nan,nan,,nan,nan,nan,1.0410823278003196e-05,,,10.0,,,1.1451905605796395e-05,0.02,True,0.25
2.8698297077793518,175.25414695425832,5.941085052333875,3.7128665782992067,75.99088773175333,12.817413071999999,2000.0,0.38358901924621674,0.28000642377471424,250.0,250.0000006815537,,2.434877827044563,,19751.18038399668,,0.0,screened_upper,"{""comparison"":false,""inputs"":{""Q"":2000.0,""T_hs"":250.0,""current_uA"":0.02,""height_nm"":3.0,""radius_nm"":10.0,""screening_fraction"":1.0,""x_in"":0.25},""regime"":""deterministic_pair""}",197511.80383996677,197511.80383996677,0.0,True,0.02,deterministic_pair,,-1.8870283113869846e-07,,False,True,True,0.1,136.44701974283223,0.17355371900826433,0.17355371900826433,,0.9117714024760517,1.8235428049521034,6.770571134604654,5.416911450395965,12.5,False,3.0,True,0.0,[],,17.409485320286095,8.704742660143047,,1.4349148539840273,432.02632568724033,0.024688975479995847,0.024688975479995847,0.0,,5.27098789829684e-11,,10000000000.0,True,True,0.9117714024760517,True,ingan_gan_planar,3.8554878945533214e-10,[A/E/DR] evaluator output; Taylor et al. 2010 Q=167 [V] where used,,0.527098789829684,10.0,deterministic_pair,80000000.0,0.9090909090909092,B031,bound,1.0,,5.285087763377385e-18,1.4071658647809202,30.31504311247509,38.74045864977526,18921161667.91825,False,1.0,0.7035829323904601,5.0,197511.80383996677,,,10.0,,,217262.98422396346,0.02,True,0.25
2.1940612516712625,16.784501388218963,4.00420898687766,2.977143859756729,75.99088773175333,12.817413071999999,2000.0,8.197729260365554e-07,6.095042627197985e-07,273.0,273.00000068234147,,2.413336793977526,,0.0007967146120380002,,nan,unscreened_lower,"{""comparison"":false,""inputs"":{""Q"":2000.0,""T_hs"":273.0,""current_uA"":0.02,""height_nm"":3.0,""radius_nm"":10.0,""screening_fraction"":0.0,""x_in"":0.25},""regime"":""rectangular""}",0.007967221511740175,0.00796714612038,7.539136017382244e-08,True,0.02,rectangular,,-2.3111956792831734e-07,,False,True,False,0.1,-3902.3864669300974,0.9994663778256551,0.9994663778256551,,0.0032528930419186623,0.006505786083837325,0.019368661092387066,0.013025263551802516,12.5,,3.0,True,nan,[],,31777.709315233664,15888.854657616832,,1.097030625951191,565.0899595695363,9.959026889675217e-10,9.958932650475e-10,9.423920021727804e-15,,0.030910559433468893,,10000000000.0,,False,0.0032528930419186623,,ingan_gan_planar,3.8211424368841123e-10,[A/E/DR] evaluator output; Taylor et al. 2010 Q=167 [V] where used,,309105594.3346889,10.0,rectangular,80000000.0,0.909091691132211,R032,reference,0.0,,nan,nan,nan,nan,nan,,nan,nan,nan,0.007967221511740175,,,10.0,,,0.008763936123778173,0.02,True,0.25
2.1940612516712625,16.784501388218963,4.00420898687766,2.977143859756729,75.99088773175333,12.817413071999999,2000.0,8.197729260365554e-07,6.095042627197985e-07,273.0,273.00000068234147,,2.413336793977526,,0.025775337506045708,,0.0,unscreened_lower,"{""comparison"":false,""inputs"":{""Q"":2000.0,""T_hs"":273.0,""current_uA"":0.02,""height_nm"":3.0,""radius_nm"":10.0,""screening_fraction"":0.0,""x_in"":0.25},""regime"":""deterministic_pair""}",0.25775337506045704,0.25775337506045704,0.0,True,0.02,deterministic_pair,,-2.3111956792831734e-07,,False,True,False,0.1,-3902.3864669300974,0.17355371900826455,0.17355371900826455,,0.0032528930419186623,0.006505786083837325,0.019368661092387066,0.013025263551802516,12.5,False,3.0,True,0.0,[],,31777.709315233664,15888.854657616832,,1.097030625951191,565.0899595695363,3.221917188255713e-08,3.221917188255713e-08,0.0,,0.030910559433468893,,10000000000.0,True,False,0.0032528930419186623,True,ingan_gan_planar,3.8211424368841123e-10,[A/E/DR] evaluator output; Taylor et al. 2010 Q=167 [V] where used,,309105594.3346889,10.0,deterministic_pair,80000000.0,0.9090909090909091,R033,reference,0.0,,5.285087763377385e-18,1.2886134295788088,30.31504311247509,38.74045864977526,18921161667.91825,False,1.0,0.6443067147894044,5.0,0.25775337506045704,,,10.0,,,0.28352871256650275,0.02,True,0.25
2.8622235664031574,175.29150504986748,4.872465538594066,3.569339466652104,75.99088773175333,12.817413071999999,2000.0,0.19085903280697558,0.14733503337796014,273.0,273.00000068234147,,2.413336793977526,,1.2330913890889424e-06,,nan,screened_upper,"{""comparison"":false,""inputs"":{""Q"":2000.0,""T_hs"":273.0,""current_uA"":0.02,""height_nm"":3.0,""radius_nm"":10.0,""screening_fraction"":1.0,""x_in"":0.25},""regime"":""rectangular""}",1.2330913891152923e-05,1.2330913890889423e-05,2.634990303636205e-16,True,0.02,rectangular,,-2.0149526491763936e-07,,False,True,False,0.1,136.1475857031237,0.7863662912298757,0.7863662912298757,,0.9117546682238985,1.823509336447797,6.508723842391712,4.442493200573212,12.5,,3.0,True,nan,[],,37.667625075891785,18.833812537945892,,1.4311117833023264,433.17440278016437,1.541364236394115e-12,1.5413642363611777e-12,3.2937378795452565e-23,,1.5970966398184082e-10,,10000000000.0,,False,0.9117546682238985,,ingan_gan_planar,3.8211424368841123e-10,[A/E/DR] evaluator output; Taylor et al. 2010 Q=167 [V] where used,,1.5970966398184079,10.0,rectangular,80000000.0,0.9090909090926751,B034,bound,1.0,,nan,nan,nan,nan,nan,,nan,nan,nan,1.2330913891152923e-05,,,10.0,,,1.3564005280241865e-05,0.02,True,0.25
2.8622235664031574,175.29150504986748,4.872465538594066,3.569339466652104,75.99088773175333,12.817413071999999,2000.0,0.19085903280697558,0.14733503337796014,273.0,273.00000068234147,,2.413336793977526,,7720.831403671039,,0.0,screened_upper,"{""comparison"":false,""inputs"":{""Q"":2000.0,""T_hs"":273.0,""current_uA"":0.02,""height_nm"":3.0,""radius_nm"":10.0,""screening_fraction"":1.0,""x_in"":0.25},""regime"":""deterministic_pair""}",77208.31403671039,77208.31403671039,0.0,True,0.02,deterministic_pair,,-2.0149526491763936e-07,,False,True,True,0.1,136.1475857031237,0.17355371900826433,0.17355371900826433,,0.9117546682238985,1.823509336447797,6.508723842391712,4.442493200573212,12.5,False,3.0,True,0.0,[],,37.667625075891785,18.833812537945892,,1.4311117833023264,433.17440278016437,0.009651039254588798,0.009651039254588798,0.0,,1.5970966398184082e-10,,10000000000.0,True,True,0.9117546682238985,True,ingan_gan_planar,3.8211424368841123e-10,[A/E/DR] evaluator output; Taylor et al. 2010 Q=167 [V] where used,,1.5970966398184079,10.0,deterministic_pair,80000000.0,0.9090909090909092,B035,bound,1.0,,5.285087763377385e-18,1.2886134295788088,30.31504311247509,38.74045864977526,18921161667.91825,False,1.0,0.6443067147894044,5.0,77208.31403671039,,,10.0,,,84929.14544038141,0.02,True,0.25
2.1839109384684114,16.77901297723189,3.1077789179418485,2.6753753136254335,18.997721932938333,12.817413071999999,500.0,5.372054860231398e-07,4.62460953955869e-07,300.0,300.0000006829321,,2.3868912982517547,,0.0014456122071908643,,nan,unscreened_lower,"{""comparison"":false,""inputs"":{""Q"":500.0,""T_hs"":300.0,""current_uA"":0.02,""height_nm"":3.0,""radius_nm"":10.0,""screening_fraction"":0.0,""x_in"":0.25},""regime"":""rectangular""}",0.014456284713042571,0.014456122071908642,1.626411339288602e-07,True,0.02,rectangular,,-2.1593571375433385e-07,,False,True,False,0.1,-3902.748396421988,0.9997145796704188,0.9997145796704188,,0.0032189988716036337,0.006437997743207267,0.017224060231352974,0.010003936830048372,12.5,,3.0,True,nan,[],,37244.33839995339,18622.169199976695,,4.367821877368694,567.7163670737909,1.8070355891303213e-09,1.8070152589885802e-09,2.0330141741107526e-14,,0.030905949172482315,,10000000000.0,,False,0.0032189988716036337,,ingan_gan_planar,3.778979081712954e-10,[A/E/DR] evaluator output; Taylor et al. 2010 Q=167 [V] where used,,309059491.7248231,10.0,rectangular,80000000.0,0.909091838889266,R036,reference,0.0,,nan,nan,nan,nan,nan,,nan,nan,nan,0.014456284713042571,,,10.0,,,0.015901896920233437,0.02,True,0.25
2.1839109384684114,16.77901297723189,3.1077789179418485,2.6753753136254335,18.997721932938333,12.817413071999999,500.0,5.372054860231398e-07,4.62460953955869e-07,300.0,300.0000006829321,,2.3868912982517547,,0.04677533695112525,,0.0,unscreened_lower,"{""comparison"":false,""inputs"":{""Q"":500.0,""T_hs"":300.0,""current_uA"":0.02,""height_nm"":3.0,""radius_nm"":10.0,""screening_fraction"":0.0,""x_in"":0.25},""regime"":""deterministic_pair""}",0.46775336951125246,0.46775336951125246,0.0,True,0.02,deterministic_pair,,-2.1593571375433385e-07,,False,True,False,0.1,-3902.748396421988,0.17355371900826455,0.17355371900826455,,0.0032189988716036337,0.006437997743207267,0.017224060231352974,0.010003936830048372,12.5,False,3.0,True,0.0,[],,37244.33839995339,18622.169199976695,,4.367821877368694,567.7163670737909,5.8469171188906556e-08,5.8469171188906556e-08,0.0,,0.030905949172482315,,10000000000.0,True,False,0.0032189988716036337,True,ingan_gan_planar,3.778979081712954e-10,[A/E/DR] evaluator output; Taylor et al. 2010 Q=167 [V] where used,,309059491.7248231,10.0,deterministic_pair,80000000.0,0.9090909090909091,R037,reference,0.0,,5.285087763377385e-18,1.1726382211781896,30.31504311247509,38.74045864977526,18921161667.91825,False,1.0,0.5863191105890947,5.0,0.46775336951125246,,,10.0,,,0.5145287064623777,0.02,True,0.25
2.8527648642293184,175.33668070979795,3.6628339536403494,3.145009683237803,18.997721932938333,12.817413071999999,500.0,0.07634997713402993,0.06627150511450428,300.0,300.0000006829321,,2.3868912982517547,,3.8461096316108355e-06,,nan,screened_upper,"{""comparison"":false,""inputs"":{""Q"":500.0,""T_hs"":300.0,""current_uA"":0.02,""height_nm"":3.0,""radius_nm"":10.0,""screening_fraction"":1.0,""x_in"":0.25},""regime"":""rectangular""}",3.846109631827803e-05,3.846109631610835e-05,2.169675359680985e-15,True,0.02,rectangular,,-2.2812596256471807e-07,,False,True,False,0.1,135.7856562112328,0.9096714314983688,0.9096714314983688,,0.9117230314340268,1.8234460628680536,5.734755524581876,3.339490075852461,12.5,,3.0,True,nan,[],,80.79950252000809,40.399751260004045,,5.705529728914889,434.61064721678224,4.8076370397847534e-12,4.807637039513544e-12,2.712094199601231e-22,,4.610103270101685e-10,,10000000000.0,,False,0.9117230314340268,,ingan_gan_planar,3.778979081712954e-10,[A/E/DR] evaluator output; Taylor et al. 2010 Q=167 [V] where used,,4.610103270101685,10.0,rectangular,80000000.0,0.9090909090955712,B038,bound,1.0,,nan,nan,nan,nan,nan,,nan,nan,nan,3.846109631827803e-05,,,10.0,,,4.230720594988887e-05,0.02,True,0.25
2.8527648642293184,175.33668070979795,3.6628339536403494,3.145009683237803,18.997721932938333,12.817413071999999,500.0,0.07634997713402993,0.06627150511450428,300.0,300.0000006829321,,2.3868912982517547,,8342.784112599433,,0.0,screened_upper,"{""comparison"":false,""inputs"":{""Q"":500.0,""T_hs"":300.0,""current_uA"":0.02,""height_nm"":3.0,""radius_nm"":10.0,""screening_fraction"":1.0,""x_in"":0.25},""regime"":""deterministic_pair""}",83427.84112599432,83427.84112599432,0.0,True,0.02,deterministic_pair,,-2.2812596256471807e-07,,False,True,True,0.1,135.7856562112328,0.17355371900826455,0.17355371900826455,,0.9117230314340268,1.8234460628680536,5.734755524581876,3.339490075852461,12.5,False,3.0,True,0.0,[],,80.79950252000809,40.399751260004045,,5.705529728914889,434.61064721678224,0.01042848014074929,0.01042848014074929,0.0,,4.610103270101685e-10,,10000000000.0,True,True,0.9117230314340268,True,ingan_gan_planar,3.778979081712954e-10,[A/E/DR] evaluator output; Taylor et al. 2010 Q=167 [V] where used,,4.610103270101685,10.0,deterministic_pair,80000000.0,0.9090909090909091,B039,bound,1.0,,5.285087763377385e-18,1.1726382211781896,30.31504311247509,38.74045864977526,18921161667.91825,False,1.0,0.5863191105890947,5.0,83427.84112599432,,,10.0,,,91770.62523859376,0.02,True,0.25
2.1839109384684114,16.77901297723189,3.2990903062951293,2.7589632742588286,75.99088773175333,12.817413071999999,2000.0,5.702752350196195e-07,4.769098237579364e-07,300.0,300.0000006829321,,2.3868912982517547,,0.00042470937212596974,,nan,unscreened_lower,"{""comparison"":false,""inputs"":{""Q"":2000.0,""T_hs"":300.0,""current_uA"":0.02,""height_nm"":3.0,""radius_nm"":10.0,""screening_fraction"":0.0,""x_in"":0.25},""regime"":""rectangular""}",0.004247138693754914,0.0042470937212596965,4.497249521672975e-08,True,0.02,rectangular,,-2.1593571375433385e-07,,False,True,False,0.1,-3902.748396421988,0.9996791936846767,0.9996791936846767,,0.0032189988716036337,0.006437997743207267,0.01776219933327007,0.010619767973282507,12.5,,3.0,True,nan,[],,37244.33839995339,18622.169199976695,,1.0919554693421736,567.7163670737909,5.308923367193642e-10,5.308867151574621e-10,5.6215619020912184e-15,,0.030905949172482315,,10000000000.0,,False,0.0032189988716036337,,ingan_gan_planar,3.778979081712954e-10,[A/E/DR] evaluator output; Taylor et al. 2010 Q=167 [V] where used,,309059491.7248231,10.0,rectangular,80000000.0,0.9090917842068371,R040,reference,0.0,,nan,nan,nan,nan,nan,,nan,nan,nan,0.004247138693754914,,,10.0,,,0.004671848065880883,0.02,True,0.25
2.1839109384684114,16.77901297723189,3.2990903062951293,2.7589632742588286,75.99088773175333,12.817413071999999,2000.0,5.702752350196195e-07,4.769098237579364e-07,300.0,300.0000006829321,,2.3868912982517547,,0.01374222207633541,,0.0,unscreened_lower,"{""comparison"":false,""inputs"":{""Q"":2000.0,""T_hs"":300.0,""current_uA"":0.02,""height_nm"":3.0,""radius_nm"":10.0,""screening_fraction"":0.0,""x_in"":0.25},""regime"":""deterministic_pair""}",0.13742222076335409,0.13742222076335409,0.0,True,0.02,deterministic_pair,,-2.1593571375433385e-07,,False,True,False,0.1,-3902.748396421988,0.17355371900826455,0.17355371900826455,,0.0032189988716036337,0.006437997743207267,0.01776219933327007,0.010619767973282507,12.5,False,3.0,True,0.0,[],,37244.33839995339,18622.169199976695,,1.0919554693421736,567.7163670737909,1.717777759541926e-08,1.717777759541926e-08,0.0,,0.030905949172482315,,10000000000.0,True,False,0.0032189988716036337,True,ingan_gan_planar,3.778979081712954e-10,[A/E/DR] evaluator output; Taylor et al. 2010 Q=167 [V] where used,,309059491.7248231,10.0,deterministic_pair,80000000.0,0.9090909090909091,R041,reference,0.0,,5.285087763377385e-18,1.1726382211781896,30.31504311247509,38.74045864977526,18921161667.91825,False,1.0,0.5863191105890947,5.0,0.13742222076335409,,,10.0,,,0.1511644428396895,0.02,True,0.25
2.8527648642293184,175.33668070979795,3.975647301607068,3.2863938816415086,75.99088773175333,12.817413071999999,2000.0,0.08233356678832304,0.06904504482896266,300.0,300.0000006829321,,2.3868912982517547,,1.182159053486187e-06,,nan,screened_upper,"{""comparison"":false,""inputs"":{""Q"":2000.0,""T_hs"":300.0,""current_uA"":0.02,""height_nm"":3.0,""radius_nm"":10.0,""screening_fraction"":1.0,""x_in"":0.25},""regime"":""rectangular""}",1.1821590535478755e-05,1.1821590534861871e-05,6.168844820956254e-16,True,0.02,rectangular,,-2.2812596256471807e-07,,False,True,False,0.1,135.7856562112328,0.8958834914876267,0.8958834914876267,,0.9117230314340268,1.8234460628680536,5.992561984512869,3.6246892097337047,12.5,,3.0,True,nan,[],,80.79950252000809,40.399751260004045,,1.4263824322287222,434.61064721678224,1.4776988169348444e-12,1.4776988168577339e-12,7.711056026195318e-23,,4.610103270101685e-10,,10000000000.0,,False,0.9117230314340268,,ingan_gan_planar,3.778979081712954e-10,[A/E/DR] evaluator output; Taylor et al. 2010 Q=167 [V] where used,,4.610103270101685,10.0,rectangular,80000000.0,0.9090909090952217,B042,bound,1.0,,nan,nan,nan,nan,nan,,nan,nan,nan,1.1821590535478755e-05,,,10.0,,,1.3003749588964942e-05,0.02,True,0.25
2.8527648642293184,175.33668070979795,3.975647301607068,3.2863938816415086,75.99088773175333,12.817413071999999,2000.0,0.08233356678832304,0.06904504482896266,300.0,300.0000006829321,,2.3868912982517547,,2564.2788985855636,,0.0,screened_upper,"{""comparison"":false,""inputs"":{""Q"":2000.0,""T_hs"":300.0,""current_uA"":0.02,""height_nm"":3.0,""radius_nm"":10.0,""screening_fraction"":1.0,""x_in"":0.25},""regime"":""deterministic_pair""}",25642.788985855634,25642.788985855634,0.0,True,0.02,deterministic_pair,,-2.2812596256471807e-07,,False,True,True,0.1,135.7856562112328,0.17355371900826433,0.17355371900826433,,0.9117230314340268,1.8234460628680536,5.992561984512869,3.6246892097337047,12.5,False,3.0,True,0.0,[],,80.79950252000809,40.399751260004045,,1.4263824322287222,434.61064721678224,0.0032053486232319537,0.0032053486232319537,0.0,,4.610103270101685e-10,,10000000000.0,True,True,0.9117230314340268,True,ingan_gan_planar,3.778979081712954e-10,[A/E/DR] evaluator output; Taylor et al. 2010 Q=167 [V] where used,,4.610103270101685,10.0,deterministic_pair,80000000.0,0.9090909090909092,B043,bound,1.0,,5.285087763377385e-18,1.1726382211781896,30.31504311247509,38.74045864977526,18921161667.91825,False,1.0,0.5863191105890947,5.0,25642.788985855634,,,10.0,,,28207.067884441196,0.02,True,0.25
2.1839109384684114,16.77901297723189,3.3561174251440455,2.7815720492752884,379.95443865876666,12.817413071999999,10000.0,5.801328417287821e-07,4.808179372963573e-07,300.0,300.0000006829321,,2.3868912982517547,,8.886792582298841e-05,,nan,unscreened_lower,"{""comparison"":false,""inputs"":{""Q"":10000.0,""T_hs"":300.0,""current_uA"":0.02,""height_nm"":3.0,""radius_nm"":10.0,""screening_fraction"":0.0,""x_in"":0.25},""regime"":""rectangular""}",0.0008886884921624619,0.0008886792582298841,9.233932577896705e-09,True,0.02,rectangular,,-2.1593571375433385e-07,,False,True,False,0.1,-3902.748396421988,0.999668584358809,0.999668584358809,,0.0032189988716036337,0.006437997743207267,0.01790775457580272,0.010803338204507976,12.5,,3.0,True,nan,[],,37244.33839995339,18622.169199976695,,0.2183910938684347,567.7163670737909,1.1108606152030774e-10,1.110849072787355e-10,1.1542415722370882e-15,,0.030905949172482315,,10000000000.0,,False,0.0032189988716036337,,ingan_gan_planar,3.778979081712954e-10,[A/E/DR] evaluator output; Taylor et al. 2010 Q=167 [V] where used,,309059491.7248231,10.0,rectangular,80000000.0,0.9090917678121049,R044,reference,0.0,,nan,nan,nan,nan,nan,,nan,nan,nan,0.0008886884921624619,,,10.0,,,0.0009775564179854504,0.02,True,0.25
2.1839109384684114,16.77901297723189,3.3561174251440455,2.7815720492752884,379.95443865876666,12.817413071999999,10000.0,5.801328417287821e-07,4.808179372963573e-07,300.0,300.0000006829321,,2.3868912982517547,,0.0028754787444638594,,0.0,unscreened_lower,"{""comparison"":false,""inputs"":{""Q"":10000.0,""T_hs"":300.0,""current_uA"":0.02,""height_nm"":3.0,""radius_nm"":10.0,""screening_fraction"":0.0,""x_in"":0.25},""regime"":""deterministic_pair""}",0.028754787444638594,0.028754787444638594,0.0,True,0.02,deterministic_pair,,-2.1593571375433385e-07,,False,True,False,0.1,-3902.748396421988,0.17355371900826455,0.17355371900826455,,0.0032189988716036337,0.006437997743207267,0.01790775457580272,0.010803338204507976,12.5,False,3.0,True,0.0,[],,37244.33839995339,18622.169199976695,,0.2183910938684347,567.7163670737909,3.594348430579824e-09,3.594348430579824e-09,0.0,,0.030905949172482315,,10000000000.0,True,False,0.0032189988716036337,True,ingan_gan_planar,3.778979081712954e-10,[A/E/DR] evaluator output; Taylor et al. 2010 Q=167 [V] where used,,309059491.7248231,10.0,deterministic_pair,80000000.0,0.9090909090909091,R045,reference,0.0,,5.285087763377385e-18,1.1726382211781896,30.31504311247509,38.74045864977526,18921161667.91825,False,1.0,0.5863191105890947,5.0,0.028754787444638594,,,10.0,,,0.03163026618910245,0.02,True,0.25
2.8527648642293184,175.33668070979795,4.071878056885019,3.324939898153934,379.95443865876666,12.817413071999999,10000.0,0.08415873620234811,0.06979834750868383,300.0,300.0000006829321,,2.3868912982517547,,2.5065968362112456e-07,,nan,screened_upper,"{""comparison"":false,""inputs"":{""Q"":10000.0,""T_hs"":300.0,""current_uA"":0.02,""height_nm"":3.0,""radius_nm"":10.0,""screening_fraction"":1.0,""x_in"":0.25},""regime"":""rectangular""}",2.5065968363387795e-06,2.506596836211245e-06,1.2753444834948438e-16,True,0.02,rectangular,,-2.2812596256471807e-07,,False,True,False,0.1,135.7856562112328,0.8916317249140581,0.8916317249140581,,0.9117230314340268,1.8234460628680536,6.062848566561698,3.7124250056529045,12.5,,3.0,True,nan,[],,80.79950252000809,40.399751260004045,,0.28527648644574444,434.61064721678224,3.1332460454234743e-13,3.133246045264056e-13,1.5941806043685548e-23,,4.610103270101685e-10,,10000000000.0,,False,0.9117230314340268,,ingan_gan_planar,3.778979081712954e-10,[A/E/DR] evaluator output; Taylor et al. 2010 Q=167 [V] where used,,4.610103270101685,10.0,rectangular,80000000.0,0.909090909095114,B046,bound,1.0,,nan,nan,nan,nan,nan,,nan,nan,nan,2.5065968363387795e-06,,,10.0,,,2.757256519959904e-06,0.02,True,0.25
2.8527648642293184,175.33668070979795,4.071878056885019,3.324939898153934,379.95443865876666,12.817413071999999,10000.0,0.08415873620234811,0.06979834750868383,300.0,300.0000006829321,,2.3868912982517547,,543.7181532723569,,0.0,screened_upper,"{""comparison"":false,""inputs"":{""Q"":10000.0,""T_hs"":300.0,""current_uA"":0.02,""height_nm"":3.0,""radius_nm"":10.0,""screening_fraction"":1.0,""x_in"":0.25},""regime"":""deterministic_pair""}",5437.181532723568,5437.181532723568,0.0,True,0.02,deterministic_pair,,-2.2812596256471807e-07,,False,True,True,0.1,135.7856562112328,0.17355371900826433,0.17355371900826433,,0.9117230314340268,1.8234460628680536,6.062848566561698,3.7124250056529045,12.5,False,3.0,True,0.0,[],,80.79950252000809,40.399751260004045,,0.28527648644574444,434.61064721678224,0.0006796476915904461,0.0006796476915904461,0.0,,4.610103270101685e-10,,10000000000.0,True,True,0.9117230314340268,True,ingan_gan_planar,3.778979081712954e-10,[A/E/DR] evaluator output; Taylor et al. 2010 Q=167 [V] where used,,4.610103270101685,10.0,deterministic_pair,80000000.0,0.9090909090909092,B047,bound,1.0,,5.285087763377385e-18,1.1726382211781896,30.31504311247509,38.74045864977526,18921161667.91825,False,1.0,0.5863191105890947,5.0,5437.181532723568,,,10.0,,,5980.899685995924,0.02,True,0.25
1.8205234199014602,16.875723045019832,5.0311390845721755,2.709195430673626,75.99088773175333,12.817413071999999,2000.0,3.214690603428875e-08,1.731064293125559e-08,230.0,230.00000068065262,,2.452810661041165,,4.1832587692895707e-05,,nan,unscreened_lower,"{""comparison"":false,""inputs"":{""Q"":2000.0,""T_hs"":230.0,""current_uA"":0.02,""height_nm"":4.0,""radius_nm"":10.0,""screening_fraction"":0.0,""x_in"":0.25},""regime"":""rectangular""}",0.00041832835522409974,0.00041832587692895707,2.4782951426912717e-09,True,0.02,rectangular,,-2.0666135469582514e-07,,False,True,False,0.1,-3901.8335667870415,0.9989005163264157,0.9989005163264157,,7.450793995179885e-05,0.0001490158799035977,0.00040371314093263664,0.0003748598088024519,12.5,,4.0,True,nan,[],,23321.67184935517,11660.835924677585,,0.9102617100540609,681.0359979148794,5.2291044403012466e-11,5.229073461611963e-11,3.0978689283640896e-16,,0.030913554064414085,,10000000000.0,,False,7.450793995179885e-05,,ingan_gan_planar,3.884081592483214e-10,[A/E/DR] evaluator output; Taylor et al. 2010 Q=167 [V] where used,,309135540.64414084,10.0,rectangular,80000000.0,0.909091398701255,R048,reference,0.0,,nan,nan,nan,nan,nan,,nan,nan,nan,0.00041832835522409974,,,10.0,,,0.00046016094291699545,0.02,True,0.25
1.8205234199014602,16.875723045019832,5.0311390845721755,2.709195430673626,75.99088773175333,12.817413071999999,2000.0,3.214690603428875e-08,1.731064293125559e-08,230.0,230.00000068065262,,2.452810661041165,,0.0013532476943777878,,0.0,unscreened_lower,"{""comparison"":false,""inputs"":{""Q"":2000.0,""T_hs"":230.0,""current_uA"":0.02,""height_nm"":4.0,""radius_nm"":10.0,""screening_fraction"":0.0,""x_in"":0.25},""regime"":""deterministic_pair""}",0.013532476943777877,0.013532476943777877,0.0,True,0.02,deterministic_pair,,-2.0666135469582514e-07,,False,True,False,0.1,-3901.8335667870415,0.17355371900826455,0.17355371900826455,,7.450793995179885e-05,0.0001490158799035977,0.00040371314093263664,0.0003748598088024519,12.5,False,4.0,True,0.0,[],,23321.67184935517,11660.835924677585,,0.9102617100540609,681.0359979148794,1.6915596179722346e-09,1.6915596179722346e-09,0.0,,0.030913554064414085,,10000000000.0,True,False,7.450793995179885e-05,True,ingan_gan_planar,3.884081592483214e-10,[A/E/DR] evaluator output; Taylor et al. 2010 Q=167 [V] where used,,309135540.64414084,10.0,deterministic_pair,80000000.0,0.9090909090909091,R049,reference,0.0,,5.285087763377385e-18,1.5295281135357035,30.31504311247509,38.74045864977526,18921161667.91825,False,1.0,0.7647640567678519,5.0,0.013532476943777877,,,10.0,,,0.014885724638155665,0.02,True,0.25
2.8330044993872368,176.88980437863046,7.093284074500046,3.670436672529998,75.99088773175333,12.817413071999999,2000.0,0.6147723160503912,0.45229050183661135,230.0,230.00000068065262,,2.452810661041165,,5.617842824111644e-06,,nan,screened_upper,"{""comparison"":false,""inputs"":{""Q"":2000.0,""T_hs"":230.0,""current_uA"":0.02,""height_nm"":4.0,""radius_nm"":10.0,""screening_fraction"":1.0,""x_in"":0.25},""regime"":""rectangular""}",5.6178428242063043e-05,5.617842824111644e-05,9.46604813490371e-16,True,0.02,rectangular,,-1.7664136819917076e-07,,False,True,False,0.1,136.70048584617953,0.575130707224643,0.575130707224643,,0.8177827638502433,1.6355655277004866,6.003239693197744,5.800765455219563,12.5,,4.0,True,nan,[],,7.269733470776408,3.634866735388204,,1.416502249781939,437.64208079026025,7.0223035302578795e-12,7.022303530139554e-12,1.1832560168629638e-22,,1.4431501404896767e-10,,10000000000.0,,False,0.8177827638502433,,ingan_gan_planar,3.884081592483214e-10,[A/E/DR] evaluator output; Taylor et al. 2010 Q=167 [V] where used,,1.4431501404896765,10.0,rectangular,80000000.0,0.9090909090923016,B050,bound,1.0,,nan,nan,nan,nan,nan,,nan,nan,nan,5.6178428242063043e-05,,,10.0,,,6.179627106617469e-05,0.02,True,0.25
2.8330044993872368,176.88980437863046,7.093284074500046,3.670436672529998,75.99088773175333,12.817413071999999,2000.0,0.6147723160503912,0.45229050183661135,230.0,230.00000068065262,,2.452810661041165,,38927.63938274993,,0.0,screened_upper,"{""comparison"":false,""inputs"":{""Q"":2000.0,""T_hs"":230.0,""current_uA"":0.02,""height_nm"":4.0,""radius_nm"":10.0,""screening_fraction"":1.0,""x_in"":0.25},""regime"":""deterministic_pair""}",389276.3938274993,389276.3938274993,0.0,True,0.02,deterministic_pair,,-1.7664136819917076e-07,,False,True,True,0.1,136.70048584617953,0.17355371900826455,0.17355371900826455,,0.8177827638502433,1.6355655277004866,6.003239693197744,5.800765455219563,12.5,False,4.0,True,0.0,[],,7.269733470776408,3.634866735388204,,1.416502249781939,437.64208079026025,0.048659549228437404,0.048659549228437404,0.0,,1.4431501404896767e-10,,10000000000.0,True,True,0.8177827638502433,True,ingan_gan_planar,3.884081592483214e-10,[A/E/DR] evaluator output; Taylor et al. 2010 Q=167 [V] where used,,1.4431501404896765,10.0,deterministic_pair,80000000.0,0.9090909090909091,B051,bound,1.0,,5.285087763377385e-18,1.5295281135357035,30.31504311247509,38.74045864977526,18921161667.91825,False,1.0,0.7647640567678519,5.0,389276.3938274993,,,10.0,,,428204.0332102492,0.02,True,0.25
1.7954129684350064,16.861842718209452,2.9003306593931852,2.4501874499112812,75.99088773175333,12.817413071999999,2000.0,1.1295806391321855e-08,9.542650944136443e-09,300.0,300.0000006829321,,2.3868912982517547,,6.958996940988775e-06,,nan,unscreened_lower,"{""comparison"":false,""inputs"":{""Q"":2000.0,""T_hs"":300.0,""current_uA"":0.02,""height_nm"":4.0,""radius_nm"":10.0,""screening_fraction"":0.0,""x_in"":0.25},""regime"":""rectangular""}",6.959071458704115e-05,6.958996940988775e-05,7.45177153417316e-10,True,0.02,rectangular,,-2.369668905544131e-07,,False,True,False,0.1,-3902.748396421988,0.9996827176854943,0.9996827176854943,,7.229504315237295e-05,0.0001445900863047459,0.00035427281484547743,0.00020967953017698063,12.5,,4.0,True,nan,[],,37125.19859929083,18562.599299645415,,0.8977064843359867,690.5608936760233,8.698839323380144e-12,8.698746176235967e-12,9.31471441771645e-17,,0.030905949172482315,,10000000000.0,,False,7.229504315237295e-05,,ingan_gan_planar,3.778979081712954e-10,[A/E/DR] evaluator output; Taylor et al. 2010 Q=167 [V] where used,,309059491.7248231,10.0,rectangular,80000000.0,0.9090917940501888,R052,reference,0.0,,nan,nan,nan,nan,nan,,nan,nan,nan,6.959071458704115e-05,,,10.0,,,7.654971152802992e-05,0.02,True,0.25
1.7954129684350064,16.861842718209452,2.9003306593931852,2.4501874499112812,75.99088773175333,12.817413071999999,2000.0,1.1295806391321855e-08,9.542650944136443e-09,300.0,300.0000006829321,,2.3868912982517547,,0.00022517065258453292,,0.0,unscreened_lower,"{""comparison"":false,""inputs"":{""Q"":2000.0,""T_hs"":300.0,""current_uA"":0.02,""height_nm"":4.0,""radius_nm"":10.0,""screening_fraction"":0.0,""x_in"":0.25},""regime"":""deterministic_pair""}",0.002251706525845329,0.002251706525845329,0.0,True,0.02,deterministic_pair,,-2.369668905544131e-07,,False,True,False,0.1,-3902.748396421988,0.17355371900826455,0.17355371900826455,,7.229504315237295e-05,0.0001445900863047459,0.00035427281484547743,0.00020967953017698063,12.5,False,4.0,True,0.0,[],,37125.19859929083,18562.599299645415,,0.8977064843359867,690.5608936760233,2.814633157306661e-10,2.814633157306661e-10,0.0,,0.030905949172482315,,10000000000.0,True,False,7.229504315237295e-05,True,ingan_gan_planar,3.778979081712954e-10,[A/E/DR] evaluator output; Taylor et al. 2010 Q=167 [V] where used,,309059491.7248231,10.0,deterministic_pair,80000000.0,0.9090909090909091,R053,reference,0.0,,5.285087763377385e-18,1.1726382211781896,30.31504311247509,38.74045864977526,18921161667.91825,False,1.0,0.5863191105890947,5.0,0.002251706525845329,,,10.0,,,0.002476877178429862,0.02,True,0.25
2.8098616702036296,177.01899881691355,3.9326230884502245,3.2527203035512566,75.99088773175333,12.817413071999999,2000.0,0.07841057314580391,0.06574559992857057,300.0,300.0000006829321,,2.3868912982517547,,5.833507660641653e-06,,nan,screened_upper,"{""comparison"":false,""inputs"":{""Q"":2000.0,""T_hs"":300.0,""current_uA"":0.02,""height_nm"":4.0,""radius_nm"":10.0,""screening_fraction"":1.0,""x_in"":0.25},""regime"":""rectangular""}",5.833507662322857e-05,5.833507660641653e-05,1.6812045284531082e-14,True,0.02,rectangular,,-2.1394663818341542e-07,,False,True,False,0.1,135.7856562112328,0.8905045068299824,0.8905045068299824,,0.8189771995213984,1.6379543990427967,5.327807530057602,3.220728643752157,12.5,,4.0,True,nan,[],,75.70890878017471,37.854454390087355,,1.4049308352087881,441.2466268882728,7.291884577903572e-12,7.291884575802066e-12,2.1015056605663853e-21,,2.423553382580446e-09,,10000000000.0,,False,0.8189771995213984,,ingan_gan_planar,3.778979081712954e-10,[A/E/DR] evaluator output; Taylor et al. 2010 Q=167 [V] where used,,24.235533825804453,10.0,rectangular,80000000.0,0.9090909091147271,B054,bound,1.0,,nan,nan,nan,nan,nan,,nan,nan,nan,5.833507662322857e-05,,,10.0,,,6.416858428387023e-05,0.02,True,0.25
2.8098616702036296,177.01899881691355,3.9326230884502245,3.2527203035512566,75.99088773175333,12.817413071999999,2000.0,0.07841057314580391,0.06574559992857057,300.0,300.0000006829321,,2.3868912982517547,,2407.006053668298,,0.0,screened_upper,"{""comparison"":false,""inputs"":{""Q"":2000.0,""T_hs"":300.0,""current_uA"":0.02,""height_nm"":4.0,""radius_nm"":10.0,""screening_fraction"":1.0,""x_in"":0.25},""regime"":""deterministic_pair""}",24070.060536682977,24070.060536682977,0.0,True,0.02,deterministic_pair,,-2.1394663818341542e-07,,False,True,True,0.1,135.7856562112328,0.17355371900826455,0.17355371900826455,,0.8189771995213984,1.6379543990427967,5.327807530057602,3.220728643752157,12.5,False,4.0,True,0.0,[],,75.70890878017471,37.854454390087355,,1.4049308352087881,441.2466268882728,0.003008757567085372,0.003008757567085372,0.0,,2.423553382580446e-09,,10000000000.0,True,True,0.8189771995213984,True,ingan_gan_planar,3.778979081712954e-10,[A/E/DR] evaluator output; Taylor et al. 2010 Q=167 [V] where used,,24.235533825804453,10.0,deterministic_pair,80000000.0,0.9090909090909091,B055,bound,1.0,,5.285087763377385e-18,1.1726382211781896,30.31504311247509,38.74045864977526,18921161667.91825,False,1.0,0.5863191105890947,5.0,24070.060536682977,,,10.0,,,26477.066590351278,0.02,True,0.25
1.4321456079080366,16.958722920190404,4.207462164390435,2.3421586338436473,75.99088773175333,12.817413071999999,2000.0,2.8893542908688954e-10,1.6084104467375667e-10,230.0,230.00000068065262,,2.452810661041165,,2.9970402038881013e-07,,nan,unscreened_lower,"{""comparison"":false,""inputs"":{""Q"":2000.0,""T_hs"":230.0,""current_uA"":0.02,""height_nm"":5.0,""radius_nm"":10.0,""screening_fraction"":0.0,""x_in"":0.25},""regime"":""rectangular""}",2.997058473581434e-06,2.997040203888101e-06,1.826969333349609e-11,True,0.02,rectangular,,-1.962494611262855e-07,,False,True,False,0.1,-3901.8335667870415,0.9989037528399275,0.9989037528399275,,7.974281519150853e-07,1.5948563038301706e-06,3.7354064617558015e-06,3.3551487780025093e-06,12.5,,5.0,True,nan,[],,23224.211635355507,11612.105817677753,,0.716072804052143,865.7234132855119,3.746323091976793e-13,3.746300254860126e-13,2.2837116666870113e-18,,0.030913554064414085,,10000000000.0,,False,7.974281519150853e-07,,ingan_gan_planar,3.884081592483214e-10,[A/E/DR] evaluator output; Taylor et al. 2010 Q=167 [V] where used,,309135540.64414084,10.0,rectangular,80000000.0,0.9090914128824971,R056,reference,0.0,,nan,nan,nan,nan,nan,,nan,nan,nan,2.997058473581434e-06,,,10.0,,,3.296762493970244e-06,0.02,True,0.25
1.4321456079080366,16.958722920190404,4.207462164390435,2.3421586338436473,75.99088773175333,12.817413071999999,2000.0,2.8893542908688954e-10,1.6084104467375667e-10,230.0,230.00000068065262,,2.452810661041165,,9.695164511645647e-06,,0.0,unscreened_lower,"{""comparison"":false,""inputs"":{""Q"":2000.0,""T_hs"":230.0,""current_uA"":0.02,""height_nm"":5.0,""radius_nm"":10.0,""screening_fraction"":0.0,""x_in"":0.25},""regime"":""deterministic_pair""}",9.695164511645648e-05,9.695164511645648e-05,0.0,True,0.02,deterministic_pair,,-1.962494611262855e-07,,False,True,False,0.1,-3901.8335667870415,0.17355371900826455,0.17355371900826455,,7.974281519150853e-07,1.5948563038301706e-06,3.7354064617558015e-06,3.3551487780025093e-06,12.5,False,5.0,True,0.0,[],,23224.211635355507,11612.105817677753,,0.716072804052143,865.7234132855119,1.2118955639557059e-11,1.2118955639557059e-11,0.0,,0.030913554064414085,,10000000000.0,True,False,7.974281519150853e-07,True,ingan_gan_planar,3.884081592483214e-10,[A/E/DR] evaluator output; Taylor et al. 2010 Q=167 [V] where used,,309135540.64414084,10.0,deterministic_pair,80000000.0,0.9090909090909091,R057,reference,0.0,,5.285087763377385e-18,1.5295281135357035,30.31504311247509,38.74045864977526,18921161667.91825,False,1.0,0.7647640567678519,5.0,9.695164511645648e-05,,,10.0,,,0.00010664680962810213,0.02,True,0.25
2.8058052335871304,177.1282901714219,7.039432726749211,3.6445459220187493,75.99088773175333,12.817413071999999,2000.0,0.5566343684212033,0.39393961384316306,230.0,230.00000068065262,,2.452810661041165,,1.9889360518627344e-05,,nan,screened_upper,"{""comparison"":false,""inputs"":{""Q"":2000.0,""T_hs"":230.0,""current_uA"":0.02,""height_nm"":5.0,""radius_nm"":10.0,""screening_fraction"":1.0,""x_in"":0.25},""regime"":""rectangular""}",0.0001988936051994803,0.00019889360518627342,1.3206894906992353e-14,True,0.02,rectangular,,-1.7658363660189025e-07,,False,True,False,0.1,136.70048584617953,0.5507554855616186,0.5507554855616186,,0.6405206022637614,1.2810412045275228,4.668813497898769,4.508901689732636,12.5,,5.0,True,nan,[],,7.1827833810014,3.5913916905007,,1.402902616881857,441.8845503452506,2.4861700649935037e-11,2.4861700648284175e-11,1.650861863374044e-21,,5.692512290865448e-10,,10000000000.0,,False,0.6405206022637614,,ingan_gan_planar,3.884081592483214e-10,[A/E/DR] evaluator output; Taylor et al. 2010 Q=167 [V] where used,,5.692512290865448,10.0,rectangular,80000000.0,0.9090909090963968,B058,bound,1.0,,nan,nan,nan,nan,nan,,nan,nan,nan,0.0001988936051994803,,,10.0,,,0.00021878296571810766,0.02,True,0.25
2.8058052335871304,177.1282901714219,7.039432726749211,3.6445459220187493,75.99088773175333,12.817413071999999,2000.0,0.5566343684212033,0.39393961384316306,230.0,230.00000068065262,,2.452810661041165,,34939.51265584611,,0.0,screened_upper,"{""comparison"":false,""inputs"":{""Q"":2000.0,""T_hs"":230.0,""current_uA"":0.02,""height_nm"":5.0,""radius_nm"":10.0,""screening_fraction"":1.0,""x_in"":0.25},""regime"":""deterministic_pair""}",349395.1265584611,349395.1265584611,0.0,True,0.02,deterministic_pair,,-1.7658363660189025e-07,,False,True,True,0.1,136.70048584617953,0.17355371900826455,0.17355371900826455,,0.6405206022637614,1.2810412045275228,4.668813497898769,4.508901689732636,12.5,False,5.0,True,0.0,[],,7.1827833810014,3.5913916905007,,1.402902616881857,441.8845503452506,0.04367439081980764,0.04367439081980764,0.0,,5.692512290865448e-10,,10000000000.0,True,True,0.6405206022637614,True,ingan_gan_planar,3.884081592483214e-10,[A/E/DR] evaluator output; Taylor et al. 2010 Q=167 [V] where used,,5.692512290865448,10.0,deterministic_pair,80000000.0,0.9090909090909091,B059,bound,1.0,,5.285087763377385e-18,1.5295281135357035,30.31504311247509,38.74045864977526,18921161667.91825,False,1.0,0.7647640567678519,5.0,349395.1265584611,,,10.0,,,384334.63921430724,0.02,True,0.25
1.4069316911911773,16.944836974881028,2.4972494265562615,2.1396412924202073,75.99088773175333,12.817413071999999,2000.0,1.0401289144727525e-10,8.911816141442674e-11,300.0,300.0000006829321,,2.3868912982517547,,5.052736923564982e-08,,nan,unscreened_lower,"{""comparison"":false,""inputs"":{""Q"":2000.0,""T_hs"":300.0,""current_uA"":0.02,""height_nm"":5.0,""radius_nm"":10.0,""screening_fraction"":0.0,""x_in"":0.25},""regime"":""rectangular""}",5.052791853908917e-07,5.052736923564982e-07,5.493034393390678e-12,True,0.02,rectangular,,-2.388138575781795e-07,,False,True,False,0.1,-3902.748396421988,0.9996885904039355,0.9996885904039355,,7.706723809574974e-07,1.5413447619149949e-06,3.297924898448916e-06,1.924561161408859e-06,12.5,,5.0,True,nan,[],,37006.204412349245,18503.102206174623,,0.7034658457149956,881.2382234067732,6.315989817386145e-14,6.315921154456227e-14,6.866292991738347e-19,,0.030905949172482315,,10000000000.0,,False,7.706723809574974e-07,,ingan_gan_planar,3.778979081712954e-10,[A/E/DR] evaluator output; Taylor et al. 2010 Q=167 [V] where used,,309059491.7248231,10.0,rectangular,80000000.0,0.9090918075451624,R060,reference,0.0,,nan,nan,nan,nan,nan,,nan,nan,nan,5.052791853908917e-07,,,10.0,,,5.558065546265415e-07,0.02,True,0.25
1.4069316911911773,16.944836974881028,2.4972494265562615,2.1396412924202073,75.99088773175333,12.817413071999999,2000.0,1.0401289144727525e-10,8.911816141442674e-11,300.0,300.0000006829321,,2.3868912982517547,,1.6349024736033094e-06,,0.0,unscreened_lower,"{""comparison"":false,""inputs"":{""Q"":2000.0,""T_hs"":300.0,""current_uA"":0.02,""height_nm"":5.0,""radius_nm"":10.0,""screening_fraction"":0.0,""x_in"":0.25},""regime"":""deterministic_pair""}",1.6349024736033092e-05,1.6349024736033092e-05,0.0,True,0.02,deterministic_pair,,-2.388138575781795e-07,,False,True,False,0.1,-3902.748396421988,0.17355371900826433,0.17355371900826433,,7.706723809574974e-07,1.5413447619149949e-06,3.297924898448916e-06,1.924561161408859e-06,12.5,False,5.0,True,0.0,[],,37006.204412349245,18503.102206174623,,0.7034658457149956,881.2382234067732,2.0436280920041365e-12,2.0436280920041365e-12,0.0,,0.030905949172482315,,10000000000.0,True,False,7.706723809574974e-07,True,ingan_gan_planar,3.778979081712954e-10,[A/E/DR] evaluator output; Taylor et al. 2010 Q=167 [V] where used,,309059491.7248231,10.0,deterministic_pair,80000000.0,0.9090909090909092,R061,reference,0.0,,5.285087763377385e-18,1.1726382211781896,30.31504311247509,38.74045864977526,18921161667.91825,False,1.0,0.5863191105890947,5.0,1.6349024736033092e-05,,,10.0,,,1.7983927209636402e-05,0.02,True,0.25
2.7827750959784194,177.261662851903,3.905433989204935,3.231449621484684,75.99088773175333,12.817413071999999,2000.0,0.06274433506031941,0.052484476418658714,300.0,300.0000006829321,,2.3868912982517547,,1.3186930503570209e-05,,nan,screened_upper,"{""comparison"":false,""inputs"":{""Q"":2000.0,""T_hs"":300.0,""current_uA"":0.02,""height_nm"":5.0,""radius_nm"":10.0,""screening_fraction"":1.0,""x_in"":0.25},""regime"":""rectangular""}",0.00013186930514580064,0.00013186930503570208,1.1009854086202641e-13,True,0.02,rectangular,,-2.1658674853597404e-07,,False,True,False,0.1,135.7856562112328,0.8879599464731172,0.8879599464731172,,0.6428173055349115,1.285634611069823,4.154463477309188,2.5104805538851767,12.5,,5.0,True,nan,[],,75.00157961950711,37.500789809753556,,1.391387548097503,445.54156956190286,1.6483663143225078e-11,1.648366312946276e-11,1.37623176077533e-20,,6.910142585498158e-09,,10000000000.0,,False,0.6428173055349115,,ingan_gan_planar,3.778979081712954e-10,[A/E/DR] evaluator output; Taylor et al. 2010 Q=167 [V] where used,,69.10142585498157,10.0,rectangular,80000000.0,0.9090909091599096,B062,bound,1.0,,nan,nan,nan,nan,nan,,nan,nan,nan,0.00013186930514580064,,,10.0,,,0.00014505623564937085,0.02,True,0.25
2.7827750959784194,177.261662851903,3.905433989204935,3.231449621484684,75.99088773175333,12.817413071999999,2000.0,0.06274433506031941,0.052484476418658714,300.0,300.0000006829321,,2.3868912982517547,,1908.3441995005007,,0.0,screened_upper,"{""comparison"":false,""inputs"":{""Q"":2000.0,""T_hs"":300.0,""current_uA"":0.02,""height_nm"":5.0,""radius_nm"":10.0,""screening_fraction"":1.0,""x_in"":0.25},""regime"":""deterministic_pair""}",19083.441995005003,19083.441995005003,0.0,True,0.02,deterministic_pair,,-2.1658674853597404e-07,,False,True,True,0.1,135.7856562112328,0.17355371900826433,0.17355371900826433,,0.6428173055349115,1.285634611069823,4.154463477309188,2.5104805538851767,12.5,False,5.0,True,0.0,[],,75.00157961950711,37.500789809753556,,1.391387548097503,445.54156956190286,0.0023854302493756256,0.0023854302493756256,0.0,,6.910142585498158e-09,,10000000000.0,True,True,0.6428173055349115,True,ingan_gan_planar,3.778979081712954e-10,[A/E/DR] evaluator output; Taylor et al. 2010 Q=167 [V] where used,,69.10142585498157,10.0,deterministic_pair,80000000.0,0.9090909090909092,B063,bound,1.0,,5.285087763377385e-18,1.1726382211781896,30.31504311247509,38.74045864977526,18921161667.91825,False,1.0,0.5863191105890947,5.0,19083.441995005003,,,10.0,,,20991.786194505505,0.02,True,0.25
2.652143558503453,65.87582088696847,6.733635294848665,3.4983379980331293,75.99088773175333,12.817413071999999,2000.0,0.0005512364610755901,0.0002864607676708023,230.0,230.00000068065262,,2.452810661041165,,4.357099907015342e-05,,nan,screened_mid_0.5,"{""comparison"":false,""inputs"":{""Q"":2000.0,""T_hs"":230.0,""current_uA"":0.02,""height_nm"":3.0,""radius_nm"":10.0,""screening_fraction"":0.5,""x_in"":0.25},""regime"":""rectangular""}",0.00043570999197754736,0.0004357099907015342,1.2760131556225164e-12,True,0.02,rectangular,,-2.0741275363889145e-07,,False,True,False,0.1,-1882.566540470431,0.9870358021361649,0.9870358021361649,,0.08060527794872667,0.16121055589745334,0.5639690133801047,0.5427665445466328,12.5,,3.0,True,nan,[],,1968.1838562672253,984.0919281336127,,1.3260717793554329,467.4867542613778,5.446374899719341e-11,5.446374883769177e-11,1.5950164445281455e-19,,1.3254115199088393e-06,,10000000000.0,,False,0.08060527794872667,,ingan_gan_planar,3.884081592483214e-10,[A/E/DR] evaluator output; Taylor et al. 2010 Q=167 [V] where used,,13254.11519908839,10.0,rectangular,80000000.0,0.9090909093329408,BT064,bound,0.5,,nan,nan,nan,nan,nan,,nan,nan,nan,0.00043570999197754736,,,10.0,,,0.0004792809910477007,0.02,True,0.25
2.652143558503453,65.87582088696847,6.733635294848665,3.4983379980331293,75.99088773175333,12.817413071999999,2000.0,0.0005512364610755901,0.0002864607676708023,230.0,230.00000068065262,,2.452810661041165,,32.873563415006736,,0.0,screened_mid_0.5,"{""comparison"":false,""inputs"":{""Q"":2000.0,""T_hs"":230.0,""current_uA"":0.02,""height_nm"":3.0,""radius_nm"":10.0,""screening_fraction"":0.5,""x_in"":0.25},""regime"":""deterministic_pair""}",328.73563415006737,328.73563415006737,0.0,True,0.02,deterministic_pair,,-2.0741275363889145e-07,,False,True,False,0.1,-1882.566540470431,0.17355371900826455,0.17355371900826455,,0.08060527794872667,0.16121055589745334,0.5639690133801047,0.5427665445466328,12.5,False,3.0,True,0.0,[],,1968.1838562672253,984.0919281336127,,1.3260717793554329,467.4867542613778,4.109195426875842e-05,4.109195426875842e-05,0.0,,1.3254115199088393e-06,,10000000000.0,True,False,0.08060527794872667,True,ingan_gan_planar,3.884081592483214e-10,[A/E/DR] evaluator output; Taylor et al. 2010 Q=167 [V] where used,,13254.11519908839,10.0,deterministic_pair,80000000.0,0.9090909090909091,BT065,bound,0.5,,5.285087763377385e-18,1.5295281135357035,30.31504311247509,38.74045864977526,18921161667.91825,False,1.0,0.7647640567678519,5.0,328.73563415006737,,,10.0,,,361.6091975650741,0.02,True,0.25
2.628190758413607,65.84281119817187,3.7498763983656063,3.1098916090583533,75.99088773175333,12.817413071999999,2000.0,0.00010731856161472504,8.900432222890352e-05,300.0,300.0000006829321,,2.3868912982517547,,8.440931120970143e-06,,nan,screened_mid_0.5,"{""comparison"":false,""inputs"":{""Q"":2000.0,""T_hs"":300.0,""current_uA"":0.02,""height_nm"":3.0,""radius_nm"":10.0,""screening_fraction"":0.5,""x_in"":0.25},""regime"":""rectangular""}",8.440931173196636e-05,8.440931120970141e-05,5.222649332622126e-13,True,0.02,rectangular,,-2.1751800360902962e-07,,False,True,False,0.1,-1883.4813701053777,0.997844269053318,0.997844269053318,,0.07989125391555287,0.15978250783110573,0.49690628037825635,0.2995823274937655,12.5,,3.0,True,nan,[],,5582.448594953826,2791.224297476913,,1.3140953793155625,471.7473341807109,1.0551163966495794e-11,1.0551163901212677e-11,6.528311665777658e-20,,2.7314268679094e-06,,10000000000.0,,False,0.07989125391555287,,ingan_gan_planar,3.778979081712954e-10,[A/E/DR] evaluator output; Taylor et al. 2010 Q=167 [V] where used,,27314.268679093995,10.0,rectangular,80000000.0,0.9090909096022555,BT066,bound,0.5,,nan,nan,nan,nan,nan,,nan,nan,nan,8.440931173196636e-05,,,10.0,,,9.28502428529365e-05,0.02,True,0.25
2.628190758413607,65.84281119817187,3.7498763983656063,3.1098916090583533,75.99088773175333,12.817413071999999,2000.0,0.00010731856161472504,8.900432222890352e-05,300.0,300.0000006829321,,2.3868912982517547,,3.0903010080321653,,0.0,screened_mid_0.5,"{""comparison"":false,""inputs"":{""Q"":2000.0,""T_hs"":300.0,""current_uA"":0.02,""height_nm"":3.0,""radius_nm"":10.0,""screening_fraction"":0.5,""x_in"":0.25},""regime"":""deterministic_pair""}",30.90301008032165,30.90301008032165,0.0,True,0.02,deterministic_pair,,-2.1751800360902962e-07,,False,True,False,0.1,-1883.4813701053777,0.17355371900826455,0.17355371900826455,,0.07989125391555287,0.15978250783110573,0.49690628037825635,0.2995823274937655,12.5,False,3.0,True,0.0,[],,5582.448594953826,2791.224297476913,,1.3140953793155625,471.7473341807109,3.862876260040206e-06,3.862876260040206e-06,0.0,,2.7314268679094e-06,,10000000000.0,True,False,0.07989125391555287,True,ingan_gan_planar,3.778979081712954e-10,[A/E/DR] evaluator output; Taylor et al. 2010 Q=167 [V] where used,,27314.268679093995,10.0,deterministic_pair,80000000.0,0.9090909090909091,BT067,bound,0.5,,5.285087763377385e-18,1.1726382211781896,30.31504311247509,38.74045864977526,18921161667.91825,False,1.0,0.5863191105890947,5.0,30.90301008032165,,,10.0,,,33.99331108835381,0.02,True,0.25
