E_X_eV,E_a_meV,F_eff_X,F_eff_XX,Fp_add,I_pair_pA,Q,S_X,S_XX,T_hs,T_hs_requested,T_j,V_j,V_terminal,applied_field_kVcm,b_res,background_flux_s,background_tau_ns,blocked_load_probability,cache_hit,cache_identity,card_file,card_hash,cavity_reference_V_j_V,cavity_reference_convention,cavity_reference_transition_eV,cavity_tracking,collected_flux_pulsed_s,collected_flux_x_s,collected_flux_xx_s,counting_converged,current_uA,cycle_loading,depletion_regime,detuning_meV,detuning_offset_meV,device_pass,diode_field_kVcm,effective_height_nm,effective_radius_nm,electron_bound,eligible,eta_out,evaluation_kind,field_kVcm,field_polarity,flat_band,g2,g2_op,gamma_X0_ns,gamma_XX0_ns,gamma_XX_ns,gamma_X_ns,gate_ns_used,geometry_type,hardware_feasible,hardware_qualified,height_nm,hole_bound,ideal_load_F_p,invalid_reasons,island_radius_nm,k_XX_ns,k_X_ns,k_nr_ns,kappa_meV,lambda_nm,mean_counts,mean_counts_x,mean_counts_xx,mu_resolved,n_dot_cm2,n_dot_cm2_used,one_pair_valid,optical_pass,optical_reservoir_energy_eV,optical_reservoir_kind,orientation,overlap_sq,pair_supply_possible,platform,polarity,polarization_factor,power_W,provenance,purcell_enabled,r_dot_s,radius_nm,regime,rep_rate_hz,reservoir_energy_eV,reservoir_kind,reservoir_offset_meV,resolved_current_uA,rho_pulsed,row_id,row_kind,screening_fraction,sensitivity_axis,sensitivity_baseline,sensitivity_value,set_C_sigma_F,set_EC_over_kT,set_E_C_meV,set_R_T_over_RQ,set_f_max_Hz,set_feasible,set_priced_F_p,set_radius_max_nm,set_radius_nm,shape,signal_flux_s,spectroscopy_invalid_reasons,spectroscopy_valid,strain_fraction,tau_cap_ps_used,tau_cap_scales_with_density,tau_rad0_ns,tau_rad_bare_ns,tau_rad_cavity_ns,temperature_mode,top_radius_fraction,total_detected_flux_s,transport_current_uA,valid,x_in
2.8703977343559584,160.30293153197093,7.167183075869723,3.7060361001383866,75.99088773175333,12.817413071999999,2000.0,0.40907307733162707,0.263598499180626,230.0,230.0,230.00000068065262,2.452810661041165,2.4528126610411647,136.70048584617953,,5.733868746499103e-07,,nan,False,"{""Q"":2000.0,""T_hs"":230.0,""cavity_tracking"":""per_T_hs"",""current_uA"":0.02,""geometry_type"":""isolated_dot"",""height_nm"":3.0,""orientation"":""semipolar_11_22"",""polarity"":1,""polarization_factor"":0.1,""radius_nm"":10.0,""regime"":""rectangular"",""screening_fraction"":0.0,""sensitivity_axis"":""semipolar_factor"",""sensitivity_baseline"":""REF_unscreened_rectangular"",""sensitivity_value"":0.1,""shape"":""disc"",""strain_fraction"":1.0,""top_radius_fraction"":1.0,""x_in"":0.25}",nitride-cavity-pulse-design.yaml,4a485480b44950ade4cf2ca57e60a1fb7e0c976fc218a8cdcd358c545c51c75f,2.4528106616381686,current_controlled,2.870397734561237,per_T_hs,5.733868746510371e-06,5.733868746499103e-06,1.1267912465334163e-17,True,0.02,rectangular,depleted,-1.780522396188644e-07,,False,136.70048584617953,3.0,10.0,True,False,0.1,source,-267.1529194171426,1,False,0.6061277704722288,0.6061277704722288,0.8106996473247943,1.6213992946495885,6.008964318710292,5.810432791919818,12.5,isolated_dot,,False,3.0,True,nan,[],,16.78693299249845,8.393466496249225,,1.4351988672670053,431.94083146048325,7.167335933137963e-13,7.167335933123878e-13,1.4084890581667704e-24,2.1874996752156416e-11,,10000000000.0,False,False,3.4396357544776124,gan_barrier,semipolar_11_22,0.8106996473247943,True,ingan_gan_planar,1,0.1,3.884081592483214e-10,"{""nitride"": ""[A/E/DR] planar integration; cavity/transport inputs retain module provenance""}",,0.21874996752156411,10.0,rectangular,80000000.0,3.4396357544776124,gan_barrier,569.238020121654,0.02,0.9090909090910715,SE07636,sensitivity,0.0,semipolar_factor,REF_unscreened_rectangular,0.1,nan,nan,nan,nan,nan,False,nan,nan,nan,disc,5.733868746510371e-06,[],True,1.0,10.0,,,1.233502448533033,0.172104219394919,self_consistent,1.0,6.307255621160281e-06,0.02,True,0.25
2.84699278199336,160.20701527559822,3.9698618881739205,3.2818647866794857,75.99088773175333,12.817413071999999,2000.0,0.04241102411413609,0.0353205874734561,300.0,300.0,300.0000006829321,2.3868912982517547,2.3868932982517546,135.7856562112328,,7.598092259926213e-07,,nan,False,"{""Q"":2000.0,""T_hs"":300.0,""cavity_tracking"":""per_T_hs"",""current_uA"":0.02,""geometry_type"":""isolated_dot"",""height_nm"":3.0,""orientation"":""semipolar_11_22"",""polarity"":1,""polarization_factor"":0.1,""radius_nm"":10.0,""regime"":""rectangular"",""screening_fraction"":0.0,""sensitivity_axis"":""semipolar_factor"",""sensitivity_baseline"":""REF_unscreened_rectangular"",""sensitivity_value"":0.1,""shape"":""disc"",""strain_fraction"":1.0,""top_radius_fraction"":1.0,""x_in"":0.25}",nitride-cavity-pulse-design.yaml,4a485480b44950ade4cf2ca57e60a1fb7e0c976fc218a8cdcd358c545c51c75f,2.386891298935645,current_controlled,2.8469927822350667,per_T_hs,7.598092260246392e-06,7.598092259926213e-06,3.201786737819758e-16,True,0.02,rectangular,depleted,-2.1438939512563593e-07,,False,135.7856562112328,3.0,10.0,True,False,0.1,source,-268.0677490520893,1,False,0.9314341260827127,0.9314341260827127,0.8092265206351491,1.6184530412702982,5.311544045039312,3.212517523169065,12.5,isolated_dot,,False,3.0,True,nan,[],,145.06942141967752,72.53471070983876,,1.4234963911038747,435.4917904399842,9.49761532530799e-13,9.497615324907766e-13,4.002233422274697e-23,5.763381493293021e-10,,10000000000.0,False,False,3.4126017696256388,gan_barrier,semipolar_11_22,0.8092265206351491,True,ingan_gan_planar,1,0.1,3.778979081712954e-10,"{""nitride"": ""[A/E/DR] planar integration; cavity/transport inputs retain module provenance""}",,5.7633814932930205,10.0,rectangular,80000000.0,3.4126017696256388,gan_barrier,565.6089876322787,0.02,0.9090909090943917,SE07637,sensitivity,0.0,semipolar_factor,REF_unscreened_rectangular,0.1,nan,nan,nan,nan,nan,False,nan,nan,nan,disc,7.598092260246392e-06,[],True,1.0,10.0,,,1.2357479327483185,0.31128234874607813,self_consistent,1.0,8.357901486239014e-06,0.02,True,0.25
2.785366610473121,101.31836602001802,6.998912021342096,3.62509266797309,75.99088773175333,12.817413071999999,2000.0,0.011215429170901176,0.005840618098630821,230.0,230.0,230.00000068065262,2.452810661041165,2.4528126610411647,136.70048584617953,,1.1164507096287429e-06,,nan,False,"{""Q"":2000.0,""T_hs"":230.0,""cavity_tracking"":""per_T_hs"",""current_uA"":0.02,""geometry_type"":""isolated_dot"",""height_nm"":3.0,""orientation"":""semipolar_11_22"",""polarity"":1,""polarization_factor"":0.3,""radius_nm"":10.0,""regime"":""rectangular"",""screening_fraction"":0.0,""sensitivity_axis"":""semipolar_factor"",""sensitivity_baseline"":""REF_unscreened_rectangular"",""sensitivity_value"":0.3,""shape"":""disc"",""strain_fraction"":1.0,""top_radius_fraction"":1.0,""x_in"":0.25}",nitride-cavity-pulse-design.yaml,4a485480b44950ade4cf2ca57e60a1fb7e0c976fc218a8cdcd358c545c51c75f,2.4528106616381686,current_controlled,2.7853666106783748,per_T_hs,1.116450709650972e-05,1.1164507096287428e-05,2.2229186492655505e-16,True,0.02,rectangular,depleted,-1.780273706231128e-07,,False,136.70048584617953,3.0,10.0,True,False,0.1,source,-1074.8597299437865,1,False,0.9272838867016583,0.9272838867016583,0.26674697451751583,0.5334939490350317,1.9339650030549027,1.8669386066072753,12.5,isolated_dot,,False,3.0,True,nan,[],,329.18938023129107,164.59469011564553,,1.3926833053255743,445.1270361819268,1.3955633870637148e-12,1.3955633870359284e-12,2.778648311581938e-23,1.5964550733570898e-09,,10000000000.0,False,False,3.4396357544776124,gan_barrier,semipolar_11_22,0.26674697451751583,True,ingan_gan_planar,1,0.3,3.884081592483214e-10,"{""nitride"": ""[A/E/DR] planar integration; cavity/transport inputs retain module provenance""}",,15.964550733570896,10.0,rectangular,80000000.0,3.4396357544776124,gan_barrier,654.2691440044912,0.02,0.9090909090925545,SE07638,sensitivity,0.0,semipolar_factor,REF_unscreened_rectangular,0.3,nan,nan,nan,nan,nan,False,nan,nan,nan,disc,1.116450709650972e-05,[],True,1.0,10.0,,,3.7488710108475303,0.5356362530941852,self_consistent,1.0,1.2280957806138463e-05,0.02,True,0.25
2.7617342346593268,101.26932172847627,3.884299516488289,3.2149205903248887,75.99088773175333,12.817413071999999,2000.0,0.0014524203408961575,0.0012024266055186822,300.0,300.0,300.0000006829321,2.3868912982517547,2.3868932982517546,135.7856562112328,,6.838818574995414e-07,,nan,False,"{""Q"":2000.0,""T_hs"":300.0,""cavity_tracking"":""per_T_hs"",""current_uA"":0.02,""geometry_type"":""isolated_dot"",""height_nm"":3.0,""orientation"":""semipolar_11_22"",""polarity"":1,""polarization_factor"":0.3,""radius_nm"":10.0,""regime"":""rectangular"",""screening_fraction"":0.0,""sensitivity_axis"":""semipolar_factor"",""sensitivity_baseline"":""REF_unscreened_rectangular"",""sensitivity_value"":0.3,""shape"":""disc"",""strain_fraction"":1.0,""top_radius_fraction"":1.0,""x_in"":0.25}",nitride-cavity-pulse-design.yaml,4a485480b44950ade4cf2ca57e60a1fb7e0c976fc218a8cdcd358c545c51c75f,2.386891298935645,current_controlled,2.761734234903262,per_T_hs,6.838818575934152e-06,6.838818574995413e-06,9.387385197354478e-16,True,0.02,rectangular,depleted,-2.1661783478066354e-07,,False,135.7856562112328,3.0,10.0,True,False,0.1,source,-1075.7745595787333,1,False,0.991598778800592,0.991598778800592,0.2655011481686976,0.5310022963373952,1.70713021600489,1.0312859814587576,12.5,isolated_dot,,False,3.0,True,nan,[],,1418.03043062123,709.015215310615,,1.3808671174379723,448.9360230395016,8.548523219917689e-13,8.548523218744266e-13,1.1734231496693098e-22,1.5594014040650532e-08,,10000000000.0,False,False,3.4126017696256388,gan_barrier,semipolar_11_22,0.2655011481686976,True,ingan_gan_planar,1,0.3,3.778979081712954e-10,"{""nitride"": ""[A/E/DR] planar integration; cavity/transport inputs retain module provenance""}",,155.9401404065053,10.0,rectangular,80000000.0,3.4126017696256388,gan_barrier,650.867534966312,0.02,0.9090909091022534,SE07639,sensitivity,0.0,semipolar_factor,REF_unscreened_rectangular,0.3,nan,nan,nan,nan,nan,False,nan,nan,nan,disc,6.838818575934152e-06,[],True,1.0,10.0,,,3.76646205448651,0.9696631370723148,self_consistent,1.0,7.522700433433694e-06,0.02,True,0.25
2.7361365533508297,0.7742496366561769,6.90111770543421,3.578243578738107,75.99088773175333,12.817413071999999,2000.0,1.222158070524462e-06,6.336918203967231e-07,230.0,230.0,230.00000077957745,2.8091702995637813,2.809172299563781,100.57256368593444,,0.0023133822150344405,,nan,False,"{""Q"":2000.0,""T_hs"":230.0,""cavity_tracking"":""per_T_hs"",""current_uA"":0.02,""geometry_type"":""isolated_dot"",""height_nm"":3.0,""orientation"":""c_plane"",""polarity"":1,""radius_nm"":10.0,""regime"":""rectangular"",""screening_fraction"":0.0,""sensitivity_axis"":""x_in"",""sensitivity_baseline"":""REF_unscreened_rectangular"",""sensitivity_value"":0.15,""shape"":""disc"",""strain_fraction"":1.0,""top_radius_fraction"":1.0,""x_in"":0.15}",nitride-cavity-pulse-design.yaml,4a485480b44950ade4cf2ca57e60a1fb7e0c976fc218a8cdcd358c545c51c75f,2.809170300257289,current_controlled,2.73613655360816,per_T_hs,0.023133881803611527,0.023133822150344405,5.96532671218724e-08,True,0.02,rectangular,depleted,-2.2614710104562619e-07,,False,100.57256368593444,3.0,10.0,True,False,0.1,source,-2333.5810092337156,1,False,0.999509320280985,0.999509320280985,0.004653234272256205,0.00930646854451241,0.033300811310129706,0.032112517423800564,12.5,isolated_dot,,False,3.0,True,nan,[],,52550.449817752095,26275.224908876047,,1.3680682767884884,453.13600393285134,2.8917352254514408e-09,2.8917277687930505e-09,7.45665839023405e-15,0.030852551478130357,,10000000000.0,False,False,3.439635754442823,gan_barrier,c_plane,0.004653234272256205,True,ingan_gan_planar,1,,4.4485871434747497e-10,"{""nitride"": ""[A/E/DR] planar integration; cavity/transport inputs retain module provenance""}",,308525514.7813035,10.0,rectangular,80000000.0,3.439635754442823,gan_barrier,703.4992010919932,0.02,0.9090911221992526,SE07640,sensitivity,0.0,x_in,REF_unscreened_rectangular,0.15,nan,nan,nan,nan,nan,False,nan,nan,nan,disc,0.023133881803611527,[],True,1.0,10.0,,,214.90428839189565,31.14050470732757,self_consistent,1.0,0.025447264018645967,0.02,True,0.15
2.709858963140539,0.7681654561063067,3.832141193941801,3.1741467798987575,75.99088773175333,12.817413071999999,2000.0,4.980757896469738e-07,4.125541620333907e-07,300.0,300.0,300.00000078464643,2.7421886083762055,2.7421906083762053,99.54209371113639,,0.0004527017569101296,,nan,False,"{""Q"":2000.0,""T_hs"":300.0,""cavity_tracking"":""per_T_hs"",""current_uA"":0.02,""geometry_type"":""isolated_dot"",""height_nm"":3.0,""orientation"":""c_plane"",""polarity"":1,""radius_nm"":10.0,""regime"":""rectangular"",""screening_fraction"":0.0,""sensitivity_axis"":""x_in"",""sensitivity_baseline"":""REF_unscreened_rectangular"",""sensitivity_value"":0.15,""shape"":""disc"",""strain_fraction"":1.0,""top_radius_fraction"":1.0,""x_in"":0.15}",nitride-cavity-pulse-design.yaml,4a485480b44950ade4cf2ca57e60a1fb7e0c976fc218a8cdcd358c545c51c75f,2.742188609176211,current_controlled,2.70985896346887,per_T_hs,0.004527042996645048,0.004527017569101296,2.5427543751856535e-08,True,0.02,rectangular,depleted,-2.969451351475527e-07,,False,99.54209371113639,3.0,10.0,True,False,0.1,source,-2334.6114792085136,1,False,0.999825218680176,0.999825218680176,0.004496295176301946,0.008992590352603892,0.028543801710666276,0.0172304379652285,12.5,isolated_dot,,False,3.0,True,nan,[],,69187.98199517823,34593.99099758911,,1.354929481718742,457.53007845216746,5.658803745806309e-10,5.65877196137662e-10,3.1784429689820664e-15,0.03065262399478464,,10000000000.0,False,False,3.4126017695830626,gan_barrier,c_plane,0.004496295176301946,True,ingan_gan_planar,1,,4.3418111792260255e-10,"{""nitride"": ""[A/E/DR] planar integration; cavity/transport inputs retain module provenance""}",,306526239.94784635,10.0,rectangular,80000000.0,3.4126017695830626,gan_barrier,702.7428064425236,0.02,0.9090913732903813,SE07641,sensitivity,0.0,x_in,REF_unscreened_rectangular,0.15,nan,nan,nan,nan,nan,False,nan,nan,nan,disc,0.004527042996645048,[],True,1.0,10.0,,,222.40532722819742,58.036830057252615,self_consistent,1.0,0.004979744753555178,0.02,True,0.15
1.398808166068055,62.88901952470849,4.135880053895334,2.3107051173379127,75.99088773175333,12.817413071999999,2000.0,4.702858593952807e-06,2.627479963304746e-06,230.0,230.0,230.0000005473932,1.972751872450602,1.972753872450602,175.98467093835015,,0.004768949466437001,,nan,False,"{""Q"":2000.0,""T_hs"":230.0,""cavity_tracking"":""per_T_hs"",""current_uA"":0.02,""geometry_type"":""isolated_dot"",""height_nm"":3.0,""orientation"":""c_plane"",""polarity"":1,""radius_nm"":10.0,""regime"":""rectangular"",""screening_fraction"":0.0,""sensitivity_axis"":""x_in"",""sensitivity_baseline"":""REF_unscreened_rectangular"",""sensitivity_value"":0.4,""shape"":""disc"",""strain_fraction"":1.0,""top_radius_fraction"":1.0,""x_in"":0.4}",nitride-cavity-pulse-design.yaml,4a485480b44950ade4cf2ca57e60a1fb7e0c976fc218a8cdcd358c545c51c75f,1.9727518729154871,current_controlled,1.3988081662362264,per_T_hs,0.04769243032115655,0.04768949466437001,2.9356567865341126e-06,True,0.02,rectangular,depleted,-1.462756582526481e-07,,False,175.98467093835015,3.0,10.0,True,False,0.1,source,-6293.470230579821,1,False,0.9889723241767102,0.9889723241767102,0.0013010042754338584,0.0026020085508677167,0.00601247447384704,0.005380797632799446,12.5,isolated_dot,,False,3.0,True,nan,[],,2288.2985827334664,1144.1492913667332,,0.6994040831071653,886.3559808097939,5.961553790144568e-09,5.961186833046251e-09,3.66957098316764e-13,0.03091423151886508,,10000000000.0,False,False,3.4396357545244762,gan_barrier,c_plane,0.0013010042754338584,True,ingan_gan_planar,1,,3.123649007641797e-10,"{""nitride"": ""[A/E/DR] planar integration; cavity/transport inputs retain module provenance""}",,309142315.1886508,10.0,rectangular,80000000.0,3.4396357545244762,gan_barrier,2040.8275884564216,0.02,0.9090959962214947,SE07642,sensitivity,0.0,x_in,REF_unscreened_rectangular,0.4,nan,nan,nan,nan,nan,False,nan,nan,nan,disc,0.04769243032115655,[],True,1.0,10.0,,,768.6369821240752,185.8460526194764,self_consistent,1.0,0.05246137978759355,0.02,True,0.4
1.3755931018686833,62.8722768966089,2.4645418119104736,2.1145118666703135,75.99088773175333,12.817413071999999,2000.0,9.994458942984192e-07,8.574983363477547e-07,300.0,300.0,300.00000054613645,1.9090324786391377,1.9090344786391378,175.0732682009223,,0.0004750229120843981,,nan,False,"{""Q"":2000.0,""T_hs"":300.0,""cavity_tracking"":""per_T_hs"",""current_uA"":0.02,""geometry_type"":""isolated_dot"",""height_nm"":3.0,""orientation"":""c_plane"",""polarity"":1,""radius_nm"":10.0,""regime"":""rectangular"",""screening_fraction"":0.0,""sensitivity_axis"":""x_in"",""sensitivity_baseline"":""REF_unscreened_rectangular"",""sensitivity_value"":0.4,""shape"":""disc"",""strain_fraction"":1.0,""top_radius_fraction"":1.0,""x_in"":0.4}",nitride-cavity-pulse-design.yaml,4a485480b44950ade4cf2ca57e60a1fb7e0c976fc218a8cdcd358c545c51c75f,1.909032479167014,current_controlled,1.3755931020627912,per_T_hs,0.004750533928600966,0.0047502291208439806,3.0480775698501006e-07,True,0.02,rectangular,depleted,-1.7226242654544421e-07,,False,175.0732682009223,3.0,10.0,True,False,0.1,source,-6294.381633317249,1,False,0.9981685901672467,0.9981685901672467,0.001269758263485869,0.002539516526971738,0.005369837831887121,0.00312937233137976,12.5,isolated_dot,,False,3.0,True,nan,[],,6262.208332824569,3131.1041664122845,,0.6877965510204729,901.3144819610745,5.938167410751206e-10,5.937786401054975e-10,3.810096962312626e-14,0.030914201447817227,,10000000000.0,False,False,3.4126017696828996,gan_barrier,c_plane,0.001269758263485869,True,ingan_gan_planar,1,,3.022025324450809e-10,"{""nitride"": ""[A/E/DR] planar integration; cavity/transport inputs retain module provenance""}",,309142014.47817224,10.0,rectangular,80000000.0,3.4126017696828996,gan_barrier,2037.0086678142166,0.02,0.9090962118360393,SE07643,sensitivity,0.0,x_in,REF_unscreened_rectangular,0.4,nan,nan,nan,nan,nan,False,nan,nan,nan,disc,0.004750533928600966,[],True,1.0,10.0,,,787.5514802752288,319.55289882654955,self_consistent,1.0,0.0052255568406853635,0.02,True,0.4
2.6365327242337036,239.99451457288518,6.702418974085863,3.483490430341084,75.99088773175333,12.817413071999999,2000.0,0.9751484396632348,0.9532576871044883,230.0,230.0,230.00000068065262,2.452810661041165,2.4528126610411647,136.70048584617953,,0.16852249520917306,,nan,False,"{""Q"":2000.0,""T_hs"":230.0,""cavity_tracking"":""per_T_hs"",""current_uA"":0.02,""geometry_type"":""isolated_dot"",""height_nm"":3.0,""orientation"":""c_plane"",""polarity"":1,""radius_nm"":10.0,""regime"":""rectangular"",""screening_fraction"":0.0,""sensitivity_axis"":""strain_fraction"",""sensitivity_baseline"":""REF_unscreened_rectangular"",""sensitivity_value"":0.0,""shape"":""disc"",""strain_fraction"":0.0,""top_radius_fraction"":1.0,""x_in"":0.25}",nitride-cavity-pulse-design.yaml,4a485480b44950ade4cf2ca57e60a1fb7e0c976fc218a8cdcd358c545c51c75f,2.4528106616381686,current_controlled,2.6365327244386783,per_T_hs,1.6852257894762432,1.6852249520917306,8.37384512477948e-07,True,0.02,rectangular,depleted,-1.7774848259932696e-07,,False,136.70048584617953,3.0,10.0,True,False,0.1,source,211.24893913812807,1,False,0.5998581126239653,0.5998581126239653,0.881492443874675,1.76298488774935,6.14134098531081,5.908131681338939,12.5,isolated_dot,,False,3.0,True,nan,[],,0.3011362885573693,0.15056814427868465,,1.318266362205726,470.25472985940445,2.1065322368453038e-07,2.1065311901146632e-07,1.046730640597435e-13,2.9135104140856393e-06,,10000000000.0,False,False,3.4396357544776124,gan_barrier,c_plane,0.881492443874675,True,ingan_gan_planar,1,,3.884081592483214e-10,"{""nitride"": ""[A/E/DR] planar integration; cavity/transport inputs retain module provenance""}",,29135.10414085639,10.0,rectangular,80000000.0,3.4396357544776124,gan_barrier,803.1030302439088,0.02,0.9090909501568216,SE07644,sensitivity,0.0,strain_fraction,REF_unscreened_rectangular,0.0,nan,nan,nan,nan,nan,False,nan,nan,nan,disc,1.6852257894762432,[],True,0.0,10.0,,,1.134439673248264,0.16925824506561668,self_consistent,1.0,1.853748284685416,0.02,True,0.25
2.6133105586064183,240.10101135420393,3.7348675677855616,3.098175661971385,75.99088773175333,12.817413071999999,2000.0,0.499565004828092,0.45297962597489183,300.0,300.0,300.0000006829321,2.3868912982517547,2.3868932982517546,135.7856562112328,,0.06948958991018889,,nan,False,"{""Q"":2000.0,""T_hs"":300.0,""cavity_tracking"":""per_T_hs"",""current_uA"":0.02,""geometry_type"":""isolated_dot"",""height_nm"":3.0,""orientation"":""c_plane"",""polarity"":1,""radius_nm"":10.0,""regime"":""rectangular"",""screening_fraction"":0.0,""sensitivity_axis"":""strain_fraction"",""sensitivity_baseline"":""REF_unscreened_rectangular"",""sensitivity_value"":0.0,""shape"":""disc"",""strain_fraction"":0.0,""top_radius_fraction"":1.0,""x_in"":0.25}",nitride-cavity-pulse-design.yaml,4a485480b44950ade4cf2ca57e60a1fb7e0c976fc218a8cdcd358c545c51c75f,2.386891298935645,current_controlled,2.6133105588491454,per_T_hs,0.6948968499953352,0.6948958991018889,9.508934462814656e-07,True,0.02,rectangular,depleted,-2.1540991212987137e-07,,False,135.7856562112328,3.0,10.0,True,False,0.1,source,210.33410950318134,1,False,0.7944633953659482,0.7944633953659482,0.8817692572883875,1.763538514576775,5.463752104810934,3.293291401316761,12.5,isolated_dot,,False,3.0,True,nan,[],,6.598053308737144,3.299026654368572,,1.306655279410914,474.4334652140088,8.686210624941689e-08,8.68619873877361e-08,1.1886168078518318e-13,4.856975705038548e-06,,10000000000.0,False,False,3.4126017696256388,gan_barrier,c_plane,0.8817692572883875,True,ingan_gan_planar,1,,3.778979081712954e-10,"{""nitride"": ""[A/E/DR] planar integration; cavity/transport inputs retain module provenance""}",,48569.75705038547,10.0,rectangular,80000000.0,3.4126017696256388,gan_barrier,799.2912110192206,0.02,0.9090910221814276,SE07645,sensitivity,0.0,strain_fraction,REF_unscreened_rectangular,0.0,nan,nan,nan,nan,nan,False,nan,nan,nan,disc,0.6948968499953352,[],True,0.0,10.0,,,1.1340835391281332,0.3036475908570279,self_consistent,1.0,0.764386439905524,0.02,True,0.25
2.5541680484277385,98.43399144486246,6.537257478017816,3.405172107494317,75.99088773175333,12.817413071999999,2000.0,0.00361957363954039,0.0018886639651735876,230.0,230.0,230.00000068065262,2.452810661041165,2.4528126610411647,136.70048584617953,,0.0387643639093725,,nan,False,"{""Q"":2000.0,""T_hs"":230.0,""cavity_tracking"":""per_T_hs"",""current_uA"":0.02,""geometry_type"":""isolated_dot"",""height_nm"":3.0,""orientation"":""c_plane"",""polarity"":1,""radius_nm"":10.0,""regime"":""rectangular"",""screening_fraction"":0.0,""sensitivity_axis"":""strain_fraction"",""sensitivity_baseline"":""REF_unscreened_rectangular"",""sensitivity_value"":0.5,""shape"":""disc"",""strain_fraction"":0.5,""top_radius_fraction"":1.0,""x_in"":0.25}",nitride-cavity-pulse-design.yaml,4a485480b44950ade4cf2ca57e60a1fb7e0c976fc218a8cdcd358c545c51c75f,2.4528106616381686,current_controlled,2.5541680486329796,per_T_hs,0.38764442609137595,0.38764363909372496,7.869976509619805e-07,True,0.02,rectangular,depleted,-1.78014936125237e-07,,False,136.70048584617953,3.0,10.0,True,False,0.1,source,-1845.2923138244564,1,False,0.9360753047771412,0.9360753047771412,0.10579255428489068,0.21158510856978135,0.7204837100629762,0.6915931666175074,12.5,isolated_dot,,False,3.0,True,nan,[],,380.7574940289555,190.37874701447774,,1.2770840243028767,485.41911123005616,4.845555326142199e-08,4.845545488671562e-08,9.837470637024755e-14,0.0001858651035529754,,10000000000.0,False,False,3.4396357544776124,gan_barrier,c_plane,0.10579255428489068,True,ingan_gan_planar,1,,3.884081592483214e-10,"{""nitride"": ""[A/E/DR] planar integration; cavity/transport inputs retain module provenance""}",,1858651.0355297537,10.0,rectangular,80000000.0,3.4396357544776124,gan_barrier,885.4677060498739,0.02,0.909091076876477,SE07646,sensitivity,0.0,strain_fraction,REF_unscreened_rectangular,0.5,nan,nan,nan,nan,nan,False,nan,nan,nan,disc,0.38764442609137595,[],True,0.5,10.0,,,9.452461061740527,1.4459367851924716,self_consistent,1.0,0.42640879000074844,0.02,True,0.25
2.5304168800353772,98.39680174864512,3.6511446111207704,3.0328614815125965,75.99088773175333,12.817413071999999,2000.0,0.0004843253627456215,0.0004023429294987572,300.0,300.0,300.0000006829321,2.3868912982517547,2.3868932982517546,135.7856562112328,,0.0016128368516606167,,nan,False,"{""Q"":2000.0,""T_hs"":300.0,""cavity_tracking"":""per_T_hs"",""current_uA"":0.02,""geometry_type"":""isolated_dot"",""height_nm"":3.0,""orientation"":""c_plane"",""polarity"":1,""radius_nm"":10.0,""regime"":""rectangular"",""screening_fraction"":0.0,""sensitivity_axis"":""strain_fraction"",""sensitivity_baseline"":""REF_unscreened_rectangular"",""sensitivity_value"":0.5,""shape"":""disc"",""strain_fraction"":0.5,""top_radius_fraction"":1.0,""x_in"":0.25}",nitride-cavity-pulse-design.yaml,4a485480b44950ade4cf2ca57e60a1fb7e0c976fc218a8cdcd358c545c51c75f,2.386891298935645,current_controlled,2.5304168802965603,per_T_hs,0.016128383823171638,0.016128368516606165,1.5306565471402293e-08,True,0.02,rectangular,depleted,-2.3386581560203012e-07,,False,135.7856562112328,3.0,10.0,True,False,0.1,source,-1846.2071434594031,1,False,0.9924924046426596,0.9924924046426596,0.10515509875613574,0.21031019751227148,0.6378416972042744,0.38393647215533744,12.5,isolated_dot,,False,3.0,True,nan,[],,1584.680677504572,792.340338752286,,1.2652084401346215,489.9753846025031,2.0160479778964545e-09,2.0160460645757705e-09,1.9133206839252866e-15,0.00011992740536920856,,10000000000.0,False,False,3.4126017696256388,gan_barrier,c_plane,0.10515509875613574,True,ingan_gan_planar,1,,3.778979081712954e-10,"{""nitride"": ""[A/E/DR] planar integration; cavity/transport inputs retain module provenance""}",,1199274.0536920854,10.0,rectangular,80000000.0,3.4126017696256388,gan_barrier,882.1848895902615,0.02,0.9090909875244045,SE07647,sensitivity,0.0,strain_fraction,REF_unscreened_rectangular,0.5,nan,nan,nan,nan,nan,False,nan,nan,nan,disc,0.016128383823171638,[],True,0.5,10.0,,,9.50976235892366,2.6045975637224914,self_consistent,1.0,0.017741220674832255,0.02,True,0.25
2.208920822280462,16.79288759736658,5.8364219775562285,3.0772636451059063,75.99088773175333,12.817413071999999,2000.0,3.2915355145778726e-06,1.7354705290072568e-06,230.0,230.0,230.00000068065262,2.452810661041165,2.4528126610411647,136.70048584617953,,0.0051294549987979665,,nan,False,"{""Q"":2000.0,""T_hs"":230.0,""cavity_tracking"":""per_T_hs"",""current_uA"":0.02,""geometry_type"":""isolated_dot"",""height_nm"":3.0,""orientation"":""c_plane"",""polarity"":1,""radius_nm"":10.0,""regime"":""rectangular"",""screening_fraction"":0.0,""sensitivity_axis"":""tau_rad0_ns"",""sensitivity_baseline"":""REF_unscreened_rectangular"",""sensitivity_value"":0.5,""shape"":""disc"",""strain_fraction"":1.0,""tau_rad0_ns"":0.5,""top_radius_fraction"":1.0,""x_in"":0.25}",nitride-cavity-pulse-design.yaml,4a485480b44950ade4cf2ca57e60a1fb7e0c976fc218a8cdcd358c545c51c75f,2.4528106616381686,current_controlled,2.20892082251489,per_T_hs,0.0512948488517463,0.051294549987979665,2.9886376664795974e-07,True,0.02,rectangular,depleted,-2.0720181126421267e-07,,False,136.70048584617953,3.0,10.0,True,False,0.1,source,-3901.8335667870415,1,False,0.998901188459612,0.998901188459612,0.006603863259929858,0.013207726519859716,0.040643656654065455,0.038542932667030745,12.5,isolated_dot,,False,3.0,True,nan,[],,23419.346764388178,11709.673382194089,,1.1044604112438319,561.2885584192206,6.411856106468288e-09,6.411818748497457e-09,3.735797083099497e-14,0.030913554064414085,,10000000000.0,False,False,3.4396357544776124,gan_barrier,c_plane,0.003301931629964929,True,ingan_gan_planar,1,,3.884081592483214e-10,"{""nitride"": ""[A/E/DR] planar integration; cavity/transport inputs retain module provenance""}",,309135540.64414084,10.0,rectangular,80000000.0,3.4396357544776124,gan_barrier,1230.7149321971503,0.02,0.9090913906109541,SE07648,sensitivity,0.0,tau_rad0_ns,REF_unscreened_rectangular,0.5,nan,nan,nan,nan,nan,False,nan,nan,nan,disc,0.0512948488517463,[],True,1.0,10.0,,0.5,151.4265151532864,25.94509371248209,self_consistent,1.0,0.05642430385054427,0.02,True,0.25
2.1839109384684114,16.77901297723189,3.2990903062951293,2.7589632742588286,75.99088773175333,12.817413071999999,2000.0,1.1405498196119228e-06,9.538191926301299e-07,300.0,300.0,300.0000006829321,2.3868912982517547,2.3868932982517546,135.7856562112328,,0.0008494182598577355,,nan,False,"{""Q"":2000.0,""T_hs"":300.0,""cavity_tracking"":""per_T_hs"",""current_uA"":0.02,""geometry_type"":""isolated_dot"",""height_nm"":3.0,""orientation"":""c_plane"",""polarity"":1,""radius_nm"":10.0,""regime"":""rectangular"",""screening_fraction"":0.0,""sensitivity_axis"":""tau_rad0_ns"",""sensitivity_baseline"":""REF_unscreened_rectangular"",""sensitivity_value"":0.5,""shape"":""disc"",""strain_fraction"":1.0,""tau_rad0_ns"":0.5,""top_radius_fraction"":1.0,""x_in"":0.25}",nitride-cavity-pulse-design.yaml,4a485480b44950ade4cf2ca57e60a1fb7e0c976fc218a8cdcd358c545c51c75f,2.386891298935645,current_controlled,2.1839109387116644,per_T_hs,0.008494272543473626,0.008494182598577356,8.99448962705273e-08,True,0.02,rectangular,depleted,-2.1593571375433385e-07,,False,135.7856562112328,3.0,10.0,True,False,0.1,source,-3902.748396421988,1,False,0.9996791939204358,0.9996791939204358,0.006437997743207267,0.012875995486414535,0.03552439866654014,0.021239535946565014,12.5,isolated_dot,,False,3.0,True,nan,[],,37244.33839995339,18622.169199976695,,1.0919554693421736,567.7163670737909,1.0617840679342032e-09,1.0617728248221694e-09,1.124311203381591e-14,0.030905949172482315,,10000000000.0,False,False,3.4126017696256388,gan_barrier,c_plane,0.0032189988716036337,True,ingan_gan_planar,1,,3.778979081712954e-10,"{""nitride"": ""[A/E/DR] planar integration; cavity/transport inputs retain module provenance""}",,309059491.7248231,10.0,rectangular,80000000.0,3.4126017696256388,gan_barrier,1228.6908311572274,0.02,0.9090917842064201,SE07649,sensitivity,0.0,tau_rad0_ns,REF_unscreened_rectangular,0.5,nan,nan,nan,nan,nan,False,nan,nan,nan,disc,0.008494272543473626,[],True,1.0,10.0,,0.5,155.32779598363484,47.08200793632339,self_consistent,1.0,0.009343690803331361,0.02,True,0.25
2.208920822280462,16.79288759736658,5.8364219775562285,3.0772636451059063,75.99088773175333,12.817413071999999,2000.0,8.228859100631163e-07,4.338681969759162e-07,230.0,230.0,230.00000068065262,2.452810661041165,2.4528126610411647,136.70048584617953,,0.0012823669153332637,,nan,False,"{""Q"":2000.0,""T_hs"":230.0,""cavity_tracking"":""per_T_hs"",""current_uA"":0.02,""geometry_type"":""isolated_dot"",""height_nm"":3.0,""orientation"":""c_plane"",""polarity"":1,""radius_nm"":10.0,""regime"":""rectangular"",""screening_fraction"":0.0,""sensitivity_axis"":""tau_rad0_ns"",""sensitivity_baseline"":""REF_unscreened_rectangular"",""sensitivity_value"":2.0,""shape"":""disc"",""strain_fraction"":1.0,""tau_rad0_ns"":2.0,""top_radius_fraction"":1.0,""x_in"":0.25}",nitride-cavity-pulse-design.yaml,4a485480b44950ade4cf2ca57e60a1fb7e0c976fc218a8cdcd358c545c51c75f,2.4528106616381686,current_controlled,2.20892082251489,per_T_hs,0.012823743869555839,0.012823669153332638,7.471622320118322e-08,True,0.02,rectangular,depleted,-2.0720181126421267e-07,,False,136.70048584617953,3.0,10.0,True,False,0.1,source,-3901.8335667870415,1,False,0.9989011853858228,0.9989011853858228,0.0016509658149824644,0.003301931629964929,0.010160914163516364,0.009635733166757686,12.5,isolated_dot,,False,3.0,True,nan,[],,23419.346764388178,11709.673382194089,,1.1044604112438319,561.2885584192206,1.6029679836944798e-09,1.6029586441665796e-09,9.339527900147903e-15,0.030913554064414085,,10000000000.0,False,False,3.4396357544776124,gan_barrier,c_plane,0.003301931629964929,True,ingan_gan_planar,1,,3.884081592483214e-10,"{""nitride"": ""[A/E/DR] planar integration; cavity/transport inputs retain module provenance""}",,309135540.64414084,10.0,rectangular,80000000.0,3.4396357544776124,gan_barrier,1230.7149321971503,0.02,0.9090913906115798,SE07650,sensitivity,0.0,tau_rad0_ns,REF_unscreened_rectangular,2.0,nan,nan,nan,nan,nan,False,nan,nan,nan,disc,0.012823743869555839,[],True,1.0,10.0,,2.0,605.7060606131456,103.78037484992836,self_consistent,1.0,0.014106110784889103,0.02,True,0.25
2.1839109384684114,16.77901297723189,3.2990903062951293,2.7589632742588286,75.99088773175333,12.817413071999999,2000.0,2.851376988132939e-07,2.384549687397268e-07,300.0,300.0,300.0000006829321,2.3868912982517547,2.3868932982517546,135.7856562112328,,0.0002123547466122758,,nan,False,"{""Q"":2000.0,""T_hs"":300.0,""cavity_tracking"":""per_T_hs"",""current_uA"":0.02,""geometry_type"":""isolated_dot"",""height_nm"":3.0,""orientation"":""c_plane"",""polarity"":1,""radius_nm"":10.0,""regime"":""rectangular"",""screening_fraction"":0.0,""sensitivity_axis"":""tau_rad0_ns"",""sensitivity_baseline"":""REF_unscreened_rectangular"",""sensitivity_value"":2.0,""shape"":""disc"",""strain_fraction"":1.0,""tau_rad0_ns"":2.0,""top_radius_fraction"":1.0,""x_in"":0.25}",nitride-cavity-pulse-design.yaml,4a485480b44950ade4cf2ca57e60a1fb7e0c976fc218a8cdcd358c545c51c75f,2.386891298935645,current_controlled,2.1839109387116644,per_T_hs,0.0021235699523821355,0.002123547466122758,2.248625937749063e-08,True,0.02,rectangular,depleted,-2.1593571375433385e-07,,False,135.7856562112328,3.0,10.0,True,False,0.1,source,-3902.748396421988,1,False,0.9996791935669387,0.9996791935669387,0.0016094994358018169,0.0032189988716036337,0.008881099666635035,0.0053098839866412536,12.5,isolated_dot,,False,3.0,True,nan,[],,37244.33839995339,18622.169199976695,,1.0919554693421736,567.7163670737909,2.654462440477669e-10,2.6544343326534473e-10,2.8107824221863286e-15,0.030905949172482315,,10000000000.0,False,False,3.4126017696256388,gan_barrier,c_plane,0.0032189988716036337,True,ingan_gan_planar,1,,3.778979081712954e-10,"{""nitride"": ""[A/E/DR] planar integration; cavity/transport inputs retain module provenance""}",,309059491.7248231,10.0,rectangular,80000000.0,3.4126017696256388,gan_barrier,1228.6908311572274,0.02,0.9090917842070457,SE07651,sensitivity,0.0,tau_rad0_ns,REF_unscreened_rectangular,2.0,nan,nan,nan,nan,nan,False,nan,nan,nan,disc,0.0021235699523821355,[],True,1.0,10.0,,2.0,621.3111839345394,188.32803174529357,self_consistent,1.0,0.002335924698994411,0.02,True,0.25
2.208920822280462,16.79288759736658,5.8364219775562285,3.0772636451059063,75.99088773175333,12.817413071999999,2000.0,1.6457704658449049e-06,8.677360174687711e-07,230.0,230.0,230.00000068065262,2.452810661041165,2.4528126610411647,136.70048584617953,,0.002564731720241043,,nan,False,"{""Q"":2000.0,""T_hs"":230.0,""cavity_tracking"":""per_T_hs"",""current_uA"":0.02,""geometry_type"":""isolated_dot"",""height_nm"":3.0,""k_nr_ns"":0.0,""orientation"":""c_plane"",""polarity"":1,""radius_nm"":10.0,""regime"":""rectangular"",""screening_fraction"":0.0,""sensitivity_axis"":""k_nr_ns"",""sensitivity_baseline"":""REF_unscreened_rectangular"",""sensitivity_value"":0.0,""shape"":""disc"",""strain_fraction"":1.0,""top_radius_fraction"":1.0,""x_in"":0.25}",nitride-cavity-pulse-design.yaml,4a485480b44950ade4cf2ca57e60a1fb7e0c976fc218a8cdcd358c545c51c75f,2.4528106616381686,current_controlled,2.20892082251489,per_T_hs,0.02564746663466914,0.025647317202410428,1.4943225871177673e-07,True,0.02,rectangular,depleted,-2.0720181126421267e-07,,False,136.70048584617953,3.0,10.0,True,False,0.1,source,-3901.8335667870415,1,False,0.9989011864102583,0.9989011864102583,0.003301931629964929,0.006603863259929858,0.020321828327032727,0.019271466333515373,12.5,isolated_dot,,False,3.0,True,nan,[],,23419.346764388178,11709.673382194089,0.0,1.1044604112438319,561.2885584192206,3.2059333293336424e-09,3.2059146503013034e-09,1.8679032338972092e-14,0.030913554064414085,,10000000000.0,False,False,3.4396357544776124,gan_barrier,c_plane,0.003301931629964929,True,ingan_gan_planar,1,,3.884081592483214e-10,"{""nitride"": ""[A/E/DR] planar integration; cavity/transport inputs retain module provenance""}",,309135540.64414084,10.0,rectangular,80000000.0,3.4396357544776124,gan_barrier,1230.7149321971503,0.02,0.9090913906113713,SE07652,sensitivity,0.0,k_nr_ns,REF_unscreened_rectangular,0.0,nan,nan,nan,nan,nan,False,nan,nan,nan,disc,0.02564746663466914,[],True,1.0,10.0,,,302.8530303065728,51.89018742496418,self_consistent,1.0,0.028212198354910182,0.02,True,0.25
2.1839109384684114,16.77901297723189,3.2990903062951293,2.7589632742588286,75.99088773175333,12.817413071999999,2000.0,5.702752350196195e-07,4.769098237579364e-07,300.0,300.0,300.0000006829321,2.3868912982517547,2.3868932982517546,135.7856562112328,,0.00042470937212596974,,nan,False,"{""Q"":2000.0,""T_hs"":300.0,""cavity_tracking"":""per_T_hs"",""current_uA"":0.02,""geometry_type"":""isolated_dot"",""height_nm"":3.0,""k_nr_ns"":0.0,""orientation"":""c_plane"",""polarity"":1,""radius_nm"":10.0,""regime"":""rectangular"",""screening_fraction"":0.0,""sensitivity_axis"":""k_nr_ns"",""sensitivity_baseline"":""REF_unscreened_rectangular"",""sensitivity_value"":0.0,""shape"":""disc"",""strain_fraction"":1.0,""top_radius_fraction"":1.0,""x_in"":0.25}",nitride-cavity-pulse-design.yaml,4a485480b44950ade4cf2ca57e60a1fb7e0c976fc218a8cdcd358c545c51c75f,2.386891298935645,current_controlled,2.1839109387116644,per_T_hs,0.004247138693754914,0.0042470937212596965,4.497249521672975e-08,True,0.02,rectangular,depleted,-2.1593571375433385e-07,,False,135.7856562112328,3.0,10.0,True,False,0.1,source,-3902.748396421988,1,False,0.9996791936846767,0.9996791936846767,0.0032189988716036337,0.006437997743207267,0.01776219933327007,0.010619767973282507,12.5,isolated_dot,,False,3.0,True,nan,[],,37244.33839995339,18622.169199976695,0.0,1.0919554693421736,567.7163670737909,5.308923367193642e-10,5.308867151574621e-10,5.6215619020912184e-15,0.030905949172482315,,10000000000.0,False,False,3.4126017696256388,gan_barrier,c_plane,0.0032189988716036337,True,ingan_gan_planar,1,,3.778979081712954e-10,"{""nitride"": ""[A/E/DR] planar integration; cavity/transport inputs retain module provenance""}",,309059491.7248231,10.0,rectangular,80000000.0,3.4126017696256388,gan_barrier,1228.6908311572274,0.02,0.9090917842068371,SE07653,sensitivity,0.0,k_nr_ns,REF_unscreened_rectangular,0.0,nan,nan,nan,nan,nan,False,nan,nan,nan,disc,0.004247138693754914,[],True,1.0,10.0,,,310.6555919672697,94.16401587264679,self_consistent,1.0,0.004671848065880883,0.02,True,0.25
2.208920822280462,16.79288759736658,5.8364219775562285,3.0772636451059063,75.99088773175333,12.817413071999999,2000.0,1.6456299301383913e-06,8.676619196576335e-07,230.0,230.0,230.00000068065262,2.452810661041165,2.4528126610411647,136.70048584617953,,0.002564512718324372,,nan,False,"{""Q"":2000.0,""T_hs"":230.0,""cavity_tracking"":""per_T_hs"",""current_uA"":0.02,""geometry_type"":""isolated_dot"",""height_nm"":3.0,""k_nr_ns"":1.0,""orientation"":""c_plane"",""polarity"":1,""radius_nm"":10.0,""regime"":""rectangular"",""screening_fraction"":0.0,""sensitivity_axis"":""k_nr_ns"",""sensitivity_baseline"":""REF_unscreened_rectangular"",""sensitivity_value"":1.0,""shape"":""disc"",""strain_fraction"":1.0,""top_radius_fraction"":1.0,""x_in"":0.25}",nitride-cavity-pulse-design.yaml,4a485480b44950ade4cf2ca57e60a1fb7e0c976fc218a8cdcd358c545c51c75f,2.4528106616381686,current_controlled,2.20892082251489,per_T_hs,0.025645276589994107,0.02564512718324372,1.4940675038736207e-07,True,0.02,rectangular,depleted,-2.0720181126421267e-07,,False,136.70048584617953,3.0,10.0,True,False,0.1,source,-3901.8335667870415,1,False,0.998901280159109,0.998901280159109,0.003301931629964929,0.006603863259929858,0.020321828327032727,0.019271466333515373,12.5,isolated_dot,,False,3.0,True,nan,[],,23421.346764388178,11710.673382194089,1.0,1.1044604112438319,561.2885584192206,3.2056595737492634e-09,3.205640897905465e-09,1.8675843798420258e-14,0.030913554064414085,,10000000000.0,False,False,3.4396357544776124,gan_barrier,c_plane,0.003301931629964929,True,ingan_gan_planar,1,,3.884081592483214e-10,"{""nitride"": ""[A/E/DR] planar integration; cavity/transport inputs retain module provenance""}",,309135540.64414084,10.0,rectangular,80000000.0,3.4396357544776124,gan_barrier,1230.7149321971503,0.02,0.9090913905702886,SE07654,sensitivity,0.0,k_nr_ns,REF_unscreened_rectangular,1.0,nan,nan,nan,nan,nan,False,nan,nan,nan,disc,0.025645276589994107,[],True,1.0,10.0,,,302.8530303065728,51.89018742496418,self_consistent,1.0,0.028209789308318477,0.02,True,0.25
2.1839109384684114,16.77901297723189,3.2990903062951293,2.7589632742588286,75.99088773175333,12.817413071999999,2000.0,5.702446132224538e-07,4.768842153563155e-07,300.0,300.0,300.0000006829321,2.3868912982517547,2.3868932982517546,135.7856562112328,,0.0004246865670874767,,nan,False,"{""Q"":2000.0,""T_hs"":300.0,""cavity_tracking"":""per_T_hs"",""current_uA"":0.02,""geometry_type"":""isolated_dot"",""height_nm"":3.0,""k_nr_ns"":1.0,""orientation"":""c_plane"",""polarity"":1,""radius_nm"":10.0,""regime"":""rectangular"",""screening_fraction"":0.0,""sensitivity_axis"":""k_nr_ns"",""sensitivity_baseline"":""REF_unscreened_rectangular"",""sensitivity_value"":1.0,""shape"":""disc"",""strain_fraction"":1.0,""top_radius_fraction"":1.0,""x_in"":0.25}",nitride-cavity-pulse-design.yaml,4a485480b44950ade4cf2ca57e60a1fb7e0c976fc218a8cdcd358c545c51c75f,2.386891298935645,current_controlled,2.1839109387116644,per_T_hs,0.0042469106385417165,0.004246865670874767,4.496766694860503e-08,True,0.02,rectangular,depleted,-2.1593571375433385e-07,,False,135.7856562112328,3.0,10.0,True,False,0.1,source,-3902.748396421988,1,False,0.9996792109019386,0.9996792109019386,0.0032189988716036337,0.006437997743207267,0.01776219933327007,0.010619767973282507,12.5,isolated_dot,,False,3.0,True,nan,[],,37246.33839995339,18623.169199976695,1.0,1.0919554693421736,567.7163670737909,5.308638298177145e-10,5.308582088593459e-10,5.620958368575628e-15,0.030905949172482315,,10000000000.0,False,False,3.4126017696256388,gan_barrier,c_plane,0.0032189988716036337,True,ingan_gan_planar,1,,3.778979081712954e-10,"{""nitride"": ""[A/E/DR] planar integration; cavity/transport inputs retain module provenance""}",,309059491.7248231,10.0,rectangular,80000000.0,3.4126017696256388,gan_barrier,1228.6908311572274,0.02,0.9090917841598721,SE07655,sensitivity,0.0,k_nr_ns,REF_unscreened_rectangular,1.0,nan,nan,nan,nan,nan,False,nan,nan,nan,disc,0.0042469106385417165,[],True,1.0,10.0,,,310.6555919672697,94.16401587264679,self_consistent,1.0,0.004671597205629193,0.02,True,0.25
2.208920822280462,16.79288759736658,5.8364219775562285,3.0772636451059063,75.99088773175333,12.817413071999999,2000.0,1.6457704658449049e-06,8.677360174687711e-07,230.0,230.0,230.00000068065262,2.452810661041165,2.4528126610411647,136.70048584617953,,0.002564731720241043,0.0,nan,False,"{""Q"":2000.0,""T_hs"":230.0,""background_tau_ns"":0.0,""cavity_tracking"":""per_T_hs"",""current_uA"":0.02,""geometry_type"":""isolated_dot"",""height_nm"":3.0,""orientation"":""c_plane"",""polarity"":1,""radius_nm"":10.0,""regime"":""rectangular"",""screening_fraction"":0.0,""sensitivity_axis"":""background_tau_ns"",""sensitivity_baseline"":""REF_unscreened_rectangular"",""sensitivity_value"":0.0,""shape"":""disc"",""strain_fraction"":1.0,""top_radius_fraction"":1.0,""x_in"":0.25}",nitride-cavity-pulse-design.yaml,4a485480b44950ade4cf2ca57e60a1fb7e0c976fc218a8cdcd358c545c51c75f,2.4528106616381686,current_controlled,2.20892082251489,per_T_hs,0.02564746663466914,0.025647317202410428,1.4943225871177673e-07,True,0.02,rectangular,depleted,-2.0720181126421267e-07,,False,136.70048584617953,3.0,10.0,True,False,0.1,source,-3901.8335667870415,1,False,0.9989011864102583,0.9989011864102583,0.003301931629964929,0.006603863259929858,0.020321828327032727,0.019271466333515373,12.5,isolated_dot,,False,3.0,True,nan,[],,23419.346764388178,11709.673382194089,,1.1044604112438319,561.2885584192206,3.2059333293336424e-09,3.2059146503013034e-09,1.8679032338972092e-14,0.030913554064414085,,10000000000.0,False,False,3.4396357544776124,gan_barrier,c_plane,0.003301931629964929,True,ingan_gan_planar,1,,3.884081592483214e-10,"{""nitride"": ""[A/E/DR] planar integration; cavity/transport inputs retain module provenance""}",,309135540.64414084,10.0,rectangular,80000000.0,3.4396357544776124,gan_barrier,1230.7149321971503,0.02,0.9090913906113713,SE07656,sensitivity,0.0,background_tau_ns,REF_unscreened_rectangular,0.0,nan,nan,nan,nan,nan,False,nan,nan,nan,disc,0.02564746663466914,[],True,1.0,10.0,,,302.8530303065728,51.89018742496418,self_consistent,1.0,0.028212198354910182,0.02,True,0.25
2.1839109384684114,16.77901297723189,3.2990903062951293,2.7589632742588286,75.99088773175333,12.817413071999999,2000.0,5.702752350196195e-07,4.769098237579364e-07,300.0,300.0,300.0000006829321,2.3868912982517547,2.3868932982517546,135.7856562112328,,0.00042470937212596974,0.0,nan,False,"{""Q"":2000.0,""T_hs"":300.0,""background_tau_ns"":0.0,""cavity_tracking"":""per_T_hs"",""current_uA"":0.02,""geometry_type"":""isolated_dot"",""height_nm"":3.0,""orientation"":""c_plane"",""polarity"":1,""radius_nm"":10.0,""regime"":""rectangular"",""screening_fraction"":0.0,""sensitivity_axis"":""background_tau_ns"",""sensitivity_baseline"":""REF_unscreened_rectangular"",""sensitivity_value"":0.0,""shape"":""disc"",""strain_fraction"":1.0,""top_radius_fraction"":1.0,""x_in"":0.25}",nitride-cavity-pulse-design.yaml,4a485480b44950ade4cf2ca57e60a1fb7e0c976fc218a8cdcd358c545c51c75f,2.386891298935645,current_controlled,2.1839109387116644,per_T_hs,0.004247138693754914,0.0042470937212596965,4.497249521672975e-08,True,0.02,rectangular,depleted,-2.1593571375433385e-07,,False,135.7856562112328,3.0,10.0,True,False,0.1,source,-3902.748396421988,1,False,0.9996791936846767,0.9996791936846767,0.0032189988716036337,0.006437997743207267,0.01776219933327007,0.010619767973282507,12.5,isolated_dot,,False,3.0,True,nan,[],,37244.33839995339,18622.169199976695,,1.0919554693421736,567.7163670737909,5.308923367193642e-10,5.308867151574621e-10,5.6215619020912184e-15,0.030905949172482315,,10000000000.0,False,False,3.4126017696256388,gan_barrier,c_plane,0.0032189988716036337,True,ingan_gan_planar,1,,3.778979081712954e-10,"{""nitride"": ""[A/E/DR] planar integration; cavity/transport inputs retain module provenance""}",,309059491.7248231,10.0,rectangular,80000000.0,3.4126017696256388,gan_barrier,1228.6908311572274,0.02,0.9090917842068371,SE07657,sensitivity,0.0,background_tau_ns,REF_unscreened_rectangular,0.0,nan,nan,nan,nan,nan,False,nan,nan,nan,disc,0.004247138693754914,[],True,1.0,10.0,,,310.6555919672697,94.16401587264679,self_consistent,1.0,0.004671848065880883,0.02,True,0.25
2.208920822280462,16.79288759736658,5.8364219775562285,3.0772636451059063,75.99088773175333,12.817413071999999,2000.0,1.6457704658449049e-06,8.677360174687711e-07,230.0,230.0,230.00000068065262,2.452810661041165,2.4528126610411647,136.70048584617953,,0.002564731720241043,1.0,nan,False,"{""Q"":2000.0,""T_hs"":230.0,""background_tau_ns"":1.0,""cavity_tracking"":""per_T_hs"",""current_uA"":0.02,""geometry_type"":""isolated_dot"",""height_nm"":3.0,""orientation"":""c_plane"",""polarity"":1,""radius_nm"":10.0,""regime"":""rectangular"",""screening_fraction"":0.0,""sensitivity_axis"":""background_tau_ns"",""sensitivity_baseline"":""REF_unscreened_rectangular"",""sensitivity_value"":1.0,""shape"":""disc"",""strain_fraction"":1.0,""top_radius_fraction"":1.0,""x_in"":0.25}",nitride-cavity-pulse-design.yaml,4a485480b44950ade4cf2ca57e60a1fb7e0c976fc218a8cdcd358c545c51c75f,2.4528106616381686,current_controlled,2.20892082251489,per_T_hs,0.02564746663466914,0.025647317202410428,1.4943225871177673e-07,True,0.02,rectangular,depleted,-2.0720181126421267e-07,,False,136.70048584617953,3.0,10.0,True,False,0.1,source,-3901.8335667870415,1,False,0.9989011864102583,0.9989011864102583,0.003301931629964929,0.006603863259929858,0.020321828327032727,0.019271466333515373,12.5,isolated_dot,,False,3.0,True,nan,[],,23419.346764388178,11709.673382194089,,1.1044604112438319,561.2885584192206,3.2059333293336424e-09,3.2059146503013034e-09,1.8679032338972092e-14,0.030913554064414085,,10000000000.0,False,False,3.4396357544776124,gan_barrier,c_plane,0.003301931629964929,True,ingan_gan_planar,1,,3.884081592483214e-10,"{""nitride"": ""[A/E/DR] planar integration; cavity/transport inputs retain module provenance""}",,309135540.64414084,10.0,rectangular,80000000.0,3.4396357544776124,gan_barrier,1230.7149321971503,0.02,0.9090913906113713,SE07658,sensitivity,0.0,background_tau_ns,REF_unscreened_rectangular,1.0,nan,nan,nan,nan,nan,False,nan,nan,nan,disc,0.02564746663466914,[],True,1.0,10.0,,,302.8530303065728,51.89018742496418,self_consistent,1.0,0.028212198354910182,0.02,True,0.25
2.1839109384684114,16.77901297723189,3.2990903062951293,2.7589632742588286,75.99088773175333,12.817413071999999,2000.0,5.702752350196195e-07,4.769098237579364e-07,300.0,300.0,300.0000006829321,2.3868912982517547,2.3868932982517546,135.7856562112328,,0.00042470937212596974,1.0,nan,False,"{""Q"":2000.0,""T_hs"":300.0,""background_tau_ns"":1.0,""cavity_tracking"":""per_T_hs"",""current_uA"":0.02,""geometry_type"":""isolated_dot"",""height_nm"":3.0,""orientation"":""c_plane"",""polarity"":1,""radius_nm"":10.0,""regime"":""rectangular"",""screening_fraction"":0.0,""sensitivity_axis"":""background_tau_ns"",""sensitivity_baseline"":""REF_unscreened_rectangular"",""sensitivity_value"":1.0,""shape"":""disc"",""strain_fraction"":1.0,""top_radius_fraction"":1.0,""x_in"":0.25}",nitride-cavity-pulse-design.yaml,4a485480b44950ade4cf2ca57e60a1fb7e0c976fc218a8cdcd358c545c51c75f,2.386891298935645,current_controlled,2.1839109387116644,per_T_hs,0.004247138693754914,0.0042470937212596965,4.497249521672975e-08,True,0.02,rectangular,depleted,-2.1593571375433385e-07,,False,135.7856562112328,3.0,10.0,True,False,0.1,source,-3902.748396421988,1,False,0.9996791936846767,0.9996791936846767,0.0032189988716036337,0.006437997743207267,0.01776219933327007,0.010619767973282507,12.5,isolated_dot,,False,3.0,True,nan,[],,37244.33839995339,18622.169199976695,,1.0919554693421736,567.7163670737909,5.308923367193642e-10,5.308867151574621e-10,5.6215619020912184e-15,0.030905949172482315,,10000000000.0,False,False,3.4126017696256388,gan_barrier,c_plane,0.0032189988716036337,True,ingan_gan_planar,1,,3.778979081712954e-10,"{""nitride"": ""[A/E/DR] planar integration; cavity/transport inputs retain module provenance""}",,309059491.7248231,10.0,rectangular,80000000.0,3.4126017696256388,gan_barrier,1228.6908311572274,0.02,0.9090917842068371,SE07659,sensitivity,0.0,background_tau_ns,REF_unscreened_rectangular,1.0,nan,nan,nan,nan,nan,False,nan,nan,nan,disc,0.004247138693754914,[],True,1.0,10.0,,,310.6555919672697,94.16401587264679,self_consistent,1.0,0.004671848065880883,0.02,True,0.25
2.208920822280462,16.79288759736658,5.8364219775562285,3.0772636451059063,75.99088773175333,12.817413071999999,2000.0,1.6457704658449049e-06,8.677360174687711e-07,230.0,230.0,230.00000068065262,2.452810661041165,2.4528126610411647,136.70048584617953,0.0,1.076697107200991e-53,,nan,False,"{""Q"":2000.0,""T_hs"":230.0,""b_res"":0.0,""cavity_tracking"":""per_T_hs"",""current_uA"":0.02,""geometry_type"":""isolated_dot"",""height_nm"":3.0,""orientation"":""c_plane"",""polarity"":1,""radius_nm"":10.0,""regime"":""rectangular"",""screening_fraction"":0.0,""sensitivity_axis"":""b_res"",""sensitivity_baseline"":""REF_unscreened_rectangular"",""sensitivity_value"":0.0,""shape"":""disc"",""strain_fraction"":1.0,""top_radius_fraction"":1.0,""x_in"":0.25}",nitride-cavity-pulse-design.yaml,4a485480b44950ade4cf2ca57e60a1fb7e0c976fc218a8cdcd358c545c51c75f,2.4528106616381686,current_controlled,2.20892082251489,per_T_hs,0.02564746663466914,0.025647317202410428,1.4943225871177673e-07,True,0.02,rectangular,depleted,-2.0720181126421267e-07,,False,136.70048584617953,3.0,10.0,True,False,0.1,source,-3901.8335667870415,1,False,0.9986704369648789,0.9986704369648789,0.003301931629964929,0.006603863259929858,0.020321828327032727,0.019271466333515373,12.5,isolated_dot,,False,3.0,True,nan,[],,23419.346764388178,11709.673382194089,,1.1044604112438319,561.2885584192206,3.2059333293336424e-09,3.2059146503013034e-09,1.8679032338972092e-14,0.030913554064414085,,10000000000.0,False,False,3.4396357544776124,gan_barrier,c_plane,0.003301931629964929,True,ingan_gan_planar,1,,3.884081592483214e-10,"{""nitride"": ""[A/E/DR] planar integration; cavity/transport inputs retain module provenance""}",,309135540.64414084,10.0,rectangular,80000000.0,3.4396357544776124,gan_barrier,1230.7149321971503,0.02,1.0,SE07660,sensitivity,0.0,b_res,REF_unscreened_rectangular,0.0,nan,nan,nan,nan,nan,False,nan,nan,nan,disc,0.02564746663466914,[],True,1.0,10.0,,,302.8530303065728,51.89018742496418,self_consistent,1.0,0.02564746663466914,0.02,True,0.25
2.1839109384684114,16.77901297723189,3.2990903062951293,2.7589632742588286,75.99088773175333,12.817413071999999,2000.0,5.702752350196195e-07,4.769098237579364e-07,300.0,300.0,300.0000006829321,2.3868912982517547,2.3868932982517546,135.7856562112328,0.0,9.564437709577056e-43,,nan,False,"{""Q"":2000.0,""T_hs"":300.0,""b_res"":0.0,""cavity_tracking"":""per_T_hs"",""current_uA"":0.02,""geometry_type"":""isolated_dot"",""height_nm"":3.0,""orientation"":""c_plane"",""polarity"":1,""radius_nm"":10.0,""regime"":""rectangular"",""screening_fraction"":0.0,""sensitivity_axis"":""b_res"",""sensitivity_baseline"":""REF_unscreened_rectangular"",""sensitivity_value"":0.0,""shape"":""disc"",""strain_fraction"":1.0,""top_radius_fraction"":1.0,""x_in"":0.25}",nitride-cavity-pulse-design.yaml,4a485480b44950ade4cf2ca57e60a1fb7e0c976fc218a8cdcd358c545c51c75f,2.386891298935645,current_controlled,2.1839109387116644,per_T_hs,0.004247138693754914,0.0042470937212596965,4.497249521672975e-08,True,0.02,rectangular,depleted,-2.1593571375433385e-07,,False,135.7856562112328,3.0,10.0,True,False,0.1,source,-3902.748396421988,1,False,0.9996118251057948,0.9996118251057948,0.0032189988716036337,0.006437997743207267,0.01776219933327007,0.010619767973282507,12.5,isolated_dot,,False,3.0,True,nan,[],,37244.33839995339,18622.169199976695,,1.0919554693421736,567.7163670737909,5.308923367193642e-10,5.308867151574621e-10,5.6215619020912184e-15,0.030905949172482315,,10000000000.0,False,False,3.4126017696256388,gan_barrier,c_plane,0.0032189988716036337,True,ingan_gan_planar,1,,3.778979081712954e-10,"{""nitride"": ""[A/E/DR] planar integration; cavity/transport inputs retain module provenance""}",,309059491.7248231,10.0,rectangular,80000000.0,3.4126017696256388,gan_barrier,1228.6908311572274,0.02,1.0,SE07661,sensitivity,0.0,b_res,REF_unscreened_rectangular,0.0,nan,nan,nan,nan,nan,False,nan,nan,nan,disc,0.004247138693754914,[],True,1.0,10.0,,,310.6555919672697,94.16401587264679,self_consistent,1.0,0.004247138693754914,0.02,True,0.25
2.208920822280462,16.79288759736658,5.8364219775562285,3.0772636451059063,75.99088773175333,12.817413071999999,2000.0,1.6457704658449049e-06,8.677360174687711e-07,230.0,230.0,230.00000068065262,2.452810661041165,2.4528126610411647,136.70048584617953,0.5,0.012823658601205214,,nan,False,"{""Q"":2000.0,""T_hs"":230.0,""b_res"":0.5,""cavity_tracking"":""per_T_hs"",""current_uA"":0.02,""geometry_type"":""isolated_dot"",""height_nm"":3.0,""orientation"":""c_plane"",""polarity"":1,""radius_nm"":10.0,""regime"":""rectangular"",""screening_fraction"":0.0,""sensitivity_axis"":""b_res"",""sensitivity_baseline"":""REF_unscreened_rectangular"",""sensitivity_value"":0.5,""shape"":""disc"",""strain_fraction"":1.0,""top_radius_fraction"":1.0,""x_in"":0.25}",nitride-cavity-pulse-design.yaml,4a485480b44950ade4cf2ca57e60a1fb7e0c976fc218a8cdcd358c545c51c75f,2.4528106616381686,current_controlled,2.20892082251489,per_T_hs,0.02564746663466914,0.025647317202410428,1.4943225871177673e-07,True,0.02,rectangular,depleted,-2.0720181126421267e-07,,False,136.70048584617953,3.0,10.0,True,False,0.1,source,-3901.8335667870415,1,False,0.9994090808002184,0.9994090808002184,0.003301931629964929,0.006603863259929858,0.020321828327032727,0.019271466333515373,12.5,isolated_dot,,False,3.0,True,nan,[],,23419.346764388178,11709.673382194089,,1.1044604112438319,561.2885584192206,3.2059333293336424e-09,3.2059146503013034e-09,1.8679032338972092e-14,0.030913554064414085,,10000000000.0,False,False,3.4396357544776124,gan_barrier,c_plane,0.003301931629964929,True,ingan_gan_planar,1,,3.884081592483214e-10,"{""nitride"": ""[A/E/DR] planar integration; cavity/transport inputs retain module provenance""}",,309135540.64414084,10.0,rectangular,80000000.0,3.4396357544776124,gan_barrier,1230.7149321971503,0.02,0.666667961423516,SE07662,sensitivity,0.0,b_res,REF_unscreened_rectangular,0.5,nan,nan,nan,nan,nan,False,nan,nan,nan,disc,0.02564746663466914,[],True,1.0,10.0,,,302.8530303065728,51.89018742496418,self_consistent,1.0,0.03847112523587436,0.02,True,0.25
2.1839109384684114,16.77901297723189,3.2990903062951293,2.7589632742588286,75.99088773175333,12.817413071999999,2000.0,5.702752350196195e-07,4.769098237579364e-07,300.0,300.0,300.0000006829321,2.3868912982517547,2.3868932982517546,135.7856562112328,0.5,0.0021235468606298482,,nan,False,"{""Q"":2000.0,""T_hs"":300.0,""b_res"":0.5,""cavity_tracking"":""per_T_hs"",""current_uA"":0.02,""geometry_type"":""isolated_dot"",""height_nm"":3.0,""orientation"":""c_plane"",""polarity"":1,""radius_nm"":10.0,""regime"":""rectangular"",""screening_fraction"":0.0,""sensitivity_axis"":""b_res"",""sensitivity_baseline"":""REF_unscreened_rectangular"",""sensitivity_value"":0.5,""shape"":""disc"",""strain_fraction"":1.0,""top_radius_fraction"":1.0,""x_in"":0.25}",nitride-cavity-pulse-design.yaml,4a485480b44950ade4cf2ca57e60a1fb7e0c976fc218a8cdcd358c545c51c75f,2.386891298935645,current_controlled,2.1839109387116644,per_T_hs,0.004247138693754914,0.0042470937212596965,4.497249521672975e-08,True,0.02,rectangular,depleted,-2.1593571375433385e-07,,False,135.7856562112328,3.0,10.0,True,False,0.1,source,-3902.748396421988,1,False,0.9998274766069121,0.9998274766069121,0.0032189988716036337,0.006437997743207267,0.01776219933327007,0.010619767973282507,12.5,isolated_dot,,False,3.0,True,nan,[],,37244.33839995339,18622.169199976695,,1.0919554693421736,567.7163670737909,5.308923367193642e-10,5.308867151574621e-10,5.6215619020912184e-15,0.030905949172482315,,10000000000.0,False,False,3.4126017696256388,gan_barrier,c_plane,0.0032189988716036337,True,ingan_gan_planar,1,,3.778979081712954e-10,"{""nitride"": ""[A/E/DR] planar integration; cavity/transport inputs retain module provenance""}",,309059491.7248231,10.0,rectangular,80000000.0,3.4126017696256388,gan_barrier,1228.6908311572274,0.02,0.6666690197622026,SE07663,sensitivity,0.0,b_res,REF_unscreened_rectangular,0.5,nan,nan,nan,nan,nan,False,nan,nan,nan,disc,0.004247138693754914,[],True,1.0,10.0,,,310.6555919672697,94.16401587264679,self_consistent,1.0,0.006370685554384761,0.02,True,0.25
2.208920822280462,16.79288759736658,3.8473526497629966,2.9497302559040888,6.345239125601403,12.817413071999999,167.0,1.0848877854368903e-06,8.317738003971944e-07,230.0,230.0,230.00000068065262,2.452810661041165,2.4528126610411647,136.70048584617953,,0.010230161234742807,,nan,False,"{""Q"":167.0,""T_hs"":230.0,""cavity_tracking"":""per_T_hs"",""current_uA"":0.02,""geometry_type"":""isolated_dot"",""height_nm"":3.0,""orientation"":""c_plane"",""polarity"":1,""radius_nm"":10.0,""regime"":""rectangular"",""screening_fraction"":0.0,""sensitivity_axis"":""Q_purcell"",""sensitivity_baseline"":""REF_unscreened_rectangular"",""sensitivity_value"":167.0,""shape"":""disc"",""strain_fraction"":1.0,""top_radius_fraction"":1.0,""x_in"":0.25}",nitride-cavity-pulse-design.yaml,4a485480b44950ade4cf2ca57e60a1fb7e0c976fc218a8cdcd358c545c51c75f,2.4528106616381686,current_controlled,2.20892082251489,per_T_hs,0.10230272846147936,0.10230161234742806,1.1161140513171584e-06,True,0.02,rectangular,depleted,-2.0720181126421267e-07,,False,136.70048584617953,3.0,10.0,True,False,0.1,source,-3901.8335667870415,1,False,0.9991729883153779,0.9991729883153779,0.003301931629964929,0.006603863259929858,0.01947961526366851,0.01270369540588182,12.5,isolated_dot,,False,3.0,True,nan,[],,23419.346764388178,11709.673382194089,,13.227070793339305,561.2885584192206,1.2787841057684921e-08,1.2787701543428507e-08,1.395142564146448e-13,0.030913554064414085,,10000000000.0,False,False,3.4396357544776124,gan_barrier,c_plane,0.003301931629964929,True,ingan_gan_planar,1,,3.884081592483214e-10,"{""nitride"": ""[A/E/DR] planar integration; cavity/transport inputs retain module provenance""}",,309135540.64414084,10.0,rectangular,80000000.0,3.4396357544776124,gan_barrier,1230.7149321971503,0.02,0.9090918107376545,SE07664,sensitivity,0.0,Q_purcell,REF_unscreened_rectangular,167.0,nan,nan,nan,nan,nan,False,nan,nan,nan,disc,0.10230272846147936,[],True,1.0,10.0,,,302.8530303065728,78.71725258281927,self_consistent,1.0,0.11253288969622219,0.02,True,0.25
2.1839109384684114,16.77901297723189,2.7259423071318576,2.471324838354598,6.345239125601403,12.817413071999999,167.0,4.712018767405654e-07,4.2718914119134184e-07,300.0,300.0,300.0000006829321,2.3868912982517547,2.3868932982517546,135.7856562112328,,0.002962389298417372,,nan,False,"{""Q"":167.0,""T_hs"":300.0,""cavity_tracking"":""per_T_hs"",""current_uA"":0.02,""geometry_type"":""isolated_dot"",""height_nm"":3.0,""orientation"":""c_plane"",""polarity"":1,""radius_nm"":10.0,""regime"":""rectangular"",""screening_fraction"":0.0,""sensitivity_axis"":""Q_purcell"",""sensitivity_baseline"":""REF_unscreened_rectangular"",""sensitivity_value"":167.0,""shape"":""disc"",""strain_fraction"":1.0,""top_radius_fraction"":1.0,""x_in"":0.25}",nitride-cavity-pulse-design.yaml,4a485480b44950ade4cf2ca57e60a1fb7e0c976fc218a8cdcd358c545c51c75f,2.386891298935645,current_controlled,2.1839109387116644,per_T_hs,0.02962426339338993,0.02962389298417372,3.70409216207116e-07,True,0.02,rectangular,depleted,-2.1593571375433385e-07,,False,135.7856562112328,3.0,10.0,True,False,0.1,source,-3902.748396421988,1,False,0.9997815927440364,0.9997815927440364,0.0032189988716036337,0.006437997743207267,0.015910383732058966,0.008774805210714056,12.5,isolated_dot,,False,3.0,True,nan,[],,37244.33839995339,18622.169199976695,,13.07731101008591,567.7163670737909,3.7030329241737407e-09,3.702986623021715e-09,4.630115202588949e-14,0.030905949172482315,,10000000000.0,False,False,3.4126017696256388,gan_barrier,c_plane,0.0032189988716036337,True,ingan_gan_planar,1,,3.778979081712954e-10,"{""nitride"": ""[A/E/DR] planar integration; cavity/transport inputs retain module provenance""}",,309059491.7248231,10.0,rectangular,80000000.0,3.4126017696256388,gan_barrier,1228.6908311572274,0.02,0.909091942445437,SE07665,sensitivity,0.0,Q_purcell,REF_unscreened_rectangular,167.0,nan,nan,nan,nan,nan,False,nan,nan,nan,disc,0.02962426339338993,[],True,1.0,10.0,,,310.6555919672697,113.96264372672317,self_consistent,1.0,0.0325866526918073,0.02,True,0.25
2.208920822280462,16.79288759736658,5.0610317733012105,3.097094981434208,18.997721932938333,12.817413071999999,500.0,1.4271240963051178e-06,8.733281121875397e-07,230.0,230.0,230.00000068065262,2.452810661041165,2.4528126610411647,136.70048584617953,,0.007201843351021522,,nan,False,"{""Q"":500.0,""T_hs"":230.0,""cavity_tracking"":""per_T_hs"",""current_uA"":0.02,""geometry_type"":""isolated_dot"",""height_nm"":3.0,""orientation"":""c_plane"",""polarity"":1,""radius_nm"":10.0,""regime"":""rectangular"",""screening_fraction"":0.0,""sensitivity_axis"":""Q_purcell"",""sensitivity_baseline"":""REF_unscreened_rectangular"",""sensitivity_value"":500.0,""shape"":""disc"",""strain_fraction"":1.0,""top_radius_fraction"":1.0,""x_in"":0.25}",nitride-cavity-pulse-design.yaml,4a485480b44950ade4cf2ca57e60a1fb7e0c976fc218a8cdcd358c545c51c75f,2.4528106616381686,current_controlled,2.20892082251489,per_T_hs,0.07201897999749715,0.07201843351021522,5.464872819298377e-07,True,0.02,rectangular,depleted,-2.0720181126421267e-07,,False,136.70048584617953,3.0,10.0,True,False,0.1,source,-3901.8335667870415,1,False,0.9989953799307202,0.9989953799307202,0.003301931629964929,0.006603863259929858,0.02045279176040651,0.01671118089252076,12.5,isolated_dot,,False,3.0,True,nan,[],,23419.346764388178,11709.673382194089,,4.4178416449753275,561.2885584192206,9.002372499687144e-09,9.002304188776902e-09,6.831091024122972e-14,0.030913554064414085,,10000000000.0,False,False,3.4396357544776124,gan_barrier,c_plane,0.003301931629964929,True,ingan_gan_planar,1,,3.884081592483214e-10,"{""nitride"": ""[A/E/DR] planar integration; cavity/transport inputs retain module provenance""}",,309135540.64414084,10.0,rectangular,80000000.0,3.4396357544776124,gan_barrier,1230.7149321971503,0.02,0.9090915362071127,SE07666,sensitivity,0.0,Q_purcell,REF_unscreened_rectangular,500.0,nan,nan,nan,nan,nan,False,nan,nan,nan,disc,0.07201897999749715,[],True,1.0,10.0,,,302.8530303065728,59.840175654346424,self_consistent,1.0,0.07922082334851868,0.02,True,0.25
2.1839109384684114,16.77901297723189,3.1077789179418485,2.6753753136254335,18.997721932938333,12.817413071999999,500.0,5.372054860231398e-07,4.62460953955869e-07,300.0,300.0,300.0000006829321,2.3868912982517547,2.3868932982517546,135.7856562112328,,0.0014456122071908643,,nan,False,"{""Q"":500.0,""T_hs"":300.0,""cavity_tracking"":""per_T_hs"",""current_uA"":0.02,""geometry_type"":""isolated_dot"",""height_nm"":3.0,""orientation"":""c_plane"",""polarity"":1,""radius_nm"":10.0,""regime"":""rectangular"",""screening_fraction"":0.0,""sensitivity_axis"":""Q_purcell"",""sensitivity_baseline"":""REF_unscreened_rectangular"",""sensitivity_value"":500.0,""shape"":""disc"",""strain_fraction"":1.0,""top_radius_fraction"":1.0,""x_in"":0.25}",nitride-cavity-pulse-design.yaml,4a485480b44950ade4cf2ca57e60a1fb7e0c976fc218a8cdcd358c545c51c75f,2.386891298935645,current_controlled,2.1839109387116644,per_T_hs,0.014456284713042571,0.014456122071908642,1.626411339288602e-07,True,0.02,rectangular,depleted,-2.1593571375433385e-07,,False,135.7856562112328,3.0,10.0,True,False,0.1,source,-3902.748396421988,1,False,0.9997145796704188,0.9997145796704188,0.0032189988716036337,0.006437997743207267,0.017224060231352974,0.010003936830048372,12.5,isolated_dot,,False,3.0,True,nan,[],,37244.33839995339,18622.169199976695,,4.367821877368694,567.7163670737909,1.8070355891303213e-09,1.8070152589885802e-09,2.0330141741107526e-14,0.030905949172482315,,10000000000.0,False,False,3.4126017696256388,gan_barrier,c_plane,0.0032189988716036337,True,ingan_gan_planar,1,,3.778979081712954e-10,"{""nitride"": ""[A/E/DR] planar integration; cavity/transport inputs retain module provenance""}",,309059491.7248231,10.0,rectangular,80000000.0,3.4126017696256388,gan_barrier,1228.6908311572274,0.02,0.909091838889266,SE07667,sensitivity,0.0,Q_purcell,REF_unscreened_rectangular,500.0,nan,nan,nan,nan,nan,False,nan,nan,nan,disc,0.014456284713042571,[],True,1.0,10.0,,,310.6555919672697,99.96064719204797,self_consistent,1.0,0.015901896920233437,0.02,True,0.25
2.208920822280462,16.79288759736658,6.095882986158316,3.059271774272778,379.95443865876666,12.817413071999999,10000.0,1.7189338753156633e-06,8.626626202314806e-07,230.0,230.0,230.00000068065262,2.452810661041165,2.4528126610411647,136.70048584617953,,0.0005690577314010845,,nan,False,"{""Q"":10000.0,""T_hs"":230.0,""cavity_tracking"":""per_T_hs"",""current_uA"":0.02,""geometry_type"":""isolated_dot"",""height_nm"":3.0,""orientation"":""c_plane"",""polarity"":1,""radius_nm"":10.0,""regime"":""rectangular"",""screening_fraction"":0.0,""sensitivity_axis"":""Q_purcell"",""sensitivity_baseline"":""REF_unscreened_rectangular"",""sensitivity_value"":10000.0,""shape"":""disc"",""strain_fraction"":1.0,""top_radius_fraction"":1.0,""x_in"":0.25}",nitride-cavity-pulse-design.yaml,4a485480b44950ade4cf2ca57e60a1fb7e0c976fc218a8cdcd358c545c51c75f,2.4528106616381686,current_controlled,2.20892082251489,per_T_hs,0.005690607601621742,0.005690577314010846,3.0287610896317825e-08,True,0.02,rectangular,depleted,-2.0720181126421267e-07,,False,136.70048584617953,3.0,10.0,True,False,0.1,source,-3901.8335667870415,1,False,0.998874238514352,0.998874238514352,0.003301931629964929,0.006603863259929858,0.020203012472260428,0.020128188844561207,12.5,isolated_dot,,False,3.0,True,nan,[],,23419.346764388178,11709.673382194089,,0.22089208224876639,561.2885584192206,7.113259502027177e-10,7.113221642513556e-10,3.785951362039728e-15,0.030913554064414085,,10000000000.0,False,False,3.4396357544776124,gan_barrier,c_plane,0.003301931629964929,True,ingan_gan_planar,1,,3.884081592483214e-10,"{""nitride"": ""[A/E/DR] planar integration; cavity/transport inputs retain module provenance""}",,309135540.64414084,10.0,rectangular,80000000.0,3.4396357544776124,gan_barrier,1230.7149321971503,0.02,0.9090913489577432,SE07668,sensitivity,0.0,Q_purcell,REF_unscreened_rectangular,10000.0,nan,nan,nan,nan,nan,False,nan,nan,nan,disc,0.005690607601621742,[],True,1.0,10.0,,,302.8530303065728,49.68156885462687,self_consistent,1.0,0.0062596653330228265,0.02,True,0.25
2.1839109384684114,16.77901297723189,3.3561174251440455,2.7815720492752884,379.95443865876666,12.817413071999999,10000.0,5.801328417287821e-07,4.808179372963573e-07,300.0,300.0,300.0000006829321,2.3868912982517547,2.3868932982517546,135.7856562112328,,8.886792582298841e-05,,nan,False,"{""Q"":10000.0,""T_hs"":300.0,""cavity_tracking"":""per_T_hs"",""current_uA"":0.02,""geometry_type"":""isolated_dot"",""height_nm"":3.0,""orientation"":""c_plane"",""polarity"":1,""radius_nm"":10.0,""regime"":""rectangular"",""screening_fraction"":0.0,""sensitivity_axis"":""Q_purcell"",""sensitivity_baseline"":""REF_unscreened_rectangular"",""sensitivity_value"":10000.0,""shape"":""disc"",""strain_fraction"":1.0,""top_radius_fraction"":1.0,""x_in"":0.25}",nitride-cavity-pulse-design.yaml,4a485480b44950ade4cf2ca57e60a1fb7e0c976fc218a8cdcd358c545c51c75f,2.386891298935645,current_controlled,2.1839109387116644,per_T_hs,0.0008886884921624619,0.0008886792582298841,9.233932577896705e-09,True,0.02,rectangular,depleted,-2.1593571375433385e-07,,False,135.7856562112328,3.0,10.0,True,False,0.1,source,-3902.748396421988,1,False,0.999668584358809,0.999668584358809,0.0032189988716036337,0.006437997743207267,0.01790775457580272,0.010803338204507976,12.5,isolated_dot,,False,3.0,True,nan,[],,37244.33839995339,18622.169199976695,,0.2183910938684347,567.7163670737909,1.1108606152030774e-10,1.110849072787355e-10,1.1542415722370882e-15,0.030905949172482315,,10000000000.0,False,False,3.4126017696256388,gan_barrier,c_plane,0.0032189988716036337,True,ingan_gan_planar,1,,3.778979081712954e-10,"{""nitride"": ""[A/E/DR] planar integration; cavity/transport inputs retain module provenance""}",,309059491.7248231,10.0,rectangular,80000000.0,3.4126017696256388,gan_barrier,1228.6908311572274,0.02,0.9090917678121049,SE07669,sensitivity,0.0,Q_purcell,REF_unscreened_rectangular,10000.0,nan,nan,nan,nan,nan,False,nan,nan,nan,disc,0.0008886884921624619,[],True,1.0,10.0,,,310.6555919672697,92.56398171286759,self_consistent,1.0,0.0009775564179854504,0.02,True,0.25
2.208920822280462,16.79288759736658,1.0,1.0,0.0,12.817413071999999,500.0,2.81983159658132e-07,2.81983159658132e-07,230.0,230.0,230.00000068065262,2.452810661041165,2.4528126610411647,136.70048584617953,,0.001423000668744151,,nan,False,"{""Q"":500.0,""T_hs"":230.0,""cavity_tracking"":""per_T_hs"",""current_uA"":0.02,""geometry_type"":""isolated_dot"",""height_nm"":3.0,""orientation"":""c_plane"",""polarity"":1,""purcell_enabled"":false,""radius_nm"":10.0,""regime"":""rectangular"",""screening_fraction"":0.0,""sensitivity_axis"":""Q_purcell"",""sensitivity_baseline"":""REF_unscreened_rectangular"",""sensitivity_value"":500.0,""shape"":""disc"",""strain_fraction"":1.0,""top_radius_fraction"":1.0,""x_in"":0.25}",nitride-cavity-pulse-design.yaml,4a485480b44950ade4cf2ca57e60a1fb7e0c976fc218a8cdcd358c545c51c75f,2.4528106616381686,current_controlled,2.20892082251489,per_T_hs,0.014230183139320951,0.014230006687441508,1.7645187944285898e-07,True,0.02,rectangular,depleted,-2.0720181126421267e-07,,False,136.70048584617953,3.0,10.0,True,False,0.1,source,-3901.8335667870415,1,False,0.9992526492989291,0.9992526492989291,0.003301931629964929,0.006603863259929858,0.006603863259929858,0.003301931629964929,12.5,isolated_dot,,False,3.0,True,nan,[],,23419.346764388178,11709.673382194089,,4.4178416449753275,561.2885584192206,1.7787728924151187e-09,1.7787508359301884e-09,2.205648493035737e-14,0.030913554064414085,,10000000000.0,False,False,3.4396357544776124,gan_barrier,c_plane,0.003301931629964929,True,ingan_gan_planar,1,,3.884081592483214e-10,"{""nitride"": ""[A/E/DR] planar integration; cavity/transport inputs retain module provenance""}",False,309135540.64414084,10.0,rectangular,80000000.0,3.4396357544776124,gan_barrier,1230.7149321971503,0.02,0.9090919338715637,SE07670,sensitivity,0.0,Q_purcell,REF_unscreened_rectangular,500.0,nan,nan,nan,nan,nan,False,nan,nan,nan,disc,0.014230183139320951,[],True,1.0,10.0,,,302.8530303065728,302.8530303065728,self_consistent,1.0,0.015653183808065102,0.02,True,0.25
2.1839109384684114,16.77901297723189,1.0,1.0,0.0,12.817413071999999,500.0,1.728583969249231e-07,1.728583969249231e-07,300.0,300.0,300.0000006829321,2.3868912982517547,2.3868932982517546,135.7856562112328,,0.0004651594505457075,,nan,False,"{""Q"":500.0,""T_hs"":300.0,""cavity_tracking"":""per_T_hs"",""current_uA"":0.02,""geometry_type"":""isolated_dot"",""height_nm"":3.0,""orientation"":""c_plane"",""polarity"":1,""purcell_enabled"":false,""radius_nm"":10.0,""regime"":""rectangular"",""screening_fraction"":0.0,""sensitivity_axis"":""Q_purcell"",""sensitivity_baseline"":""REF_unscreened_rectangular"",""sensitivity_value"":500.0,""shape"":""disc"",""strain_fraction"":1.0,""top_radius_fraction"":1.0,""x_in"":0.25}",nitride-cavity-pulse-design.yaml,4a485480b44950ade4cf2ca57e60a1fb7e0c976fc218a8cdcd358c545c51c75f,2.386891298935645,current_controlled,2.1839109387116644,per_T_hs,0.004651655297391359,0.004651594505457075,6.079193428462587e-08,True,0.02,rectangular,depleted,-2.1593571375433385e-07,,False,135.7856562112328,3.0,10.0,True,False,0.1,source,-3902.748396421988,1,False,0.9998118256421988,0.9998118256421988,0.0032189988716036337,0.006437997743207267,0.006437997743207267,0.0032189988716036337,12.5,isolated_dot,,False,3.0,True,nan,[],,37244.33839995339,18622.169199976695,,4.367821877368694,567.7163670737909,5.814569121739198e-10,5.814493131821343e-10,7.598991785578233e-15,0.030905949172482315,,10000000000.0,False,False,3.4126017696256388,gan_barrier,c_plane,0.0032189988716036337,True,ingan_gan_planar,1,,3.778979081712954e-10,"{""nitride"": ""[A/E/DR] planar integration; cavity/transport inputs retain module provenance""}",False,309059491.7248231,10.0,rectangular,80000000.0,3.4126017696256388,gan_barrier,1228.6908311572274,0.02,0.9090919891650866,SE07671,sensitivity,0.0,Q_purcell,REF_unscreened_rectangular,500.0,nan,nan,nan,nan,nan,False,nan,nan,nan,disc,0.004651655297391359,[],True,1.0,10.0,,,310.6555919672697,310.6555919672697,self_consistent,1.0,0.005116814747937066,0.02,True,0.25
2.208920822280462,16.79288759736658,5.8364219775562285,3.0772636451059063,75.99088773175333,12.817413071999999,2000.0,1.6457704658449049e-06,8.677360174687711e-07,230.0,230.0,230.00000068065262,2.452810661041165,2.4528126610411647,136.70048584617953,,0.002564731720241043,,nan,False,"{""Q"":2000.0,""T_hs"":230.0,""cavity_tracking"":""per_T_hs"",""current_uA"":0.02,""detuning_offset_meV"":0.0,""geometry_type"":""isolated_dot"",""height_nm"":3.0,""orientation"":""c_plane"",""polarity"":1,""radius_nm"":10.0,""regime"":""rectangular"",""screening_fraction"":0.0,""sensitivity_axis"":""detuning_offset_meV"",""sensitivity_baseline"":""REF_unscreened_rectangular"",""sensitivity_value"":0.0,""shape"":""disc"",""strain_fraction"":1.0,""top_radius_fraction"":1.0,""x_in"":0.25}",nitride-cavity-pulse-design.yaml,4a485480b44950ade4cf2ca57e60a1fb7e0c976fc218a8cdcd358c545c51c75f,2.4528106616381686,current_controlled,2.20892082251489,per_T_hs,0.02564746663466914,0.025647317202410428,1.4943225871177673e-07,True,0.02,rectangular,depleted,-2.0720181126421267e-07,0.0,False,136.70048584617953,3.0,10.0,True,False,0.1,source,-3901.8335667870415,1,False,0.9989011864102583,0.9989011864102583,0.003301931629964929,0.006603863259929858,0.020321828327032727,0.019271466333515373,12.5,isolated_dot,,False,3.0,True,nan,[],,23419.346764388178,11709.673382194089,,1.1044604112438319,561.2885584192206,3.2059333293336424e-09,3.2059146503013034e-09,1.8679032338972092e-14,0.030913554064414085,,10000000000.0,False,False,3.4396357544776124,gan_barrier,c_plane,0.003301931629964929,True,ingan_gan_planar,1,,3.884081592483214e-10,"{""nitride"": ""[A/E/DR] planar integration; cavity/transport inputs retain module provenance""}",,309135540.64414084,10.0,rectangular,80000000.0,3.4396357544776124,gan_barrier,1230.7149321971503,0.02,0.9090913906113713,SE07672,sensitivity,0.0,detuning_offset_meV,REF_unscreened_rectangular,0.0,nan,nan,nan,nan,nan,False,nan,nan,nan,disc,0.02564746663466914,[],True,1.0,10.0,,,302.8530303065728,51.89018742496418,self_consistent,1.0,0.028212198354910182,0.02,True,0.25
2.1839109384684114,16.77901297723189,3.2990903062951293,2.7589632742588286,75.99088773175333,12.817413071999999,2000.0,5.702752350196195e-07,4.769098237579364e-07,300.0,300.0,300.0000006829321,2.3868912982517547,2.3868932982517546,135.7856562112328,,0.00042470937212596974,,nan,False,"{""Q"":2000.0,""T_hs"":300.0,""cavity_tracking"":""per_T_hs"",""current_uA"":0.02,""detuning_offset_meV"":0.0,""geometry_type"":""isolated_dot"",""height_nm"":3.0,""orientation"":""c_plane"",""polarity"":1,""radius_nm"":10.0,""regime"":""rectangular"",""screening_fraction"":0.0,""sensitivity_axis"":""detuning_offset_meV"",""sensitivity_baseline"":""REF_unscreened_rectangular"",""sensitivity_value"":0.0,""shape"":""disc"",""strain_fraction"":1.0,""top_radius_fraction"":1.0,""x_in"":0.25}",nitride-cavity-pulse-design.yaml,4a485480b44950ade4cf2ca57e60a1fb7e0c976fc218a8cdcd358c545c51c75f,2.386891298935645,current_controlled,2.1839109387116644,per_T_hs,0.004247138693754914,0.0042470937212596965,4.497249521672975e-08,True,0.02,rectangular,depleted,-2.1593571375433385e-07,0.0,False,135.7856562112328,3.0,10.0,True,False,0.1,source,-3902.748396421988,1,False,0.9996791936846767,0.9996791936846767,0.0032189988716036337,0.006437997743207267,0.01776219933327007,0.010619767973282507,12.5,isolated_dot,,False,3.0,True,nan,[],,37244.33839995339,18622.169199976695,,1.0919554693421736,567.7163670737909,5.308923367193642e-10,5.308867151574621e-10,5.6215619020912184e-15,0.030905949172482315,,10000000000.0,False,False,3.4126017696256388,gan_barrier,c_plane,0.0032189988716036337,True,ingan_gan_planar,1,,3.778979081712954e-10,"{""nitride"": ""[A/E/DR] planar integration; cavity/transport inputs retain module provenance""}",,309059491.7248231,10.0,rectangular,80000000.0,3.4126017696256388,gan_barrier,1228.6908311572274,0.02,0.9090917842068371,SE07673,sensitivity,0.0,detuning_offset_meV,REF_unscreened_rectangular,0.0,nan,nan,nan,nan,nan,False,nan,nan,nan,disc,0.004247138693754914,[],True,1.0,10.0,,,310.6555919672697,94.16401587264679,self_consistent,1.0,0.004671848065880883,0.02,True,0.25
2.208920822280462,16.79288759736658,3.067775572076701,1.7624791330563134,75.99088773175333,12.817413071999999,2000.0,8.650605445385454e-07,4.969893279149204e-07,230.0,230.0,230.00000068065262,2.452810661041165,2.4528126610411647,136.70048584617953,,7.759183924676853e-05,,nan,False,"{""Q"":2000.0,""T_hs"":230.0,""cavity_tracking"":""per_T_hs"",""current_uA"":0.02,""detuning_offset_meV"":10.0,""geometry_type"":""isolated_dot"",""height_nm"":3.0,""orientation"":""c_plane"",""polarity"":1,""radius_nm"":10.0,""regime"":""rectangular"",""screening_fraction"":0.0,""sensitivity_axis"":""detuning_offset_meV"",""sensitivity_baseline"":""REF_unscreened_rectangular"",""sensitivity_value"":10.0,""shape"":""disc"",""strain_fraction"":1.0,""top_radius_fraction"":1.0,""x_in"":0.25}",nitride-cavity-pulse-design.yaml,4a485480b44950ade4cf2ca57e60a1fb7e0c976fc218a8cdcd358c545c51c75f,2.4528106616381686,current_controlled,2.20892082251489,per_T_hs,0.0007759227944418132,0.0007759183924676852,4.401974128008443e-09,True,0.02,rectangular,depleted,9.999999792797976,10.0,False,136.70048584617953,3.0,10.0,True,False,0.1,source,-3901.8335667870415,1,False,0.9988929950189479,0.9988929950189479,0.003301931629964929,0.006603863259929858,0.011639171193183615,0.010129585195073813,12.5,isolated_dot,,False,3.0,True,nan,[],,23419.346764388178,11709.673382194089,,1.099460411243832,561.2885584192206,9.699034930522664e-11,9.698979905846064e-11,5.502467660010554e-16,0.030913554064414085,,10000000000.0,False,False,3.4396357544776124,gan_barrier,c_plane,0.003301931629964929,True,ingan_gan_planar,1,,3.884081592483214e-10,"{""nitride"": ""[A/E/DR] planar integration; cavity/transport inputs retain module provenance""}",,309135540.64414084,10.0,rectangular,80000000.0,3.4396357544776124,gan_barrier,1230.7149321971503,0.02,0.9090913779516062,SE07674,sensitivity,0.0,detuning_offset_meV,REF_unscreened_rectangular,10.0,nan,nan,nan,nan,nan,False,nan,nan,nan,disc,0.0007759227944418132,[],True,1.0,10.0,,,302.8530303065728,98.72072555214963,self_consistent,1.0,0.0008535146336885818,0.02,True,0.25
2.1839109384684114,16.77901297723189,2.7510376777938728,2.027036676110673,75.99088773175333,12.817413071999999,2000.0,4.7553981892637485e-07,3.5039024813506433e-07,300.0,300.0,300.0000006829321,2.3868912982517547,2.3868932982517546,135.7856562112328,,0.0002680643992856761,,nan,False,"{""Q"":2000.0,""T_hs"":300.0,""cavity_tracking"":""per_T_hs"",""current_uA"":0.02,""detuning_offset_meV"":10.0,""geometry_type"":""isolated_dot"",""height_nm"":3.0,""orientation"":""c_plane"",""polarity"":1,""radius_nm"":10.0,""regime"":""rectangular"",""screening_fraction"":0.0,""sensitivity_axis"":""detuning_offset_meV"",""sensitivity_baseline"":""REF_unscreened_rectangular"",""sensitivity_value"":10.0,""shape"":""disc"",""strain_fraction"":1.0,""top_radius_fraction"":1.0,""x_in"":0.25}",nitride-cavity-pulse-design.yaml,4a485480b44950ade4cf2ca57e60a1fb7e0c976fc218a8cdcd358c545c51c75f,2.386891298935645,current_controlled,2.1839109387116644,per_T_hs,0.002680663150882631,0.002680643992856761,1.9158025869513602e-08,True,0.02,rectangular,depleted,9.999999784064073,10.0,False,135.7856562112328,3.0,10.0,True,False,0.1,source,-3902.748396421988,1,False,0.9994951045143491,0.9994951045143491,0.0032189988716036337,0.006437997743207267,0.013050057546198875,0.008855587180557557,12.5,isolated_dot,,False,3.0,True,nan,[],,37244.33839995339,18622.169199976695,,1.0869554693421737,567.7163670737909,3.350828938603288e-10,3.3508049910709513e-10,2.3947532336892002e-15,0.030905949172482315,,10000000000.0,False,False,3.4126017696256388,gan_barrier,c_plane,0.0032189988716036337,True,ingan_gan_planar,1,,3.778979081712954e-10,"{""nitride"": ""[A/E/DR] planar integration; cavity/transport inputs retain module provenance""}",,309059491.7248231,10.0,rectangular,80000000.0,3.4126017696256388,gan_barrier,1228.6908311572274,0.02,0.9090914997316807,SE07675,sensitivity,0.0,detuning_offset_meV,REF_unscreened_rectangular,10.0,nan,nan,nan,nan,nan,False,nan,nan,nan,disc,0.002680663150882631,[],True,1.0,10.0,,,310.6555919672697,112.92305971483181,self_consistent,1.0,0.002948727550168307,0.02,True,0.25
2.208920822280462,16.79288759736658,5.8364219775562285,3.0772636451059063,75.99088773175333,12.817413071999999,2000.0,1.6457729035528987e-07,8.677366951385166e-08,230.0,230.0,230.00000068065262,2.452810661041165,2.4528126610411647,136.70048584617953,,0.0002354949931018491,,nan,False,"{""Q"":2000.0,""T_hs"":230.0,""cavity_tracking"":""per_T_hs"",""current_uA"":0.02,""geometry_type"":""isolated_dot"",""height_nm"":3.0,""n_dot_cm2"":1000000000.0,""orientation"":""c_plane"",""polarity"":1,""radius_nm"":10.0,""regime"":""rectangular"",""screening_fraction"":0.0,""sensitivity_axis"":""tau_cap_density_convention"",""sensitivity_baseline"":""REF_unscreened_rectangular"",""sensitivity_value"":false,""shape"":""disc"",""strain_fraction"":1.0,""tau_cap_scales_with_density"":false,""top_radius_fraction"":1.0,""x_in"":0.25}",nitride-cavity-pulse-design.yaml,4a485480b44950ade4cf2ca57e60a1fb7e0c976fc218a8cdcd358c545c51c75f,2.4528106616381686,current_controlled,2.20892082251489,per_T_hs,0.0023549511918210496,0.002354949931018491,1.2608025585770652e-09,True,0.02,rectangular,depleted,-2.0720181126421267e-07,,False,136.70048584617953,3.0,10.0,True,False,0.1,source,-3901.8335667870415,1,False,0.9998900328830732,0.9998900328830732,0.003301931629964929,0.006603863259929858,0.020321828327032727,0.019271466333515373,12.5,isolated_dot,,False,3.0,True,nan,[],,234193.46764388183,117096.73382194091,,1.1044604112438319,561.2885584192206,2.943688989776312e-10,2.9436874137731136e-10,1.5760031982213314e-16,0.02838426327732566,1000000000.0,1000000000.0,False,False,3.4396357544776124,gan_barrier,c_plane,0.003301931629964929,True,ingan_gan_planar,1,,3.884081592483214e-10,"{""nitride"": ""[A/E/DR] planar integration; cavity/transport inputs retain module provenance""}",,283842632.77325654,10.0,rectangular,80000000.0,3.4396357544776124,gan_barrier,1230.7149321971503,0.02,0.9090909533375007,SE07676,sensitivity,0.0,tau_cap_density_convention,REF_unscreened_rectangular,False,nan,nan,nan,nan,nan,False,nan,nan,nan,disc,0.0023549511918210496,[],True,1.0,10.0,False,,302.8530303065728,51.89018742496418,self_consistent,1.0,0.0025904461849228983,0.02,True,0.25
2.1839109384684114,16.77901297723189,3.2990903062951293,2.7589632742588286,75.99088773175333,12.817413071999999,2000.0,5.702755277122291e-08,4.7691002845670634e-08,300.0,300.0,300.0000006829321,2.3868912982517547,2.3868932982517546,135.7856562112328,,3.8996649791339405e-05,,nan,False,"{""Q"":2000.0,""T_hs"":300.0,""cavity_tracking"":""per_T_hs"",""current_uA"":0.02,""geometry_type"":""isolated_dot"",""height_nm"":3.0,""n_dot_cm2"":1000000000.0,""orientation"":""c_plane"",""polarity"":1,""radius_nm"":10.0,""regime"":""rectangular"",""screening_fraction"":0.0,""sensitivity_axis"":""tau_cap_density_convention"",""sensitivity_baseline"":""REF_unscreened_rectangular"",""sensitivity_value"":false,""shape"":""disc"",""strain_fraction"":1.0,""tau_cap_scales_with_density"":false,""top_radius_fraction"":1.0,""x_in"":0.25}",nitride-cavity-pulse-design.yaml,4a485480b44950ade4cf2ca57e60a1fb7e0c976fc218a8cdcd358c545c51c75f,2.386891298935645,current_controlled,2.1839109387116644,per_T_hs,0.00038996687724695585,0.00038996649791339405,3.793335618153843e-10,True,0.02,rectangular,depleted,-2.1593571375433385e-07,,False,135.7856562112328,3.0,10.0,True,False,0.1,source,-3902.748396421988,1,False,0.9999679041937176,0.9999679041937176,0.0032189988716036337,0.006437997743207267,0.01776219933327007,0.010619767973282507,12.5,isolated_dot,,False,3.0,True,nan,[],,372443.3839995339,186221.69199976695,,1.0919554693421736,567.7163670737909,4.874585965586948e-11,4.874581223917425e-11,4.741669522692303e-17,0.028377280603824672,1000000000.0,1000000000.0,False,False,3.4126017696256388,gan_barrier,c_plane,0.0032189988716036337,True,ingan_gan_planar,1,,3.778979081712954e-10,"{""nitride"": ""[A/E/DR] planar integration; cavity/transport inputs retain module provenance""}",,283772806.0382467,10.0,rectangular,80000000.0,3.4126017696256388,gan_barrier,1228.6908311572274,0.02,0.9090909894820544,SE07677,sensitivity,0.0,tau_cap_density_convention,REF_unscreened_rectangular,False,nan,nan,nan,nan,nan,False,nan,nan,nan,disc,0.00038996687724695585,[],True,1.0,10.0,False,,310.6555919672697,94.16401587264679,self_consistent,1.0,0.0004289635270382953,0.02,True,0.25
2.208920822280462,16.79288759736658,5.8364219775562285,3.0772636451059063,75.99088773175333,12.817413071999999,2000.0,1.6457704658449045e-06,8.677360174687709e-07,230.0,230.0,230.00000068065262,2.452810661041165,2.4528126610411647,136.70048584617953,,0.0023548951162579196,,nan,False,"{""Q"":2000.0,""T_hs"":230.0,""cavity_tracking"":""per_T_hs"",""current_uA"":0.02,""geometry_type"":""isolated_dot"",""height_nm"":3.0,""n_dot_cm2"":1000000000.0,""orientation"":""c_plane"",""polarity"":1,""radius_nm"":10.0,""regime"":""rectangular"",""screening_fraction"":0.0,""sensitivity_axis"":""tau_cap_density_convention"",""sensitivity_baseline"":""REF_unscreened_rectangular"",""sensitivity_value"":true,""shape"":""disc"",""strain_fraction"":1.0,""tau_cap_scales_with_density"":true,""top_radius_fraction"":1.0,""x_in"":0.25}",nitride-cavity-pulse-design.yaml,4a485480b44950ade4cf2ca57e60a1fb7e0c976fc218a8cdcd358c545c51c75f,2.4528106616381686,current_controlled,2.20892082251489,per_T_hs,0.02354907714289014,0.023548951162579195,1.25980310941286e-07,True,0.02,rectangular,depleted,-2.0720181126421267e-07,,False,136.70048584617953,3.0,10.0,True,False,0.1,source,-3901.8335667870415,1,False,0.9989011854677752,0.9989011854677752,0.003301931629964929,0.006603863259929858,0.020321828327032727,0.019271466333515373,12.5,isolated_dot,,False,3.0,True,nan,[],,23419.34676438818,11709.67338219409,,1.1044604112438319,561.2885584192206,2.943634642861267e-09,2.9436188953223994e-09,1.574753886766075e-14,0.02838426327732566,1000000000.0,1000000000.0,False,False,3.4396357544776124,gan_barrier,c_plane,0.003301931629964929,True,ingan_gan_planar,1,,3.884081592483214e-10,"{""nitride"": ""[A/E/DR] planar integration; cavity/transport inputs retain module provenance""}",,283842632.77325654,10.0,rectangular,80000000.0,3.4396357544776124,gan_barrier,1230.7149321971503,0.02,0.9090913512144345,SE07678,sensitivity,0.0,tau_cap_density_convention,REF_unscreened_rectangular,True,nan,nan,nan,nan,nan,False,nan,nan,nan,disc,0.02354907714289014,[],True,1.0,100.0,True,,302.8530303065728,51.89018742496418,self_consistent,1.0,0.025903972259148058,0.02,True,0.25
2.1839109384684114,16.77901297723189,3.2990903062951293,2.7589632742588286,75.99088773175333,12.817413071999999,2000.0,5.702752350196195e-07,4.769098237579364e-07,300.0,300.0,300.0000006829321,2.3868912982517547,2.3868932982517546,135.7856562112328,,0.0003899609527328636,,nan,False,"{""Q"":2000.0,""T_hs"":300.0,""cavity_tracking"":""per_T_hs"",""current_uA"":0.02,""geometry_type"":""isolated_dot"",""height_nm"":3.0,""n_dot_cm2"":1000000000.0,""orientation"":""c_plane"",""polarity"":1,""radius_nm"":10.0,""regime"":""rectangular"",""screening_fraction"":0.0,""sensitivity_axis"":""tau_cap_density_convention"",""sensitivity_baseline"":""REF_unscreened_rectangular"",""sensitivity_value"":true,""shape"":""disc"",""strain_fraction"":1.0,""tau_cap_scales_with_density"":true,""top_radius_fraction"":1.0,""x_in"":0.25}",nitride-cavity-pulse-design.yaml,4a485480b44950ade4cf2ca57e60a1fb7e0c976fc218a8cdcd358c545c51c75f,2.386891298935645,current_controlled,2.1839109387116644,per_T_hs,0.0038996474417952887,0.0038996095273286357,3.7914466653223717e-08,True,0.02,rectangular,depleted,-2.1593571375433385e-07,,False,135.7856562112328,3.0,10.0,True,False,0.1,source,-3902.748396421988,1,False,0.9996791940083959,0.9996791940083959,0.0032189988716036337,0.006437997743207267,0.01776219933327007,0.010619767973282507,12.5,isolated_dot,,False,3.0,True,nan,[],,37244.33839995339,18622.169199976695,,1.0919554693421736,567.7163670737909,4.874559302244111e-10,4.874511909160794e-10,4.739308331652964e-15,0.028377280603824672,1000000000.0,1000000000.0,False,False,3.4126017696256388,gan_barrier,c_plane,0.0032189988716036337,True,ingan_gan_planar,1,,3.778979081712954e-10,"{""nitride"": ""[A/E/DR] planar integration; cavity/transport inputs retain module provenance""}",,283772806.0382467,10.0,rectangular,80000000.0,3.4126017696256388,gan_barrier,1228.6908311572274,0.02,0.9090917126070762,SE07679,sensitivity,0.0,tau_cap_density_convention,REF_unscreened_rectangular,True,nan,nan,nan,nan,nan,False,nan,nan,nan,disc,0.0038996474417952887,[],True,1.0,100.0,True,,310.6555919672697,94.16401587264679,self_consistent,1.0,0.004289608394528153,0.02,True,0.25
2.1839109384684114,16.77901297723189,3.2990903062951293,2.7589632742588286,75.99088773175333,12.817413071999999,2000.0,5.702752350196195e-07,4.769098237579364e-07,300.0,300.0,300.0000006829321,2.3868912982517547,2.3868932982517546,135.7856562112328,,0.01374222207633541,,0.0,False,"{""Q"":2000.0,""T_hs"":300.0,""cavity_tracking"":""per_T_hs"",""current_uA"":0.02,""geometry_type"":""isolated_dot"",""height_nm"":3.0,""island_radius_nm"":0.5,""orientation"":""c_plane"",""polarity"":1,""radius_nm"":10.0,""regime"":""deterministic_pair"",""screening_fraction"":0.0,""sensitivity_axis"":""island_radius_nm"",""sensitivity_baseline"":""REF_unscreened_rectangular"",""sensitivity_value"":0.5,""shape"":""disc"",""strain_fraction"":1.0,""top_radius_fraction"":1.0,""x_in"":0.25}",nitride-cavity-set-design.yaml,fcfe392039c4c5f7afbce970c759eb2cbc19907ee39afe6bda38e183ee97b044,2.386891298935645,current_controlled,2.1839109387116644,per_T_hs,0.13742222076335409,0.13742222076335409,0.0,True,0.02,deterministic_pair,depleted,-2.1593571375433385e-07,,False,135.7856562112328,3.0,10.0,True,False,0.1,source,-3902.748396421988,1,False,0.17355371900826455,0.17355371900826455,0.0032189988716036337,0.006437997743207267,0.01776219933327007,0.010619767973282507,12.5,isolated_dot,True,False,3.0,True,0.0,[],0.5,37244.33839995339,18622.169199976695,,1.0919554693421736,567.7163670737909,1.717777759541926e-08,1.717777759541926e-08,0.0,0.030905949172482315,,10000000000.0,True,False,3.4126017696256388,gan_barrier,c_plane,0.0032189988716036337,True,ingan_gan_planar,1,,3.778979081712954e-10,"{""nitride"": ""[A/E/DR] planar integration; cavity/transport inputs retain module provenance""}",,309059491.7248231,10.0,deterministic_pair,80000000.0,3.4126017696256388,gan_barrier,1228.6908311572274,0.02,0.9090909090909091,SE07680,sensitivity,0.0,island_radius_nm,REF_unscreened_rectangular,0.5,5.285087763377385e-19,11.726382211781894,303.15043112475087,38.74045864977526,189211616679.18253,True,0.0,0.5863191105890947,0.5,disc,0.13742222076335409,[],True,1.0,10.0,,,310.6555919672697,94.16401587264679,self_consistent,1.0,0.1511644428396895,0.02,True,0.25
2.1839109384684114,16.77901297723189,3.2990903062951293,2.7589632742588286,75.99088773175333,12.817413071999999,2000.0,5.702752350196195e-07,4.769098237579364e-07,300.0,300.0,300.0000006829321,2.3868912982517547,2.3868932982517546,135.7856562112328,,0.01374222207633541,,0.0,False,"{""Q"":2000.0,""T_hs"":300.0,""cavity_tracking"":""per_T_hs"",""current_uA"":0.02,""geometry_type"":""isolated_dot"",""height_nm"":3.0,""island_radius_nm"":1.0,""orientation"":""c_plane"",""polarity"":1,""radius_nm"":10.0,""regime"":""deterministic_pair"",""screening_fraction"":0.0,""sensitivity_axis"":""island_radius_nm"",""sensitivity_baseline"":""REF_unscreened_rectangular"",""sensitivity_value"":1.0,""shape"":""disc"",""strain_fraction"":1.0,""top_radius_fraction"":1.0,""x_in"":0.25}",nitride-cavity-set-design.yaml,fcfe392039c4c5f7afbce970c759eb2cbc19907ee39afe6bda38e183ee97b044,2.386891298935645,current_controlled,2.1839109387116644,per_T_hs,0.13742222076335409,0.13742222076335409,0.0,True,0.02,deterministic_pair,depleted,-2.1593571375433385e-07,,False,135.7856562112328,3.0,10.0,True,False,0.1,source,-3902.748396421988,1,False,0.17355371900826455,0.17355371900826455,0.0032189988716036337,0.006437997743207267,0.01776219933327007,0.010619767973282507,12.5,isolated_dot,False,False,3.0,True,0.0,[],1.0,37244.33839995339,18622.169199976695,,1.0919554693421736,567.7163670737909,1.717777759541926e-08,1.717777759541926e-08,0.0,0.030905949172482315,,10000000000.0,True,False,3.4126017696256388,gan_barrier,c_plane,0.0032189988716036337,True,ingan_gan_planar,1,,3.778979081712954e-10,"{""nitride"": ""[A/E/DR] planar integration; cavity/transport inputs retain module provenance""}",,309059491.7248231,10.0,deterministic_pair,80000000.0,3.4126017696256388,gan_barrier,1228.6908311572274,0.02,0.9090909090909091,SE07681,sensitivity,0.0,island_radius_nm,REF_unscreened_rectangular,1.0,1.057017552675477e-18,5.863191105890947,151.57521556237543,38.74045864977526,94605808339.59126,False,1.0,0.5863191105890947,1.0,disc,0.13742222076335409,[],True,1.0,10.0,,,310.6555919672697,94.16401587264679,self_consistent,1.0,0.1511644428396895,0.02,True,0.25
2.1839109384684114,16.77901297723189,3.2990903062951293,2.7589632742588286,75.99088773175333,12.817413071999999,2000.0,5.702752350196195e-07,4.769098237579364e-07,300.0,300.0,300.0000006829321,2.3868912982517547,2.3868932982517546,135.7856562112328,,0.01374222207633541,,0.0,False,"{""Q"":2000.0,""T_hs"":300.0,""cavity_tracking"":""per_T_hs"",""current_uA"":0.02,""geometry_type"":""isolated_dot"",""height_nm"":3.0,""island_radius_nm"":5.0,""orientation"":""c_plane"",""polarity"":1,""radius_nm"":10.0,""regime"":""deterministic_pair"",""screening_fraction"":0.0,""sensitivity_axis"":""island_radius_nm"",""sensitivity_baseline"":""REF_unscreened_rectangular"",""sensitivity_value"":5.0,""shape"":""disc"",""strain_fraction"":1.0,""top_radius_fraction"":1.0,""x_in"":0.25}",nitride-cavity-set-design.yaml,fcfe392039c4c5f7afbce970c759eb2cbc19907ee39afe6bda38e183ee97b044,2.386891298935645,current_controlled,2.1839109387116644,per_T_hs,0.13742222076335409,0.13742222076335409,0.0,True,0.02,deterministic_pair,depleted,-2.1593571375433385e-07,,False,135.7856562112328,3.0,10.0,True,False,0.1,source,-3902.748396421988,1,False,0.17355371900826455,0.17355371900826455,0.0032189988716036337,0.006437997743207267,0.01776219933327007,0.010619767973282507,12.5,isolated_dot,False,False,3.0,True,0.0,[],5.0,37244.33839995339,18622.169199976695,,1.0919554693421736,567.7163670737909,1.717777759541926e-08,1.717777759541926e-08,0.0,0.030905949172482315,,10000000000.0,True,False,3.4126017696256388,gan_barrier,c_plane,0.0032189988716036337,True,ingan_gan_planar,1,,3.778979081712954e-10,"{""nitride"": ""[A/E/DR] planar integration; cavity/transport inputs retain module provenance""}",,309059491.7248231,10.0,deterministic_pair,80000000.0,3.4126017696256388,gan_barrier,1228.6908311572274,0.02,0.9090909090909091,SE07682,sensitivity,0.0,island_radius_nm,REF_unscreened_rectangular,5.0,5.285087763377385e-18,1.1726382211781896,30.31504311247509,38.74045864977526,18921161667.91825,False,1.0,0.5863191105890947,5.0,disc,0.13742222076335409,[],True,1.0,10.0,,,310.6555919672697,94.16401587264679,self_consistent,1.0,0.1511644428396895,0.02,True,0.25
2.8760830159570236,175.2225359140667,7.17840502531446,3.711449162886514,75.99088773175333,12.817413071999999,2000.0,0.6234047884931877,0.461170925486185,230.0,230.0,230.00000068065262,2.452810661041165,2.4528126610411647,136.70048584617953,,40017.16281188511,,0.0,False,"{""Q"":2000.0,""T_hs"":230.0,""cavity_tracking"":""per_T_hs"",""current_uA"":0.02,""geometry_type"":""isolated_dot"",""height_nm"":3.0,""orientation"":""semipolar_11_22"",""polarity"":1,""polarization_factor"":0.1,""radius_nm"":10.0,""regime"":""deterministic_pair"",""screening_fraction"":1.0,""sensitivity_axis"":""semipolar_factor"",""sensitivity_baseline"":""REF_pass_c_plane_screened_SET"",""sensitivity_value"":0.1,""shape"":""disc"",""strain_fraction"":1.0,""top_radius_fraction"":1.0,""x_in"":0.25}",nitride-cavity-set-design.yaml,fcfe392039c4c5f7afbce970c759eb2cbc19907ee39afe6bda38e183ee97b044,2.4528106616381686,current_controlled,2.8760830161605138,per_T_hs,400171.62811885105,400171.62811885105,0.0,True,0.02,deterministic_pair,depleted,-1.762638923707982e-07,,False,136.70048584617953,3.0,10.0,True,True,0.1,source,136.70048584617953,1,False,0.17355371900826455,0.17355371900826455,0.9117781759282718,1.8235563518565436,6.768036695574354,6.545113040055558,12.5,isolated_dot,False,False,3.0,True,0.0,[],,7.9077295367379214,3.9538647683689607,,1.4380415080666438,431.0869947498506,0.05002145351485637,0.05002145351485637,0.0,1.641994347041131e-11,,10000000000.0,True,True,3.4396357544776124,gan_barrier,semipolar_11_22,0.9117781759282718,True,ingan_gan_planar,1,0.1,3.884081592483214e-10,"{""nitride"": ""[A/E/DR] planar integration; cavity/transport inputs retain module provenance""}",,0.1641994347041131,10.0,deterministic_pair,80000000.0,3.4396357544776124,gan_barrier,563.5527385205887,0.02,0.9090909090909091,SE07683,sensitivity,1.0,semipolar_factor,REF_pass_c_plane_screened_SET,0.1,5.285087763377385e-18,1.5295281135357035,30.31504311247509,38.74045864977526,18921161667.91825,False,1.0,0.7647640567678519,5.0,disc,400171.62811885105,[],True,1.0,10.0,,,1.0967579904859102,0.15278574928806907,self_consistent,1.0,440188.79093073617,0.02,True,0.25
2.8527648642293184,175.33668070979795,3.975647301607068,3.2863938816415086,75.99088773175333,12.817413071999999,2000.0,0.08233356678832304,0.06904504482896266,300.0,300.0,300.0000006829321,2.3868912982517547,2.3868932982517546,135.7856562112328,,2564.2788985855636,,0.0,False,"{""Q"":2000.0,""T_hs"":300.0,""cavity_tracking"":""per_T_hs"",""current_uA"":0.02,""geometry_type"":""isolated_dot"",""height_nm"":3.0,""orientation"":""semipolar_11_22"",""polarity"":1,""polarization_factor"":0.1,""radius_nm"":10.0,""regime"":""deterministic_pair"",""screening_fraction"":1.0,""sensitivity_axis"":""semipolar_factor"",""sensitivity_baseline"":""REF_pass_c_plane_screened_SET"",""sensitivity_value"":0.1,""shape"":""disc"",""strain_fraction"":1.0,""top_radius_fraction"":1.0,""x_in"":0.25}",nitride-cavity-set-design.yaml,fcfe392039c4c5f7afbce970c759eb2cbc19907ee39afe6bda38e183ee97b044,2.386891298935645,current_controlled,2.8527648644847616,per_T_hs,25642.788985855634,25642.788985855634,0.0,True,0.02,deterministic_pair,depleted,-2.2812596256471807e-07,,False,135.7856562112328,3.0,10.0,True,True,0.1,source,135.7856562112328,1,False,0.17355371900826433,0.17355371900826433,0.9117230314340268,1.8234460628680536,5.992561984512869,3.6246892097337047,12.5,isolated_dot,False,False,3.0,True,0.0,[],,80.79950252000809,40.399751260004045,,1.4263824322287222,434.61064721678224,0.0032053486232319537,0.0032053486232319537,0.0,4.610103270101685e-10,,10000000000.0,True,True,3.4126017696256388,gan_barrier,semipolar_11_22,0.9117230314340268,True,ingan_gan_planar,1,0.1,3.778979081712954e-10,"{""nitride"": ""[A/E/DR] planar integration; cavity/transport inputs retain module provenance""}",,4.610103270101685,10.0,deterministic_pair,80000000.0,3.4126017696256388,gan_barrier,559.8369053963204,0.02,0.9090909090909092,SE07684,sensitivity,1.0,semipolar_factor,REF_pass_c_plane_screened_SET,0.1,5.285087763377385e-18,1.1726382211781896,30.31504311247509,38.74045864977526,18921161667.91825,False,1.0,0.5863191105890947,5.0,disc,25642.788985855634,[],True,1.0,10.0,,,1.096824326601824,0.2758857220957344,self_consistent,1.0,28207.067884441196,0.02,True,0.25
2.8760830159570236,175.2225359140667,7.17840502531446,3.711449162886514,75.99088773175333,12.817413071999999,2000.0,0.6234047884931877,0.461170925486185,230.0,230.0,230.00000068065262,2.452810661041165,2.4528126610411647,136.70048584617953,,40017.16281188511,,0.0,False,"{""Q"":2000.0,""T_hs"":230.0,""cavity_tracking"":""per_T_hs"",""current_uA"":0.02,""geometry_type"":""isolated_dot"",""height_nm"":3.0,""orientation"":""semipolar_11_22"",""polarity"":1,""polarization_factor"":0.3,""radius_nm"":10.0,""regime"":""deterministic_pair"",""screening_fraction"":1.0,""sensitivity_axis"":""semipolar_factor"",""sensitivity_baseline"":""REF_pass_c_plane_screened_SET"",""sensitivity_value"":0.3,""shape"":""disc"",""strain_fraction"":1.0,""top_radius_fraction"":1.0,""x_in"":0.25}",nitride-cavity-set-design.yaml,fcfe392039c4c5f7afbce970c759eb2cbc19907ee39afe6bda38e183ee97b044,2.4528106616381686,current_controlled,2.8760830161605138,per_T_hs,400171.62811885105,400171.62811885105,0.0,True,0.02,deterministic_pair,depleted,-1.762638923707982e-07,,False,136.70048584617953,3.0,10.0,True,True,0.1,source,136.70048584617953,1,False,0.17355371900826455,0.17355371900826455,0.9117781759282718,1.8235563518565436,6.768036695574354,6.545113040055558,12.5,isolated_dot,False,False,3.0,True,0.0,[],,7.9077295367379214,3.9538647683689607,,1.4380415080666438,431.0869947498506,0.05002145351485637,0.05002145351485637,0.0,1.641994347041131e-11,,10000000000.0,True,True,3.4396357544776124,gan_barrier,semipolar_11_22,0.9117781759282718,True,ingan_gan_planar,1,0.3,3.884081592483214e-10,"{""nitride"": ""[A/E/DR] planar integration; cavity/transport inputs retain module provenance""}",,0.1641994347041131,10.0,deterministic_pair,80000000.0,3.4396357544776124,gan_barrier,563.5527385205887,0.02,0.9090909090909091,SE07685,sensitivity,1.0,semipolar_factor,REF_pass_c_plane_screened_SET,0.3,5.285087763377385e-18,1.5295281135357035,30.31504311247509,38.74045864977526,18921161667.91825,False,1.0,0.7647640567678519,5.0,disc,400171.62811885105,[],True,1.0,10.0,,,1.0967579904859102,0.15278574928806907,self_consistent,1.0,440188.79093073617,0.02,True,0.25
2.8527648642293184,175.33668070979795,3.975647301607068,3.2863938816415086,75.99088773175333,12.817413071999999,2000.0,0.08233356678832304,0.06904504482896266,300.0,300.0,300.0000006829321,2.3868912982517547,2.3868932982517546,135.7856562112328,,2564.2788985855636,,0.0,False,"{""Q"":2000.0,""T_hs"":300.0,""cavity_tracking"":""per_T_hs"",""current_uA"":0.02,""geometry_type"":""isolated_dot"",""height_nm"":3.0,""orientation"":""semipolar_11_22"",""polarity"":1,""polarization_factor"":0.3,""radius_nm"":10.0,""regime"":""deterministic_pair"",""screening_fraction"":1.0,""sensitivity_axis"":""semipolar_factor"",""sensitivity_baseline"":""REF_pass_c_plane_screened_SET"",""sensitivity_value"":0.3,""shape"":""disc"",""strain_fraction"":1.0,""top_radius_fraction"":1.0,""x_in"":0.25}",nitride-cavity-set-design.yaml,fcfe392039c4c5f7afbce970c759eb2cbc19907ee39afe6bda38e183ee97b044,2.386891298935645,current_controlled,2.8527648644847616,per_T_hs,25642.788985855634,25642.788985855634,0.0,True,0.02,deterministic_pair,depleted,-2.2812596256471807e-07,,False,135.7856562112328,3.0,10.0,True,True,0.1,source,135.7856562112328,1,False,0.17355371900826433,0.17355371900826433,0.9117230314340268,1.8234460628680536,5.992561984512869,3.6246892097337047,12.5,isolated_dot,False,False,3.0,True,0.0,[],,80.79950252000809,40.399751260004045,,1.4263824322287222,434.61064721678224,0.0032053486232319537,0.0032053486232319537,0.0,4.610103270101685e-10,,10000000000.0,True,True,3.4126017696256388,gan_barrier,semipolar_11_22,0.9117230314340268,True,ingan_gan_planar,1,0.3,3.778979081712954e-10,"{""nitride"": ""[A/E/DR] planar integration; cavity/transport inputs retain module provenance""}",,4.610103270101685,10.0,deterministic_pair,80000000.0,3.4126017696256388,gan_barrier,559.8369053963204,0.02,0.9090909090909092,SE07686,sensitivity,1.0,semipolar_factor,REF_pass_c_plane_screened_SET,0.3,5.285087763377385e-18,1.1726382211781896,30.31504311247509,38.74045864977526,18921161667.91825,False,1.0,0.5863191105890947,5.0,disc,25642.788985855634,[],True,1.0,10.0,,,1.096824326601824,0.2758857220957344,self_consistent,1.0,28207.067884441196,0.02,True,0.25
3.124040973727693,91.85370375127714,7.66435433336298,3.9476592918274407,75.99088773175333,12.817413071999999,2000.0,0.02564188571049132,0.013373595296937232,230.0,230.0,230.00000077957745,2.8091702995637813,2.809172299563781,100.57256368593444,,1773.255455037576,,0.0,False,"{""Q"":2000.0,""T_hs"":230.0,""cavity_tracking"":""per_T_hs"",""current_uA"":0.02,""geometry_type"":""isolated_dot"",""height_nm"":3.0,""orientation"":""c_plane"",""polarity"":1,""radius_nm"":10.0,""regime"":""deterministic_pair"",""screening_fraction"":1.0,""sensitivity_axis"":""x_in"",""sensitivity_baseline"":""REF_pass_c_plane_screened_SET"",""sensitivity_value"":0.15,""shape"":""disc"",""strain_fraction"":1.0,""top_radius_fraction"":1.0,""x_in"":0.15}",nitride-cavity-set-design.yaml,fcfe392039c4c5f7afbce970c759eb2cbc19907ee39afe6bda38e183ee97b044,2.809170300257289,current_controlled,3.124040973977901,per_T_hs,17732.554550375757,17732.554550375757,0.0,True,0.02,deterministic_pair,depleted,-2.1902479829805088e-07,,False,100.57256368593444,3.0,10.0,True,True,0.1,source,100.57256368593444,1,False,0.17355371900826433,0.17355371900826433,0.9110915701762777,1.8221831403525555,7.1933582054240714,6.982928623971036,12.5,isolated_dot,False,False,3.0,True,0.0,[],,530.6843063797654,265.3421531898827,,1.562020486973359,396.87123005963196,0.0022165693187969696,0.0022165693187969696,0.0,3.8888393353095885e-09,,10000000000.0,True,True,3.439635754442823,gan_barrier,c_plane,0.9110915701762777,True,ingan_gan_planar,1,,4.4485871434747497e-10,"{""nitride"": ""[A/E/DR] planar integration; cavity/transport inputs retain module provenance""}",,38.88839335309588,10.0,deterministic_pair,80000000.0,3.439635754442823,gan_barrier,315.5947807151298,0.02,0.9090909090909092,SE07687,sensitivity,1.0,x_in,REF_pass_c_plane_screened_SET,0.15,5.285087763377385e-18,1.5295281128778415,30.31504311247509,38.74045864977526,18921161667.91825,False,1.0,0.7647640564389208,5.0,disc,17732.554550375757,[],True,1.0,10.0,,,1.0975845159082311,0.14320639001910954,self_consistent,1.0,19505.810005413332,0.02,True,0.15
3.099120762712713,91.98323539860995,4.221720505287301,3.479333194527724,75.99088773175333,12.817413071999999,2000.0,0.003773481798765887,0.0031119820283525973,300.0,300.0,300.00000078464643,2.7421886083762055,2.7421906083762053,99.54209371113639,,127.17733239861023,,0.0,False,"{""Q"":2000.0,""T_hs"":300.0,""cavity_tracking"":""per_T_hs"",""current_uA"":0.02,""geometry_type"":""isolated_dot"",""height_nm"":3.0,""orientation"":""c_plane"",""polarity"":1,""radius_nm"":10.0,""regime"":""deterministic_pair"",""screening_fraction"":1.0,""sensitivity_axis"":""x_in"",""sensitivity_baseline"":""REF_pass_c_plane_screened_SET"",""sensitivity_value"":0.15,""shape"":""disc"",""strain_fraction"":1.0,""top_radius_fraction"":1.0,""x_in"":0.15}",nitride-cavity-set-design.yaml,fcfe392039c4c5f7afbce970c759eb2cbc19907ee39afe6bda38e183ee97b044,2.742188609176211,current_controlled,3.099120763028881,per_T_hs,1271.7733239861022,1271.7733239861022,0.0,True,0.02,deterministic_pair,depleted,-2.8478197577896935e-07,,False,99.54209371113639,3.0,10.0,True,True,0.1,source,99.54209371113639,1,False,0.17355371900826455,0.17355371900826455,0.9110655469779321,1.8221310939558641,6.339801199981753,3.846264101337527,12.5,isolated_dot,False,False,3.0,True,0.0,[],,2030.8831461760608,1015.4415730880304,,1.5495603814987475,400.0624947944091,0.00015897166549826277,0.00015897166549826277,0.0,3.092227157309225e-08,,10000000000.0,True,True,3.4126017695830626,gan_barrier,c_plane,0.9110655469779321,True,ingan_gan_planar,1,,4.3418111792260255e-10,"{""nitride"": ""[A/E/DR] planar integration; cavity/transport inputs retain module provenance""}",,309.22271573092246,10.0,deterministic_pair,80000000.0,3.4126017695830626,gan_barrier,313.4810068703495,0.02,0.9090909090909091,SE07688,sensitivity,1.0,x_in,REF_pass_c_plane_screened_SET,0.15,5.285087763377385e-18,1.1726382207806092,30.31504311247509,38.74045864977526,18921161667.91825,False,1.0,0.5863191103903046,5.0,disc,1271.7733239861022,[],True,1.0,10.0,,,1.097615866736559,0.25999254696323454,self_consistent,1.0,1398.9506563847126,0.02,True,0.15
2.5139445509082305,313.8470432166456,6.4563170406385995,3.366936680174949,75.99088773175333,12.817413071999999,2000.0,0.9993798918640956,0.9988115790738885,230.0,230.0,230.0000005473932,1.972751872450602,1.972753872450602,175.98467093835015,,56754.712477779554,,0.0,False,"{""Q"":2000.0,""T_hs"":230.0,""cavity_tracking"":""per_T_hs"",""current_uA"":0.02,""geometry_type"":""isolated_dot"",""height_nm"":3.0,""orientation"":""c_plane"",""polarity"":1,""radius_nm"":10.0,""regime"":""deterministic_pair"",""screening_fraction"":1.0,""sensitivity_axis"":""x_in"",""sensitivity_baseline"":""REF_pass_c_plane_screened_SET"",""sensitivity_value"":0.4,""shape"":""disc"",""strain_fraction"":1.0,""top_radius_fraction"":1.0,""x_in"":0.4}",nitride-cavity-set-design.yaml,fcfe392039c4c5f7afbce970c759eb2cbc19907ee39afe6bda38e183ee97b044,1.9727518729154871,current_controlled,2.5139445510535774,per_T_hs,567547.1247777955,567547.1247777955,0.0,True,0.02,deterministic_pair,depleted,-1.2345102717858936e-07,,False,175.98467093835015,3.0,10.0,True,True,0.1,source,175.98467093835015,1,False,0.17355371900826433,0.17355371900826433,0.905209244442207,1.810418488884414,6.095564416691837,5.8443178702358125,12.5,isolated_dot,False,False,3.0,True,0.0,[],,0.007252715588233207,0.0036263577941166034,,1.2569722755158408,493.18589129265933,0.07094339059722443,0.07094339059722443,0.0,4.280571174595302e-14,,10000000000.0,True,True,3.4396357545244762,gan_barrier,c_plane,0.905209244442207,True,ingan_gan_planar,1,,3.123649007641797e-10,"{""nitride"": ""[A/E/DR] planar integration; cavity/transport inputs retain module provenance""}",,0.00042805711745953014,10.0,deterministic_pair,80000000.0,3.4396357545244762,gan_barrier,925.6912036162457,0.02,0.9090909090909092,SE07689,sensitivity,1.0,x_in,REF_pass_c_plane_screened_SET,0.4,5.285087763377385e-18,1.529528114421895,30.31504311247509,38.74045864977526,18921161667.91825,False,1.0,0.7647640572109475,5.0,disc,567547.1247777955,[],True,1.0,10.0,,,1.1047169548254043,0.17110636727903558,self_consistent,1.0,624301.837255575,0.02,True,0.4
2.493129078154218,313.95960440102004,3.6134213455301936,3.003455009072988,75.99088773175333,12.817413071999999,2000.0,0.9452325976235334,0.9348347907644751,300.0,300.0,300.00000054613645,1.9090324786391377,1.9090344786391378,175.0732682009223,,25875.224049907,,0.0,False,"{""Q"":2000.0,""T_hs"":300.0,""cavity_tracking"":""per_T_hs"",""current_uA"":0.02,""geometry_type"":""isolated_dot"",""height_nm"":3.0,""orientation"":""c_plane"",""polarity"":1,""radius_nm"":10.0,""regime"":""deterministic_pair"",""screening_fraction"":1.0,""sensitivity_axis"":""x_in"",""sensitivity_baseline"":""REF_pass_c_plane_screened_SET"",""sensitivity_value"":0.4,""shape"":""disc"",""strain_fraction"":1.0,""top_radius_fraction"":1.0,""x_in"":0.4}",nitride-cavity-set-design.yaml,fcfe392039c4c5f7afbce970c759eb2cbc19907ee39afe6bda38e183ee97b044,1.909032479167014,current_controlled,2.4931290783273052,per_T_hs,258752.24049906997,258752.24049906997,0.0,True,0.02,deterministic_pair,depleted,-1.5124168584179642e-07,,False,175.0732682009223,3.0,10.0,True,True,0.1,source,175.0732682009223,1,False,0.17355371900826455,0.17355371900826455,0.9051363640566275,1.810272728113255,5.437072693039979,3.270639058497806,12.5,isolated_dot,False,False,3.0,True,0.0,[],,0.37900598391397977,0.18950299195698989,,1.2465645391527298,497.303567177482,0.03234403006238375,0.03234403006238375,0.0,4.761755030388753e-12,,10000000000.0,True,True,3.4126017696828996,gan_barrier,c_plane,0.9051363640566275,True,ingan_gan_planar,1,,3.022025324450809e-10,"{""nitride"": ""[A/E/DR] planar integration; cavity/transport inputs retain module provenance""}",,0.04761755030388752,10.0,deterministic_pair,80000000.0,3.4126017696828996,gan_barrier,919.4726915286817,0.02,0.9090909090909091,SE07690,sensitivity,1.0,x_in,REF_pass_c_plane_screened_SET,0.4,5.285087763377385e-18,1.1726382217128954,30.31504311247509,38.74045864977526,18921161667.91825,False,1.0,0.5863191108564477,5.0,disc,258752.24049906997,[],True,1.0,10.0,,,1.104805905176778,0.3057506444808669,self_consistent,1.0,284627.464548977,0.02,True,0.4
2.639045620280856,249.0671936079654,6.7074457784557495,3.4858803837424484,75.99088773175333,12.817413071999999,2000.0,0.9849236153714234,0.9713890325030465,230.0,230.0,230.00000068065262,2.452810661041165,2.4528126610411647,136.70048584617953,,58472.4079034759,,0.0,False,"{""Q"":2000.0,""T_hs"":230.0,""cavity_tracking"":""per_T_hs"",""current_uA"":0.02,""geometry_type"":""isolated_dot"",""height_nm"":3.0,""orientation"":""c_plane"",""polarity"":1,""radius_nm"":10.0,""regime"":""deterministic_pair"",""screening_fraction"":1.0,""sensitivity_axis"":""strain_fraction"",""sensitivity_baseline"":""REF_pass_c_plane_screened_SET"",""sensitivity_value"":0.0,""shape"":""disc"",""strain_fraction"":0.0,""top_radius_fraction"":1.0,""x_in"":0.25}",nitride-cavity-set-design.yaml,fcfe392039c4c5f7afbce970c759eb2cbc19907ee39afe6bda38e183ee97b044,2.4528106616381686,current_controlled,2.6390456204858266,per_T_hs,584724.0790347588,584724.0790347588,0.0,True,0.02,deterministic_pair,depleted,-1.777444857964383e-07,,False,136.70048584617953,3.0,10.0,True,True,0.1,source,136.70048584617953,1,False,0.17355371900826455,0.17355371900826455,0.9278547799548709,1.8557095599097417,6.4687815528127,6.223535626828287,12.5,isolated_dot,False,False,3.0,True,0.0,[],,0.190529327138389,0.0952646635691945,,1.3195228102293002,469.806953874504,0.07309050987934486,0.07309050987934486,0.0,2.5665740450365303e-06,,10000000000.0,True,True,3.4396357544776124,gan_barrier,c_plane,0.9278547799548709,True,ingan_gan_planar,1,,3.884081592483214e-10,"{""nitride"": ""[A/E/DR] planar integration; cavity/transport inputs retain module provenance""}",,25665.740450365298,10.0,deterministic_pair,80000000.0,3.4396357544776124,gan_barrier,800.5901341967565,0.02,0.9090909090909091,SE07691,sensitivity,1.0,strain_fraction,REF_pass_c_plane_screened_SET,0.0,5.285087763377385e-18,1.5295281135357035,30.31504311247509,38.74045864977526,18921161667.91825,False,1.0,0.7647640567678519,5.0,disc,584724.0790347588,[],True,0.0,10.0,,,1.0777548616483261,0.16068036883877082,self_consistent,1.0,643196.4869382348,0.02,True,0.25
2.6158131433351874,249.183695720596,3.737392216182939,3.1001462581574284,75.99088773175333,12.817413071999999,2000.0,0.5990115552756772,0.5533979587486976,300.0,300.0,300.0000006829321,2.3868912982517547,2.3868932982517546,135.7856562112328,,17171.02841377341,,0.0,False,"{""Q"":2000.0,""T_hs"":300.0,""cavity_tracking"":""per_T_hs"",""current_uA"":0.02,""geometry_type"":""isolated_dot"",""height_nm"":3.0,""orientation"":""c_plane"",""polarity"":1,""radius_nm"":10.0,""regime"":""deterministic_pair"",""screening_fraction"":1.0,""sensitivity_axis"":""strain_fraction"",""sensitivity_baseline"":""REF_pass_c_plane_screened_SET"",""sensitivity_value"":0.0,""shape"":""disc"",""strain_fraction"":0.0,""top_radius_fraction"":1.0,""x_in"":0.25}",nitride-cavity-set-design.yaml,fcfe392039c4c5f7afbce970c759eb2cbc19907ee39afe6bda38e183ee97b044,2.386891298935645,current_controlled,2.6158131435789427,per_T_hs,171710.28413773407,171710.28413773407,0.0,True,0.02,deterministic_pair,depleted,-2.1643797865067427e-07,,False,135.7856562112328,3.0,10.0,True,True,0.1,source,135.7856562112328,1,False,0.17355371900826455,0.17355371900826455,0.9279789154378847,1.8559578308757694,5.753740724687494,3.468221175339436,12.5,isolated_dot,False,False,3.0,True,0.0,[],,4.64337157709516,2.32168578854758,,1.3079065717758127,473.97956813505004,0.021463785517216755,0.021463785517216755,0.0,4.408840201743382e-06,,10000000000.0,True,True,3.4126017696256388,gan_barrier,c_plane,0.9279789154378847,True,ingan_gan_planar,1,,3.778979081712954e-10,"{""nitride"": ""[A/E/DR] planar integration; cavity/transport inputs retain module provenance""}",,44088.402017433815,10.0,deterministic_pair,80000000.0,3.4126017696256388,gan_barrier,796.7886262904514,0.02,0.9090909090909091,SE07692,sensitivity,1.0,strain_fraction,REF_pass_c_plane_screened_SET,0.0,5.285087763377385e-18,1.1726382211781896,30.31504311247509,38.74045864977526,18921161667.91825,False,1.0,0.5863191105890947,5.0,disc,171710.28413773407,[],True,0.0,10.0,,,1.0776106906783876,0.28833224567984184,self_consistent,1.0,188881.31255150746,0.02,True,0.25
2.7580874360869494,212.09119140774484,6.944756344752688,3.5991314948506457,75.99088773175333,12.817413071999999,2000.0,0.9122266519601356,0.84341184619566,230.0,230.0,230.00000068065262,2.452810661041165,2.4528126610411647,136.70048584617953,,56375.40177845516,,0.0,False,"{""Q"":2000.0,""T_hs"":230.0,""cavity_tracking"":""per_T_hs"",""current_uA"":0.02,""geometry_type"":""isolated_dot"",""height_nm"":3.0,""orientation"":""c_plane"",""polarity"":1,""radius_nm"":10.0,""regime"":""deterministic_pair"",""screening_fraction"":1.0,""sensitivity_axis"":""strain_fraction"",""sensitivity_baseline"":""REF_pass_c_plane_screened_SET"",""sensitivity_value"":0.5,""shape"":""disc"",""strain_fraction"":0.5,""top_radius_fraction"":1.0,""x_in"":0.25}",nitride-cavity-set-design.yaml,fcfe392039c4c5f7afbce970c759eb2cbc19907ee39afe6bda38e183ee97b044,2.4528106616381686,current_controlled,2.7580874362919223,per_T_hs,563754.0177845515,563754.0177845515,0.0,True,0.02,deterministic_pair,depleted,-1.7774670624248756e-07,,False,136.70048584617953,3.0,10.0,True,True,0.1,source,136.70048584617953,1,False,0.17355371900826433,0.17355371900826433,0.9209498858090321,1.8418997716180643,6.6292394783887865,6.39577256267154,12.5,isolated_dot,False,False,3.0,True,0.0,[],,1.2307870416215734,0.6153935208107867,,1.379043718132348,449.5296152608679,0.07046925222306893,0.07046925222306893,0.0,6.322664327886063e-09,,10000000000.0,True,True,3.4396357544776124,gan_barrier,c_plane,0.9209498858090321,True,ingan_gan_planar,1,,3.884081592483214e-10,"{""nitride"": ""[A/E/DR] planar integration; cavity/transport inputs retain module provenance""}",,63.22664327886063,10.0,deterministic_pair,80000000.0,3.4396357544776124,gan_barrier,681.548318390663,0.02,0.9090909090909092,SE07693,sensitivity,1.0,strain_fraction,REF_pass_c_plane_screened_SET,0.5,5.285087763377385e-18,1.5295281135357035,30.31504311247509,38.74045864977526,18921161667.91825,False,1.0,0.7647640567678519,5.0,disc,563754.0177845515,[],True,0.5,10.0,,,1.0858354134237438,0.156353277137531,self_consistent,1.0,620129.4195630066,0.02,True,0.25
2.7348184801208726,212.2066770117448,3.857246187545016,3.1937688376158047,75.99088773175333,12.817413071999999,2000.0,0.26796657974662513,0.2325950389374202,300.0,300.0,300.0000006829321,2.3868912982517547,2.3868932982517546,135.7856562112328,,8015.736992368037,,0.0,False,"{""Q"":2000.0,""T_hs"":300.0,""cavity_tracking"":""per_T_hs"",""current_uA"":0.02,""geometry_type"":""isolated_dot"",""height_nm"":3.0,""orientation"":""c_plane"",""polarity"":1,""radius_nm"":10.0,""regime"":""deterministic_pair"",""screening_fraction"":1.0,""sensitivity_axis"":""strain_fraction"",""sensitivity_baseline"":""REF_pass_c_plane_screened_SET"",""sensitivity_value"":0.5,""shape"":""disc"",""strain_fraction"":0.5,""top_radius_fraction"":1.0,""x_in"":0.25}",nitride-cavity-set-design.yaml,fcfe392039c4c5f7afbce970c759eb2cbc19907ee39afe6bda38e183ee97b044,2.386891298935645,current_controlled,2.734818480381695,per_T_hs,80157.36992368038,80157.36992368038,0.0,True,0.02,deterministic_pair,depleted,-2.3350521516363187e-07,,False,135.7856562112328,3.0,10.0,True,True,0.1,source,135.7856562112328,1,False,0.17355371900826455,0.17355371900826455,0.921005834774355,1.84201166954871,5.882959468729331,3.5525462448900957,12.5,isolated_dot,False,False,3.0,True,0.0,[],,19.409753117080136,9.704876558540068,,1.367409240177189,453.3543973804074,0.010019671240460047,0.010019671240460047,0.0,4.416952156575869e-08,,10000000000.0,True,True,3.4126017696256388,gan_barrier,c_plane,0.921005834774355,True,ingan_gan_planar,1,,3.778979081712954e-10,"{""nitride"": ""[A/E/DR] planar integration; cavity/transport inputs retain module provenance""}",,441.6952156575868,10.0,deterministic_pair,80000000.0,3.4126017696256388,gan_barrier,677.7832895047662,0.02,0.9090909090909091,SE07694,sensitivity,1.0,strain_fraction,REF_pass_c_plane_screened_SET,0.5,5.285087763377385e-18,1.1726382211781896,30.31504311247509,38.74045864977526,18921161667.91825,False,1.0,0.5863191105890947,5.0,disc,80157.36992368038,[],True,0.5,10.0,,,1.0857694514443532,0.2814882428169311,self_consistent,1.0,88173.10691604842,0.02,True,0.25
2.8760830159570236,175.2225359140667,7.17840502531446,3.711449162886514,75.99088773175333,12.817413071999999,2000.0,0.7680213744741011,0.6312347411822974,230.0,230.0,230.00000068065262,2.452810661041165,2.4528126610411647,136.70048584617953,,49300.289238432335,,0.0,False,"{""Q"":2000.0,""T_hs"":230.0,""cavity_tracking"":""per_T_hs"",""current_uA"":0.02,""geometry_type"":""isolated_dot"",""height_nm"":3.0,""orientation"":""c_plane"",""polarity"":1,""radius_nm"":10.0,""regime"":""deterministic_pair"",""screening_fraction"":1.0,""sensitivity_axis"":""tau_rad0_ns"",""sensitivity_baseline"":""REF_pass_c_plane_screened_SET"",""sensitivity_value"":0.5,""shape"":""disc"",""strain_fraction"":1.0,""tau_rad0_ns"":0.5,""top_radius_fraction"":1.0,""x_in"":0.25}",nitride-cavity-set-design.yaml,fcfe392039c4c5f7afbce970c759eb2cbc19907ee39afe6bda38e183ee97b044,2.4528106616381686,current_controlled,2.8760830161605138,per_T_hs,493002.8923843233,493002.8923843233,0.0,True,0.02,deterministic_pair,depleted,-1.762638923707982e-07,,False,136.70048584617953,3.0,10.0,True,True,0.1,source,136.70048584617953,1,False,0.17355371900826455,0.17355371900826455,1.8235563518565436,3.6471127037130873,13.536073391148708,13.090226080111115,12.5,isolated_dot,False,False,3.0,True,0.0,[],,7.9077295367379214,3.9538647683689607,,1.4380415080666438,431.0869947498506,0.0616253615480404,0.0616253615480404,0.0,1.641994347041131e-11,,10000000000.0,True,True,3.4396357544776124,gan_barrier,c_plane,0.9117781759282718,True,ingan_gan_planar,1,,3.884081592483214e-10,"{""nitride"": ""[A/E/DR] planar integration; cavity/transport inputs retain module provenance""}",,0.1641994347041131,10.0,deterministic_pair,80000000.0,3.4396357544776124,gan_barrier,563.5527385205887,0.02,0.9090909090909091,SE07695,sensitivity,1.0,tau_rad0_ns,REF_pass_c_plane_screened_SET,0.5,5.285087763377385e-18,1.5295281135357035,30.31504311247509,38.74045864977526,18921161667.91825,False,1.0,0.7647640567678519,5.0,disc,493002.8923843233,[],True,1.0,10.0,,0.5,0.5483789952429551,0.07639287464403453,self_consistent,1.0,542303.1816227556,0.02,True,0.25
2.8527648642293184,175.33668070979795,3.975647301607068,3.2863938816415086,75.99088773175333,12.817413071999999,2000.0,0.15214083590262592,0.12917144167673353,300.0,300.0,300.0000006829321,2.3868912982517547,2.3868932982517546,135.7856562112328,,4738.426262052852,,0.0,False,"{""Q"":2000.0,""T_hs"":300.0,""cavity_tracking"":""per_T_hs"",""current_uA"":0.02,""geometry_type"":""isolated_dot"",""height_nm"":3.0,""orientation"":""c_plane"",""polarity"":1,""radius_nm"":10.0,""regime"":""deterministic_pair"",""screening_fraction"":1.0,""sensitivity_axis"":""tau_rad0_ns"",""sensitivity_baseline"":""REF_pass_c_plane_screened_SET"",""sensitivity_value"":0.5,""shape"":""disc"",""strain_fraction"":1.0,""tau_rad0_ns"":0.5,""top_radius_fraction"":1.0,""x_in"":0.25}",nitride-cavity-set-design.yaml,fcfe392039c4c5f7afbce970c759eb2cbc19907ee39afe6bda38e183ee97b044,2.386891298935645,current_controlled,2.8527648644847616,per_T_hs,47384.26262052851,47384.26262052851,0.0,True,0.02,deterministic_pair,depleted,-2.2812596256471807e-07,,False,135.7856562112328,3.0,10.0,True,True,0.1,source,135.7856562112328,1,False,0.17355371900826455,0.17355371900826455,1.8234460628680536,3.646892125736107,11.985123969025738,7.249378419467409,12.5,isolated_dot,False,False,3.0,True,0.0,[],,80.79950252000809,40.399751260004045,,1.4263824322287222,434.61064721678224,0.005923032827566063,0.005923032827566063,0.0,4.610103270101685e-10,,10000000000.0,True,True,3.4126017696256388,gan_barrier,c_plane,0.9117230314340268,True,ingan_gan_planar,1,,3.778979081712954e-10,"{""nitride"": ""[A/E/DR] planar integration; cavity/transport inputs retain module provenance""}",,4.610103270101685,10.0,deterministic_pair,80000000.0,3.4126017696256388,gan_barrier,559.8369053963204,0.02,0.9090909090909091,SE07696,sensitivity,1.0,tau_rad0_ns,REF_pass_c_plane_screened_SET,0.5,5.285087763377385e-18,1.1726382211781896,30.31504311247509,38.74045864977526,18921161667.91825,False,1.0,0.5863191105890947,5.0,disc,47384.26262052851,[],True,1.0,10.0,,0.5,0.548412163300912,0.1379428610478672,self_consistent,1.0,52122.688882581366,0.02,True,0.25
2.8760830159570236,175.2225359140667,7.17840502531446,3.711449162886514,75.99088773175333,12.817413071999999,2000.0,0.4528599135622539,0.29968950621230594,230.0,230.0,230.00000068065262,2.452810661041165,2.4528126610411647,136.70048584617953,,29069.665851941012,,0.0,False,"{""Q"":2000.0,""T_hs"":230.0,""cavity_tracking"":""per_T_hs"",""current_uA"":0.02,""geometry_type"":""isolated_dot"",""height_nm"":3.0,""orientation"":""c_plane"",""polarity"":1,""radius_nm"":10.0,""regime"":""deterministic_pair"",""screening_fraction"":1.0,""sensitivity_axis"":""tau_rad0_ns"",""sensitivity_baseline"":""REF_pass_c_plane_screened_SET"",""sensitivity_value"":2.0,""shape"":""disc"",""strain_fraction"":1.0,""tau_rad0_ns"":2.0,""top_radius_fraction"":1.0,""x_in"":0.25}",nitride-cavity-set-design.yaml,fcfe392039c4c5f7afbce970c759eb2cbc19907ee39afe6bda38e183ee97b044,2.4528106616381686,current_controlled,2.8760830161605138,per_T_hs,290696.65851941006,290696.65851941006,0.0,True,0.02,deterministic_pair,depleted,-1.762638923707982e-07,,False,136.70048584617953,3.0,10.0,True,True,0.1,source,136.70048584617953,1,False,0.17355371900826455,0.17355371900826455,0.4558890879641359,0.9117781759282718,3.384018347787177,3.272556520027779,12.5,isolated_dot,False,False,3.0,True,0.0,[],,7.9077295367379214,3.9538647683689607,,1.4380415080666438,431.0869947498506,0.03633708231492626,0.03633708231492626,0.0,1.641994347041131e-11,,10000000000.0,True,True,3.4396357544776124,gan_barrier,c_plane,0.9117781759282718,True,ingan_gan_planar,1,,3.884081592483214e-10,"{""nitride"": ""[A/E/DR] planar integration; cavity/transport inputs retain module provenance""}",,0.1641994347041131,10.0,deterministic_pair,80000000.0,3.4396357544776124,gan_barrier,563.5527385205887,0.02,0.9090909090909091,SE07697,sensitivity,1.0,tau_rad0_ns,REF_pass_c_plane_screened_SET,2.0,5.285087763377385e-18,1.5295281135357035,30.31504311247509,38.74045864977526,18921161667.91825,False,1.0,0.7647640567678519,5.0,disc,290696.65851941006,[],True,1.0,10.0,,2.0,2.1935159809718203,0.30557149857613813,self_consistent,1.0,319766.3243713511,0.02,True,0.25
2.8527648642293184,175.33668070979795,3.975647301607068,3.2863938816415086,75.99088773175333,12.817413071999999,2000.0,0.04293424829386626,0.0357569422549512,300.0,300.0,300.0000006829321,2.3868912982517547,2.3868932982517546,135.7856562112328,,1337.1871427560782,,0.0,False,"{""Q"":2000.0,""T_hs"":300.0,""cavity_tracking"":""per_T_hs"",""current_uA"":0.02,""geometry_type"":""isolated_dot"",""height_nm"":3.0,""orientation"":""c_plane"",""polarity"":1,""radius_nm"":10.0,""regime"":""deterministic_pair"",""screening_fraction"":1.0,""sensitivity_axis"":""tau_rad0_ns"",""sensitivity_baseline"":""REF_pass_c_plane_screened_SET"",""sensitivity_value"":2.0,""shape"":""disc"",""strain_fraction"":1.0,""tau_rad0_ns"":2.0,""top_radius_fraction"":1.0,""x_in"":0.25}",nitride-cavity-set-design.yaml,fcfe392039c4c5f7afbce970c759eb2cbc19907ee39afe6bda38e183ee97b044,2.386891298935645,current_controlled,2.8527648644847616,per_T_hs,13371.871427560782,13371.871427560782,0.0,True,0.02,deterministic_pair,depleted,-2.2812596256471807e-07,,False,135.7856562112328,3.0,10.0,True,True,0.1,source,135.7856562112328,1,False,0.17355371900826433,0.17355371900826433,0.4558615157170134,0.9117230314340268,2.9962809922564344,1.8123446048668523,12.5,isolated_dot,False,False,3.0,True,0.0,[],,80.79950252000809,40.399751260004045,,1.4263824322287222,434.61064721678224,0.0016714839284450976,0.0016714839284450976,0.0,4.610103270101685e-10,,10000000000.0,True,True,3.4126017696256388,gan_barrier,c_plane,0.9117230314340268,True,ingan_gan_planar,1,,3.778979081712954e-10,"{""nitride"": ""[A/E/DR] planar integration; cavity/transport inputs retain module provenance""}",,4.610103270101685,10.0,deterministic_pair,80000000.0,3.4126017696256388,gan_barrier,559.8369053963204,0.02,0.9090909090909092,SE07698,sensitivity,1.0,tau_rad0_ns,REF_pass_c_plane_screened_SET,2.0,5.285087763377385e-18,1.1726382211781896,30.31504311247509,38.74045864977526,18921161667.91825,False,1.0,0.5863191105890947,5.0,disc,13371.871427560782,[],True,1.0,10.0,,2.0,2.193648653203648,0.5517714441914688,self_consistent,1.0,14709.058570316858,0.02,True,0.25
2.8760830159570236,175.2225359140667,7.17840502531446,3.711449162886514,75.99088773175333,12.817413071999999,2000.0,0.6234047884931877,0.461170925486185,230.0,230.0,230.00000068065262,2.452810661041165,2.4528126610411647,136.70048584617953,,40017.16281188511,,0.0,False,"{""Q"":2000.0,""T_hs"":230.0,""cavity_tracking"":""per_T_hs"",""current_uA"":0.02,""geometry_type"":""isolated_dot"",""height_nm"":3.0,""k_nr_ns"":0.0,""orientation"":""c_plane"",""polarity"":1,""radius_nm"":10.0,""regime"":""deterministic_pair"",""screening_fraction"":1.0,""sensitivity_axis"":""k_nr_ns"",""sensitivity_baseline"":""REF_pass_c_plane_screened_SET"",""sensitivity_value"":0.0,""shape"":""disc"",""strain_fraction"":1.0,""top_radius_fraction"":1.0,""x_in"":0.25}",nitride-cavity-set-design.yaml,fcfe392039c4c5f7afbce970c759eb2cbc19907ee39afe6bda38e183ee97b044,2.4528106616381686,current_controlled,2.8760830161605138,per_T_hs,400171.62811885105,400171.62811885105,0.0,True,0.02,deterministic_pair,depleted,-1.762638923707982e-07,,False,136.70048584617953,3.0,10.0,True,True,0.1,source,136.70048584617953,1,False,0.17355371900826455,0.17355371900826455,0.9117781759282718,1.8235563518565436,6.768036695574354,6.545113040055558,12.5,isolated_dot,False,False,3.0,True,0.0,[],,7.9077295367379214,3.9538647683689607,0.0,1.4380415080666438,431.0869947498506,0.05002145351485637,0.05002145351485637,0.0,1.641994347041131e-11,,10000000000.0,True,True,3.4396357544776124,gan_barrier,c_plane,0.9117781759282718,True,ingan_gan_planar,1,,3.884081592483214e-10,"{""nitride"": ""[A/E/DR] planar integration; cavity/transport inputs retain module provenance""}",,0.1641994347041131,10.0,deterministic_pair,80000000.0,3.4396357544776124,gan_barrier,563.5527385205887,0.02,0.9090909090909091,SE07699,sensitivity,1.0,k_nr_ns,REF_pass_c_plane_screened_SET,0.0,5.285087763377385e-18,1.5295281135357035,30.31504311247509,38.74045864977526,18921161667.91825,False,1.0,0.7647640567678519,5.0,disc,400171.62811885105,[],True,1.0,10.0,,,1.0967579904859102,0.15278574928806907,self_consistent,1.0,440188.79093073617,0.02,True,0.25
2.8527648642293184,175.33668070979795,3.975647301607068,3.2863938816415086,75.99088773175333,12.817413071999999,2000.0,0.08233356678832304,0.06904504482896266,300.0,300.0,300.0000006829321,2.3868912982517547,2.3868932982517546,135.7856562112328,,2564.2788985855636,,0.0,False,"{""Q"":2000.0,""T_hs"":300.0,""cavity_tracking"":""per_T_hs"",""current_uA"":0.02,""geometry_type"":""isolated_dot"",""height_nm"":3.0,""k_nr_ns"":0.0,""orientation"":""c_plane"",""polarity"":1,""radius_nm"":10.0,""regime"":""deterministic_pair"",""screening_fraction"":1.0,""sensitivity_axis"":""k_nr_ns"",""sensitivity_baseline"":""REF_pass_c_plane_screened_SET"",""sensitivity_value"":0.0,""shape"":""disc"",""strain_fraction"":1.0,""top_radius_fraction"":1.0,""x_in"":0.25}",nitride-cavity-set-design.yaml,fcfe392039c4c5f7afbce970c759eb2cbc19907ee39afe6bda38e183ee97b044,2.386891298935645,current_controlled,2.8527648644847616,per_T_hs,25642.788985855634,25642.788985855634,0.0,True,0.02,deterministic_pair,depleted,-2.2812596256471807e-07,,False,135.7856562112328,3.0,10.0,True,True,0.1,source,135.7856562112328,1,False,0.17355371900826433,0.17355371900826433,0.9117230314340268,1.8234460628680536,5.992561984512869,3.6246892097337047,12.5,isolated_dot,False,False,3.0,True,0.0,[],,80.79950252000809,40.399751260004045,0.0,1.4263824322287222,434.61064721678224,0.0032053486232319537,0.0032053486232319537,0.0,4.610103270101685e-10,,10000000000.0,True,True,3.4126017696256388,gan_barrier,c_plane,0.9117230314340268,True,ingan_gan_planar,1,,3.778979081712954e-10,"{""nitride"": ""[A/E/DR] planar integration; cavity/transport inputs retain module provenance""}",,4.610103270101685,10.0,deterministic_pair,80000000.0,3.4126017696256388,gan_barrier,559.8369053963204,0.02,0.9090909090909092,SE07700,sensitivity,1.0,k_nr_ns,REF_pass_c_plane_screened_SET,0.0,5.285087763377385e-18,1.1726382211781896,30.31504311247509,38.74045864977526,18921161667.91825,False,1.0,0.5863191105890947,5.0,disc,25642.788985855634,[],True,1.0,10.0,,,1.096824326601824,0.2758857220957344,self_consistent,1.0,28207.067884441196,0.02,True,0.25
2.8760830159570236,175.2225359140667,7.17840502531446,3.711449162886514,75.99088773175333,12.817413071999999,2000.0,0.569190857578697,0.4058606124173217,230.0,230.0,230.00000068065262,2.452810661041165,2.4528126610411647,136.70048584617953,,36537.100194269886,,0.0,False,"{""Q"":2000.0,""T_hs"":230.0,""cavity_tracking"":""per_T_hs"",""current_uA"":0.02,""geometry_type"":""isolated_dot"",""height_nm"":3.0,""k_nr_ns"":1.0,""orientation"":""c_plane"",""polarity"":1,""radius_nm"":10.0,""regime"":""deterministic_pair"",""screening_fraction"":1.0,""sensitivity_axis"":""k_nr_ns"",""sensitivity_baseline"":""REF_pass_c_plane_screened_SET"",""sensitivity_value"":1.0,""shape"":""disc"",""strain_fraction"":1.0,""top_radius_fraction"":1.0,""x_in"":0.25}",nitride-cavity-set-design.yaml,fcfe392039c4c5f7afbce970c759eb2cbc19907ee39afe6bda38e183ee97b044,2.4528106616381686,current_controlled,2.8760830161605138,per_T_hs,365371.0019426988,365371.0019426988,0.0,True,0.02,deterministic_pair,depleted,-1.762638923707982e-07,,False,136.70048584617953,3.0,10.0,True,True,0.1,source,136.70048584617953,1,False,0.17355371900826433,0.17355371900826433,0.9117781759282718,1.8235563518565436,6.768036695574354,6.545113040055558,12.5,isolated_dot,False,False,3.0,True,0.0,[],,9.907729536737921,4.953864768368961,1.0,1.4380415080666438,431.0869947498506,0.04567137524283735,0.04567137524283735,0.0,1.641994347041131e-11,,10000000000.0,True,True,3.4396357544776124,gan_barrier,c_plane,0.9117781759282718,True,ingan_gan_planar,1,,3.884081592483214e-10,"{""nitride"": ""[A/E/DR] planar integration; cavity/transport inputs retain module provenance""}",,0.1641994347041131,10.0,deterministic_pair,80000000.0,3.4396357544776124,gan_barrier,563.5527385205887,0.02,0.9090909090909092,SE07701,sensitivity,1.0,k_nr_ns,REF_pass_c_plane_screened_SET,1.0,5.285087763377385e-18,1.5295281135357035,30.31504311247509,38.74045864977526,18921161667.91825,False,1.0,0.7647640567678519,5.0,disc,365371.0019426988,[],True,1.0,10.0,,,1.0967579904859102,0.15278574928806907,self_consistent,1.0,401908.10213696864,0.02,True,0.25
2.8527648642293184,175.33668070979795,3.975647301607068,3.2863938816415086,75.99088773175333,12.817413071999999,2000.0,0.08050492514548771,0.0674898372726512,300.0,300.0,300.0000006829321,2.3868912982517547,2.3868932982517546,135.7856562112328,,2507.3258554864688,,0.0,False,"{""Q"":2000.0,""T_hs"":300.0,""cavity_tracking"":""per_T_hs"",""current_uA"":0.02,""geometry_type"":""isolated_dot"",""height_nm"":3.0,""k_nr_ns"":1.0,""orientation"":""c_plane"",""polarity"":1,""radius_nm"":10.0,""regime"":""deterministic_pair"",""screening_fraction"":1.0,""sensitivity_axis"":""k_nr_ns"",""sensitivity_baseline"":""REF_pass_c_plane_screened_SET"",""sensitivity_value"":1.0,""shape"":""disc"",""strain_fraction"":1.0,""top_radius_fraction"":1.0,""x_in"":0.25}",nitride-cavity-set-design.yaml,fcfe392039c4c5f7afbce970c759eb2cbc19907ee39afe6bda38e183ee97b044,2.386891298935645,current_controlled,2.8527648644847616,per_T_hs,25073.25855486469,25073.25855486469,0.0,True,0.02,deterministic_pair,depleted,-2.2812596256471807e-07,,False,135.7856562112328,3.0,10.0,True,True,0.1,source,135.7856562112328,1,False,0.17355371900826455,0.17355371900826455,0.9117230314340268,1.8234460628680536,5.992561984512869,3.6246892097337047,12.5,isolated_dot,False,False,3.0,True,0.0,[],,82.79950252000809,41.399751260004045,1.0,1.4263824322287222,434.61064721678224,0.003134157319358086,0.003134157319358086,0.0,4.610103270101685e-10,,10000000000.0,True,True,3.4126017696256388,gan_barrier,c_plane,0.9117230314340268,True,ingan_gan_planar,1,,3.778979081712954e-10,"{""nitride"": ""[A/E/DR] planar integration; cavity/transport inputs retain module provenance""}",,4.610103270101685,10.0,deterministic_pair,80000000.0,3.4126017696256388,gan_barrier,559.8369053963204,0.02,0.9090909090909091,SE07702,sensitivity,1.0,k_nr_ns,REF_pass_c_plane_screened_SET,1.0,5.285087763377385e-18,1.1726382211781896,30.31504311247509,38.74045864977526,18921161667.91825,False,1.0,0.5863191105890947,5.0,disc,25073.25855486469,[],True,1.0,10.0,,,1.096824326601824,0.2758857220957344,self_consistent,1.0,27580.58441035116,0.02,True,0.25
2.8760830159570236,175.2225359140667,7.17840502531446,3.711449162886514,75.99088773175333,12.817413071999999,2000.0,0.6234047884931877,0.461170925486185,230.0,230.0,230.00000068065262,2.452810661041165,2.4528126610411647,136.70048584617953,,40017.16281188511,0.0,0.0,False,"{""Q"":2000.0,""T_hs"":230.0,""background_tau_ns"":0.0,""cavity_tracking"":""per_T_hs"",""current_uA"":0.02,""geometry_type"":""isolated_dot"",""height_nm"":3.0,""orientation"":""c_plane"",""polarity"":1,""radius_nm"":10.0,""regime"":""deterministic_pair"",""screening_fraction"":1.0,""sensitivity_axis"":""background_tau_ns"",""sensitivity_baseline"":""REF_pass_c_plane_screened_SET"",""sensitivity_value"":0.0,""shape"":""disc"",""strain_fraction"":1.0,""top_radius_fraction"":1.0,""x_in"":0.25}",nitride-cavity-set-design.yaml,fcfe392039c4c5f7afbce970c759eb2cbc19907ee39afe6bda38e183ee97b044,2.4528106616381686,current_controlled,2.8760830161605138,per_T_hs,400171.62811885105,400171.62811885105,0.0,True,0.02,deterministic_pair,depleted,-1.762638923707982e-07,,False,136.70048584617953,3.0,10.0,True,True,0.1,source,136.70048584617953,1,False,0.17355371900826455,0.17355371900826455,0.9117781759282718,1.8235563518565436,6.768036695574354,6.545113040055558,12.5,isolated_dot,False,False,3.0,True,0.0,[],,7.9077295367379214,3.9538647683689607,,1.4380415080666438,431.0869947498506,0.05002145351485637,0.05002145351485637,0.0,1.641994347041131e-11,,10000000000.0,True,True,3.4396357544776124,gan_barrier,c_plane,0.9117781759282718,True,ingan_gan_planar,1,,3.884081592483214e-10,"{""nitride"": ""[A/E/DR] planar integration; cavity/transport inputs retain module provenance""}",,0.1641994347041131,10.0,deterministic_pair,80000000.0,3.4396357544776124,gan_barrier,563.5527385205887,0.02,0.9090909090909091,SE07703,sensitivity,1.0,background_tau_ns,REF_pass_c_plane_screened_SET,0.0,5.285087763377385e-18,1.5295281135357035,30.31504311247509,38.74045864977526,18921161667.91825,False,1.0,0.7647640567678519,5.0,disc,400171.62811885105,[],True,1.0,10.0,,,1.0967579904859102,0.15278574928806907,self_consistent,1.0,440188.79093073617,0.02,True,0.25
2.8527648642293184,175.33668070979795,3.975647301607068,3.2863938816415086,75.99088773175333,12.817413071999999,2000.0,0.08233356678832304,0.06904504482896266,300.0,300.0,300.0000006829321,2.3868912982517547,2.3868932982517546,135.7856562112328,,2564.2788985855636,0.0,0.0,False,"{""Q"":2000.0,""T_hs"":300.0,""background_tau_ns"":0.0,""cavity_tracking"":""per_T_hs"",""current_uA"":0.02,""geometry_type"":""isolated_dot"",""height_nm"":3.0,""orientation"":""c_plane"",""polarity"":1,""radius_nm"":10.0,""regime"":""deterministic_pair"",""screening_fraction"":1.0,""sensitivity_axis"":""background_tau_ns"",""sensitivity_baseline"":""REF_pass_c_plane_screened_SET"",""sensitivity_value"":0.0,""shape"":""disc"",""strain_fraction"":1.0,""top_radius_fraction"":1.0,""x_in"":0.25}",nitride-cavity-set-design.yaml,fcfe392039c4c5f7afbce970c759eb2cbc19907ee39afe6bda38e183ee97b044,2.386891298935645,current_controlled,2.8527648644847616,per_T_hs,25642.788985855634,25642.788985855634,0.0,True,0.02,deterministic_pair,depleted,-2.2812596256471807e-07,,False,135.7856562112328,3.0,10.0,True,True,0.1,source,135.7856562112328,1,False,0.17355371900826433,0.17355371900826433,0.9117230314340268,1.8234460628680536,5.992561984512869,3.6246892097337047,12.5,isolated_dot,False,False,3.0,True,0.0,[],,80.79950252000809,40.399751260004045,,1.4263824322287222,434.61064721678224,0.0032053486232319537,0.0032053486232319537,0.0,4.610103270101685e-10,,10000000000.0,True,True,3.4126017696256388,gan_barrier,c_plane,0.9117230314340268,True,ingan_gan_planar,1,,3.778979081712954e-10,"{""nitride"": ""[A/E/DR] planar integration; cavity/transport inputs retain module provenance""}",,4.610103270101685,10.0,deterministic_pair,80000000.0,3.4126017696256388,gan_barrier,559.8369053963204,0.02,0.9090909090909092,SE07704,sensitivity,1.0,background_tau_ns,REF_pass_c_plane_screened_SET,0.0,5.285087763377385e-18,1.1726382211781896,30.31504311247509,38.74045864977526,18921161667.91825,False,1.0,0.5863191105890947,5.0,disc,25642.788985855634,[],True,1.0,10.0,,,1.096824326601824,0.2758857220957344,self_consistent,1.0,28207.067884441196,0.02,True,0.25
2.8760830159570236,175.2225359140667,7.17840502531446,3.711449162886514,75.99088773175333,12.817413071999999,2000.0,0.6234047884931877,0.461170925486185,230.0,230.0,230.00000068065262,2.452810661041165,2.4528126610411647,136.70048584617953,,40017.16281188511,1.0,0.0,False,"{""Q"":2000.0,""T_hs"":230.0,""background_tau_ns"":1.0,""cavity_tracking"":""per_T_hs"",""current_uA"":0.02,""geometry_type"":""isolated_dot"",""height_nm"":3.0,""orientation"":""c_plane"",""polarity"":1,""radius_nm"":10.0,""regime"":""deterministic_pair"",""screening_fraction"":1.0,""sensitivity_axis"":""background_tau_ns"",""sensitivity_baseline"":""REF_pass_c_plane_screened_SET"",""sensitivity_value"":1.0,""shape"":""disc"",""strain_fraction"":1.0,""top_radius_fraction"":1.0,""x_in"":0.25}",nitride-cavity-set-design.yaml,fcfe392039c4c5f7afbce970c759eb2cbc19907ee39afe6bda38e183ee97b044,2.4528106616381686,current_controlled,2.8760830161605138,per_T_hs,400171.62811885105,400171.62811885105,0.0,True,0.02,deterministic_pair,depleted,-1.762638923707982e-07,,False,136.70048584617953,3.0,10.0,True,True,0.1,source,136.70048584617953,1,False,0.17355371900826455,0.17355371900826455,0.9117781759282718,1.8235563518565436,6.768036695574354,6.545113040055558,12.5,isolated_dot,False,False,3.0,True,0.0,[],,7.9077295367379214,3.9538647683689607,,1.4380415080666438,431.0869947498506,0.05002145351485637,0.05002145351485637,0.0,1.641994347041131e-11,,10000000000.0,True,True,3.4396357544776124,gan_barrier,c_plane,0.9117781759282718,True,ingan_gan_planar,1,,3.884081592483214e-10,"{""nitride"": ""[A/E/DR] planar integration; cavity/transport inputs retain module provenance""}",,0.1641994347041131,10.0,deterministic_pair,80000000.0,3.4396357544776124,gan_barrier,563.5527385205887,0.02,0.9090909090909091,SE07705,sensitivity,1.0,background_tau_ns,REF_pass_c_plane_screened_SET,1.0,5.285087763377385e-18,1.5295281135357035,30.31504311247509,38.74045864977526,18921161667.91825,False,1.0,0.7647640567678519,5.0,disc,400171.62811885105,[],True,1.0,10.0,,,1.0967579904859102,0.15278574928806907,self_consistent,1.0,440188.79093073617,0.02,True,0.25
2.8527648642293184,175.33668070979795,3.975647301607068,3.2863938816415086,75.99088773175333,12.817413071999999,2000.0,0.08233356678832304,0.06904504482896266,300.0,300.0,300.0000006829321,2.3868912982517547,2.3868932982517546,135.7856562112328,,2564.2788985855636,1.0,0.0,False,"{""Q"":2000.0,""T_hs"":300.0,""background_tau_ns"":1.0,""cavity_tracking"":""per_T_hs"",""current_uA"":0.02,""geometry_type"":""isolated_dot"",""height_nm"":3.0,""orientation"":""c_plane"",""polarity"":1,""radius_nm"":10.0,""regime"":""deterministic_pair"",""screening_fraction"":1.0,""sensitivity_axis"":""background_tau_ns"",""sensitivity_baseline"":""REF_pass_c_plane_screened_SET"",""sensitivity_value"":1.0,""shape"":""disc"",""strain_fraction"":1.0,""top_radius_fraction"":1.0,""x_in"":0.25}",nitride-cavity-set-design.yaml,fcfe392039c4c5f7afbce970c759eb2cbc19907ee39afe6bda38e183ee97b044,2.386891298935645,current_controlled,2.8527648644847616,per_T_hs,25642.788985855634,25642.788985855634,0.0,True,0.02,deterministic_pair,depleted,-2.2812596256471807e-07,,False,135.7856562112328,3.0,10.0,True,True,0.1,source,135.7856562112328,1,False,0.17355371900826433,0.17355371900826433,0.9117230314340268,1.8234460628680536,5.992561984512869,3.6246892097337047,12.5,isolated_dot,False,False,3.0,True,0.0,[],,80.79950252000809,40.399751260004045,,1.4263824322287222,434.61064721678224,0.0032053486232319537,0.0032053486232319537,0.0,4.610103270101685e-10,,10000000000.0,True,True,3.4126017696256388,gan_barrier,c_plane,0.9117230314340268,True,ingan_gan_planar,1,,3.778979081712954e-10,"{""nitride"": ""[A/E/DR] planar integration; cavity/transport inputs retain module provenance""}",,4.610103270101685,10.0,deterministic_pair,80000000.0,3.4126017696256388,gan_barrier,559.8369053963204,0.02,0.9090909090909092,SE07706,sensitivity,1.0,background_tau_ns,REF_pass_c_plane_screened_SET,1.0,5.285087763377385e-18,1.1726382211781896,30.31504311247509,38.74045864977526,18921161667.91825,False,1.0,0.5863191105890947,5.0,disc,25642.788985855634,[],True,1.0,10.0,,,1.096824326601824,0.2758857220957344,self_consistent,1.0,28207.067884441196,0.02,True,0.25
2.8760830159570236,175.2225359140667,7.17840502531446,3.711449162886514,75.99088773175333,12.817413071999999,2000.0,0.6234047884931877,0.461170925486185,230.0,230.0,230.00000068065262,2.452810661041165,2.4528126610411647,136.70048584617953,0.0,3.656660904209302e-36,,0.0,False,"{""Q"":2000.0,""T_hs"":230.0,""b_res"":0.0,""cavity_tracking"":""per_T_hs"",""current_uA"":0.02,""geometry_type"":""isolated_dot"",""height_nm"":3.0,""orientation"":""c_plane"",""polarity"":1,""radius_nm"":10.0,""regime"":""deterministic_pair"",""screening_fraction"":1.0,""sensitivity_axis"":""b_res"",""sensitivity_baseline"":""REF_pass_c_plane_screened_SET"",""sensitivity_value"":0.0,""shape"":""disc"",""strain_fraction"":1.0,""top_radius_fraction"":1.0,""x_in"":0.25}",nitride-cavity-set-design.yaml,fcfe392039c4c5f7afbce970c759eb2cbc19907ee39afe6bda38e183ee97b044,2.4528106616381686,current_controlled,2.8760830161605138,per_T_hs,400171.62811885105,400171.62811885105,0.0,True,0.02,deterministic_pair,depleted,-1.762638923707982e-07,,False,136.70048584617953,3.0,10.0,True,True,0.1,source,136.70048584617953,1,False,0.0,0.0,0.9117781759282718,1.8235563518565436,6.768036695574354,6.545113040055558,12.5,isolated_dot,False,False,3.0,True,0.0,[],,7.9077295367379214,3.9538647683689607,,1.4380415080666438,431.0869947498506,0.05002145351485637,0.05002145351485637,0.0,1.641994347041131e-11,,10000000000.0,True,True,3.4396357544776124,gan_barrier,c_plane,0.9117781759282718,True,ingan_gan_planar,1,,3.884081592483214e-10,"{""nitride"": ""[A/E/DR] planar integration; cavity/transport inputs retain module provenance""}",,0.1641994347041131,10.0,deterministic_pair,80000000.0,3.4396357544776124,gan_barrier,563.5527385205887,0.02,1.0,SE07707,sensitivity,1.0,b_res,REF_pass_c_plane_screened_SET,0.0,5.285087763377385e-18,1.5295281135357035,30.31504311247509,38.74045864977526,18921161667.91825,False,1.0,0.7647640567678519,5.0,disc,400171.62811885105,[],True,1.0,10.0,,,1.0967579904859102,0.15278574928806907,self_consistent,1.0,400171.62811885105,0.02,True,0.25
2.8527648642293184,175.33668070979795,3.975647301607068,3.2863938816415086,75.99088773175333,12.817413071999999,2000.0,0.08233356678832304,0.06904504482896266,300.0,300.0,300.0000006829321,2.3868912982517547,2.3868932982517546,135.7856562112328,0.0,1.3689649620031888e-28,,0.0,False,"{""Q"":2000.0,""T_hs"":300.0,""b_res"":0.0,""cavity_tracking"":""per_T_hs"",""current_uA"":0.02,""geometry_type"":""isolated_dot"",""height_nm"":3.0,""orientation"":""c_plane"",""polarity"":1,""radius_nm"":10.0,""regime"":""deterministic_pair"",""screening_fraction"":1.0,""sensitivity_axis"":""b_res"",""sensitivity_baseline"":""REF_pass_c_plane_screened_SET"",""sensitivity_value"":0.0,""shape"":""disc"",""strain_fraction"":1.0,""top_radius_fraction"":1.0,""x_in"":0.25}",nitride-cavity-set-design.yaml,fcfe392039c4c5f7afbce970c759eb2cbc19907ee39afe6bda38e183ee97b044,2.386891298935645,current_controlled,2.8527648644847616,per_T_hs,25642.788985855634,25642.788985855634,0.0,True,0.02,deterministic_pair,depleted,-2.2812596256471807e-07,,False,135.7856562112328,3.0,10.0,True,True,0.1,source,135.7856562112328,1,False,0.0,0.0,0.9117230314340268,1.8234460628680536,5.992561984512869,3.6246892097337047,12.5,isolated_dot,False,False,3.0,True,0.0,[],,80.79950252000809,40.399751260004045,,1.4263824322287222,434.61064721678224,0.0032053486232319537,0.0032053486232319537,0.0,4.610103270101685e-10,,10000000000.0,True,True,3.4126017696256388,gan_barrier,c_plane,0.9117230314340268,True,ingan_gan_planar,1,,3.778979081712954e-10,"{""nitride"": ""[A/E/DR] planar integration; cavity/transport inputs retain module provenance""}",,4.610103270101685,10.0,deterministic_pair,80000000.0,3.4126017696256388,gan_barrier,559.8369053963204,0.02,1.0,SE07708,sensitivity,1.0,b_res,REF_pass_c_plane_screened_SET,0.0,5.285087763377385e-18,1.1726382211781896,30.31504311247509,38.74045864977526,18921161667.91825,False,1.0,0.5863191105890947,5.0,disc,25642.788985855634,[],True,1.0,10.0,,,1.096824326601824,0.2758857220957344,self_consistent,1.0,25642.788985855634,0.02,True,0.25
2.8760830159570236,175.2225359140667,7.17840502531446,3.711449162886514,75.99088773175333,12.817413071999999,2000.0,0.6234047884931877,0.461170925486185,230.0,230.0,230.00000068065262,2.452810661041165,2.4528126610411647,136.70048584617953,0.5,200085.81405942552,,0.0,False,"{""Q"":2000.0,""T_hs"":230.0,""b_res"":0.5,""cavity_tracking"":""per_T_hs"",""current_uA"":0.02,""geometry_type"":""isolated_dot"",""height_nm"":3.0,""orientation"":""c_plane"",""polarity"":1,""radius_nm"":10.0,""regime"":""deterministic_pair"",""screening_fraction"":1.0,""sensitivity_axis"":""b_res"",""sensitivity_baseline"":""REF_pass_c_plane_screened_SET"",""sensitivity_value"":0.5,""shape"":""disc"",""strain_fraction"":1.0,""top_radius_fraction"":1.0,""x_in"":0.25}",nitride-cavity-set-design.yaml,fcfe392039c4c5f7afbce970c759eb2cbc19907ee39afe6bda38e183ee97b044,2.4528106616381686,current_controlled,2.8760830161605138,per_T_hs,400171.62811885105,400171.62811885105,0.0,True,0.02,deterministic_pair,depleted,-1.762638923707982e-07,,False,136.70048584617953,3.0,10.0,True,True,0.1,source,136.70048584617953,1,False,0.5555555555555555,0.5555555555555555,0.9117781759282718,1.8235563518565436,6.768036695574354,6.545113040055558,12.5,isolated_dot,False,False,3.0,True,0.0,[],,7.9077295367379214,3.9538647683689607,,1.4380415080666438,431.0869947498506,0.05002145351485637,0.05002145351485637,0.0,1.641994347041131e-11,,10000000000.0,True,False,3.4396357544776124,gan_barrier,c_plane,0.9117781759282718,True,ingan_gan_planar,1,,3.884081592483214e-10,"{""nitride"": ""[A/E/DR] planar integration; cavity/transport inputs retain module provenance""}",,0.1641994347041131,10.0,deterministic_pair,80000000.0,3.4396357544776124,gan_barrier,563.5527385205887,0.02,0.6666666666666667,SE07709,sensitivity,1.0,b_res,REF_pass_c_plane_screened_SET,0.5,5.285087763377385e-18,1.5295281135357035,30.31504311247509,38.74045864977526,18921161667.91825,False,1.0,0.7647640567678519,5.0,disc,400171.62811885105,[],True,1.0,10.0,,,1.0967579904859102,0.15278574928806907,self_consistent,1.0,600257.4421782765,0.02,True,0.25
2.8527648642293184,175.33668070979795,3.975647301607068,3.2863938816415086,75.99088773175333,12.817413071999999,2000.0,0.08233356678832304,0.06904504482896266,300.0,300.0,300.0000006829321,2.3868912982517547,2.3868932982517546,135.7856562112328,0.5,12821.394492927817,,0.0,False,"{""Q"":2000.0,""T_hs"":300.0,""b_res"":0.5,""cavity_tracking"":""per_T_hs"",""current_uA"":0.02,""geometry_type"":""isolated_dot"",""height_nm"":3.0,""orientation"":""c_plane"",""polarity"":1,""radius_nm"":10.0,""regime"":""deterministic_pair"",""screening_fraction"":1.0,""sensitivity_axis"":""b_res"",""sensitivity_baseline"":""REF_pass_c_plane_screened_SET"",""sensitivity_value"":0.5,""shape"":""disc"",""strain_fraction"":1.0,""top_radius_fraction"":1.0,""x_in"":0.25}",nitride-cavity-set-design.yaml,fcfe392039c4c5f7afbce970c759eb2cbc19907ee39afe6bda38e183ee97b044,2.386891298935645,current_controlled,2.8527648644847616,per_T_hs,25642.788985855634,25642.788985855634,0.0,True,0.02,deterministic_pair,depleted,-2.2812596256471807e-07,,False,135.7856562112328,3.0,10.0,True,True,0.1,source,135.7856562112328,1,False,0.5555555555555556,0.5555555555555556,0.9117230314340268,1.8234460628680536,5.992561984512869,3.6246892097337047,12.5,isolated_dot,False,False,3.0,True,0.0,[],,80.79950252000809,40.399751260004045,,1.4263824322287222,434.61064721678224,0.0032053486232319537,0.0032053486232319537,0.0,4.610103270101685e-10,,10000000000.0,True,False,3.4126017696256388,gan_barrier,c_plane,0.9117230314340268,True,ingan_gan_planar,1,,3.778979081712954e-10,"{""nitride"": ""[A/E/DR] planar integration; cavity/transport inputs retain module provenance""}",,4.610103270101685,10.0,deterministic_pair,80000000.0,3.4126017696256388,gan_barrier,559.8369053963204,0.02,0.6666666666666666,SE07710,sensitivity,1.0,b_res,REF_pass_c_plane_screened_SET,0.5,5.285087763377385e-18,1.1726382211781896,30.31504311247509,38.74045864977526,18921161667.91825,False,1.0,0.5863191105890947,5.0,disc,25642.788985855634,[],True,1.0,10.0,,,1.096824326601824,0.2758857220957344,self_consistent,1.0,38464.18347878345,0.02,True,0.25
2.8760830159570236,175.2225359140667,4.2648469541194505,3.4058548472183627,6.345239125601403,12.817413071999999,167.0,0.4958386527284695,0.43990290881478045,230.0,230.0,230.00000068065262,2.452810661041165,2.4528126610411647,136.70048584617953,,165111.54461871076,,0.0,False,"{""Q"":167.0,""T_hs"":230.0,""cavity_tracking"":""per_T_hs"",""current_uA"":0.02,""geometry_type"":""isolated_dot"",""height_nm"":3.0,""orientation"":""c_plane"",""polarity"":1,""radius_nm"":10.0,""regime"":""deterministic_pair"",""screening_fraction"":1.0,""sensitivity_axis"":""Q_purcell"",""sensitivity_baseline"":""REF_pass_c_plane_screened_SET"",""sensitivity_value"":167.0,""shape"":""disc"",""strain_fraction"":1.0,""top_radius_fraction"":1.0,""x_in"":0.25}",nitride-cavity-set-design.yaml,fcfe392039c4c5f7afbce970c759eb2cbc19907ee39afe6bda38e183ee97b044,2.4528106616381686,current_controlled,2.8760830161605138,per_T_hs,1651115.4461871076,1651115.4461871076,0.0,True,0.02,deterministic_pair,depleted,-1.762638923707982e-07,,False,136.70048584617953,3.0,10.0,True,True,0.1,source,136.70048584617953,1,False,0.17355371900826433,0.17355371900826433,0.9117781759282718,1.8235563518565436,6.210768240146443,3.8885943764402784,12.5,isolated_dot,False,False,3.0,True,0.0,[],,7.9077295367379214,3.9538647683689607,,17.22205398882208,431.0869947498506,0.20638943077338842,0.20638943077338842,0.0,1.641994347041131e-11,,10000000000.0,True,True,3.4396357544776124,gan_barrier,c_plane,0.9117781759282718,True,ingan_gan_planar,1,,3.884081592483214e-10,"{""nitride"": ""[A/E/DR] planar integration; cavity/transport inputs retain module provenance""}",,0.1641994347041131,10.0,deterministic_pair,80000000.0,3.4396357544776124,gan_barrier,563.5527385205887,0.02,0.9090909090909092,SE07711,sensitivity,1.0,Q_purcell,REF_pass_c_plane_screened_SET,167.0,5.285087763377385e-18,1.5295281135357035,30.31504311247509,38.74045864977526,18921161667.91825,False,1.0,0.7647640567678519,5.0,disc,1651115.4461871076,[],True,1.0,10.0,,,1.0967579904859102,0.25716233250211773,self_consistent,1.0,1816226.9908058182,0.02,True,0.25
2.8527648642293184,175.33668070979795,3.0811640044265443,2.8137119711135004,6.345239125601403,12.817413071999999,167.0,0.06501361807813001,0.05970723599287041,300.0,300.0,300.0000006829321,2.3868912982517547,2.3868932982517546,135.7856562112328,,15558.525131821043,,0.0,False,"{""Q"":167.0,""T_hs"":300.0,""cavity_tracking"":""per_T_hs"",""current_uA"":0.02,""geometry_type"":""isolated_dot"",""height_nm"":3.0,""orientation"":""c_plane"",""polarity"":1,""radius_nm"":10.0,""regime"":""deterministic_pair"",""screening_fraction"":1.0,""sensitivity_axis"":""Q_purcell"",""sensitivity_baseline"":""REF_pass_c_plane_screened_SET"",""sensitivity_value"":167.0,""shape"":""disc"",""strain_fraction"":1.0,""top_radius_fraction"":1.0,""x_in"":0.25}",nitride-cavity-set-design.yaml,fcfe392039c4c5f7afbce970c759eb2cbc19907ee39afe6bda38e183ee97b044,2.386891298935645,current_controlled,2.8527648644847616,per_T_hs,155585.25131821044,155585.25131821044,0.0,True,0.02,deterministic_pair,depleted,-2.2812596256471807e-07,,False,135.7856562112328,3.0,10.0,True,True,0.1,source,135.7856562112328,1,False,0.17355371900826455,0.17355371900826455,0.9117230314340268,1.8234460628680536,5.130652015771623,2.809168186461174,12.5,isolated_dot,False,False,3.0,True,0.0,[],,80.79950252000809,40.399751260004045,,17.082424338068527,434.61064721678224,0.019448156414776305,0.019448156414776305,0.0,4.610103270101685e-10,,10000000000.0,True,True,3.4126017696256388,gan_barrier,c_plane,0.9117230314340268,True,ingan_gan_planar,1,,3.778979081712954e-10,"{""nitride"": ""[A/E/DR] planar integration; cavity/transport inputs retain module provenance""}",,4.610103270101685,10.0,deterministic_pair,80000000.0,3.4126017696256388,gan_barrier,559.8369053963204,0.02,0.9090909090909091,SE07712,sensitivity,1.0,Q_purcell,REF_pass_c_plane_screened_SET,167.0,5.285087763377385e-18,1.1726382211781896,30.31504311247509,38.74045864977526,18921161667.91825,False,1.0,0.5863191105890947,5.0,disc,155585.25131821044,[],True,1.0,10.0,,,1.096824326601824,0.3559772621730212,self_consistent,1.0,171143.7764500315,0.02,True,0.25
2.8760830159570236,175.2225359140667,5.96690827924139,3.719575186994834,18.997721932938333,12.817413071999999,500.0,0.5791236304889953,0.46171443761635955,230.0,230.0,230.00000068065262,2.452810661041165,2.4528126610411647,136.70048584617953,,113703.24352100825,,0.0,False,"{""Q"":500.0,""T_hs"":230.0,""cavity_tracking"":""per_T_hs"",""current_uA"":0.02,""geometry_type"":""isolated_dot"",""height_nm"":3.0,""orientation"":""c_plane"",""polarity"":1,""radius_nm"":10.0,""regime"":""deterministic_pair"",""screening_fraction"":1.0,""sensitivity_axis"":""Q_purcell"",""sensitivity_baseline"":""REF_pass_c_plane_screened_SET"",""sensitivity_value"":500.0,""shape"":""disc"",""strain_fraction"":1.0,""top_radius_fraction"":1.0,""x_in"":0.25}",nitride-cavity-set-design.yaml,fcfe392039c4c5f7afbce970c759eb2cbc19907ee39afe6bda38e183ee97b044,2.4528106616381686,current_controlled,2.8760830161605138,per_T_hs,1137032.4352100824,1137032.4352100824,0.0,True,0.02,deterministic_pair,depleted,-1.762638923707982e-07,,False,136.70048584617953,3.0,10.0,True,True,0.1,source,136.70048584617953,1,False,0.17355371900826455,0.17355371900826455,0.9117781759282718,1.8235563518565436,6.782854958452421,5.440496746778018,12.5,isolated_dot,False,False,3.0,True,0.0,[],,7.9077295367379214,3.9538647683689607,,5.752166032266575,431.0869947498506,0.1421290544012603,0.1421290544012603,0.0,1.641994347041131e-11,,10000000000.0,True,True,3.4396357544776124,gan_barrier,c_plane,0.9117781759282718,True,ingan_gan_planar,1,,3.884081592483214e-10,"{""nitride"": ""[A/E/DR] planar integration; cavity/transport inputs retain module provenance""}",,0.1641994347041131,10.0,deterministic_pair,80000000.0,3.4396357544776124,gan_barrier,563.5527385205887,0.02,0.9090909090909091,SE07713,sensitivity,1.0,Q_purcell,REF_pass_c_plane_screened_SET,500.0,5.285087763377385e-18,1.5295281135357035,30.31504311247509,38.74045864977526,18921161667.91825,False,1.0,0.7647640567678519,5.0,disc,1137032.4352100824,[],True,1.0,10.0,,,1.0967579904859102,0.18380674532931612,self_consistent,1.0,1250735.6787310909,0.02,True,0.25
2.8527648642293184,175.33668070979795,3.6628339536403494,3.145009683237803,18.997721932938333,12.817413071999999,500.0,0.07634997713402993,0.06627150511450428,300.0,300.0,300.0000006829321,2.3868912982517547,2.3868932982517546,135.7856562112328,,8342.784112599433,,0.0,False,"{""Q"":500.0,""T_hs"":300.0,""cavity_tracking"":""per_T_hs"",""current_uA"":0.02,""geometry_type"":""isolated_dot"",""height_nm"":3.0,""orientation"":""c_plane"",""polarity"":1,""radius_nm"":10.0,""regime"":""deterministic_pair"",""screening_fraction"":1.0,""sensitivity_axis"":""Q_purcell"",""sensitivity_baseline"":""REF_pass_c_plane_screened_SET"",""sensitivity_value"":500.0,""shape"":""disc"",""strain_fraction"":1.0,""top_radius_fraction"":1.0,""x_in"":0.25}",nitride-cavity-set-design.yaml,fcfe392039c4c5f7afbce970c759eb2cbc19907ee39afe6bda38e183ee97b044,2.386891298935645,current_controlled,2.8527648644847616,per_T_hs,83427.84112599432,83427.84112599432,0.0,True,0.02,deterministic_pair,depleted,-2.2812596256471807e-07,,False,135.7856562112328,3.0,10.0,True,True,0.1,source,135.7856562112328,1,False,0.17355371900826455,0.17355371900826455,0.9117230314340268,1.8234460628680536,5.734755524581876,3.339490075852461,12.5,isolated_dot,False,False,3.0,True,0.0,[],,80.79950252000809,40.399751260004045,,5.705529728914889,434.61064721678224,0.01042848014074929,0.01042848014074929,0.0,4.610103270101685e-10,,10000000000.0,True,True,3.4126017696256388,gan_barrier,c_plane,0.9117230314340268,True,ingan_gan_planar,1,,3.778979081712954e-10,"{""nitride"": ""[A/E/DR] planar integration; cavity/transport inputs retain module provenance""}",,4.610103270101685,10.0,deterministic_pair,80000000.0,3.4126017696256388,gan_barrier,559.8369053963204,0.02,0.9090909090909091,SE07714,sensitivity,1.0,Q_purcell,REF_pass_c_plane_screened_SET,500.0,5.285087763377385e-18,1.1726382211781896,30.31504311247509,38.74045864977526,18921161667.91825,False,1.0,0.5863191105890947,5.0,disc,83427.84112599432,[],True,1.0,10.0,,,1.096824326601824,0.29944691473435003,self_consistent,1.0,91770.62523859376,0.02,True,0.25
2.8760830159570236,175.2225359140667,7.608228251280831,3.6832938515317077,379.95443865876666,12.817413071999999,10000.0,0.6369563968893085,0.4592792275442532,230.0,230.0,230.00000068065262,2.452810661041165,2.4528126610411647,136.70048584617953,,8840.631439103978,,0.0,False,"{""Q"":10000.0,""T_hs"":230.0,""cavity_tracking"":""per_T_hs"",""current_uA"":0.02,""geometry_type"":""isolated_dot"",""height_nm"":3.0,""orientation"":""c_plane"",""polarity"":1,""radius_nm"":10.0,""regime"":""deterministic_pair"",""screening_fraction"":1.0,""sensitivity_axis"":""Q_purcell"",""sensitivity_baseline"":""REF_pass_c_plane_screened_SET"",""sensitivity_value"":10000.0,""shape"":""disc"",""strain_fraction"":1.0,""top_radius_fraction"":1.0,""x_in"":0.25}",nitride-cavity-set-design.yaml,fcfe392039c4c5f7afbce970c759eb2cbc19907ee39afe6bda38e183ee97b044,2.4528106616381686,current_controlled,2.8760830161605138,per_T_hs,88406.31439103976,88406.31439103976,0.0,True,0.02,deterministic_pair,depleted,-1.762638923707982e-07,,False,136.70048584617953,3.0,10.0,True,True,0.1,source,136.70048584617953,1,False,0.17355371900826455,0.17355371900826455,0.9117781759282718,1.8235563518565436,6.716693898714799,6.937016476998782,12.5,isolated_dot,False,False,3.0,True,0.0,[],,7.9077295367379214,3.9538647683689607,,0.28760830161332873,431.0869947498506,0.011050789298879971,0.011050789298879971,0.0,1.641994347041131e-11,,10000000000.0,True,True,3.4396357544776124,gan_barrier,c_plane,0.9117781759282718,True,ingan_gan_planar,1,,3.884081592483214e-10,"{""nitride"": ""[A/E/DR] planar integration; cavity/transport inputs retain module provenance""}",,0.1641994347041131,10.0,deterministic_pair,80000000.0,3.4396357544776124,gan_barrier,563.5527385205887,0.02,0.9090909090909091,SE07715,sensitivity,1.0,Q_purcell,REF_pass_c_plane_screened_SET,10000.0,5.285087763377385e-18,1.5295281135357035,30.31504311247509,38.74045864977526,18921161667.91825,False,1.0,0.7647640567678519,5.0,disc,88406.31439103976,[],True,1.0,10.0,,,1.0967579904859102,0.1441541912601364,self_consistent,1.0,97246.94583014376,0.02,True,0.25
2.8527648642293184,175.33668070979795,4.071878056885019,3.324939898153934,379.95443865876666,12.817413071999999,10000.0,0.08415873620234811,0.06979834750868383,300.0,300.0,300.0000006829321,2.3868912982517547,2.3868932982517546,135.7856562112328,,543.7181532723569,,0.0,False,"{""Q"":10000.0,""T_hs"":300.0,""cavity_tracking"":""per_T_hs"",""current_uA"":0.02,""geometry_type"":""isolated_dot"",""height_nm"":3.0,""orientation"":""c_plane"",""polarity"":1,""radius_nm"":10.0,""regime"":""deterministic_pair"",""screening_fraction"":1.0,""sensitivity_axis"":""Q_purcell"",""sensitivity_baseline"":""REF_pass_c_plane_screened_SET"",""sensitivity_value"":10000.0,""shape"":""disc"",""strain_fraction"":1.0,""top_radius_fraction"":1.0,""x_in"":0.25}",nitride-cavity-set-design.yaml,fcfe392039c4c5f7afbce970c759eb2cbc19907ee39afe6bda38e183ee97b044,2.386891298935645,current_controlled,2.8527648644847616,per_T_hs,5437.181532723568,5437.181532723568,0.0,True,0.02,deterministic_pair,depleted,-2.2812596256471807e-07,,False,135.7856562112328,3.0,10.0,True,True,0.1,source,135.7856562112328,1,False,0.17355371900826433,0.17355371900826433,0.9117230314340268,1.8234460628680536,6.062848566561698,3.7124250056529045,12.5,isolated_dot,False,False,3.0,True,0.0,[],,80.79950252000809,40.399751260004045,,0.28527648644574444,434.61064721678224,0.0006796476915904461,0.0006796476915904461,0.0,4.610103270101685e-10,,10000000000.0,True,True,3.4126017696256388,gan_barrier,c_plane,0.9117230314340268,True,ingan_gan_planar,1,,3.778979081712954e-10,"{""nitride"": ""[A/E/DR] planar integration; cavity/transport inputs retain module provenance""}",,4.610103270101685,10.0,deterministic_pair,80000000.0,3.4126017696256388,gan_barrier,559.8369053963204,0.02,0.9090909090909092,SE07716,sensitivity,1.0,Q_purcell,REF_pass_c_plane_screened_SET,10000.0,5.285087763377385e-18,1.1726382211781896,30.31504311247509,38.74045864977526,18921161667.91825,False,1.0,0.5863191105890947,5.0,disc,5437.181532723568,[],True,1.0,10.0,,,1.096824326601824,0.2693657106816438,self_consistent,1.0,5980.899685995924,0.02,True,0.25
2.8760830159570236,175.2225359140667,1.0,1.0,0.0,12.817413071999999,500.0,0.18739109843580273,0.18739109843580273,230.0,230.0,230.00000068065262,2.452810661041165,2.4528126610411647,136.70048584617953,,36791.756677454716,,0.0,False,"{""Q"":500.0,""T_hs"":230.0,""cavity_tracking"":""per_T_hs"",""current_uA"":0.02,""geometry_type"":""isolated_dot"",""height_nm"":3.0,""orientation"":""c_plane"",""polarity"":1,""purcell_enabled"":false,""radius_nm"":10.0,""regime"":""deterministic_pair"",""screening_fraction"":1.0,""sensitivity_axis"":""Q_purcell"",""sensitivity_baseline"":""REF_pass_c_plane_screened_SET"",""sensitivity_value"":500.0,""shape"":""disc"",""strain_fraction"":1.0,""top_radius_fraction"":1.0,""x_in"":0.25}",nitride-cavity-set-design.yaml,fcfe392039c4c5f7afbce970c759eb2cbc19907ee39afe6bda38e183ee97b044,2.4528106616381686,current_controlled,2.8760830161605138,per_T_hs,367917.5667745471,367917.5667745471,0.0,True,0.02,deterministic_pair,depleted,-1.762638923707982e-07,,False,136.70048584617953,3.0,10.0,True,True,0.1,source,136.70048584617953,1,False,0.17355371900826433,0.17355371900826433,0.9117781759282718,1.8235563518565436,1.8235563518565436,0.9117781759282718,12.5,isolated_dot,False,False,3.0,True,0.0,[],,7.9077295367379214,3.9538647683689607,,5.752166032266575,431.0869947498506,0.04598969584681839,0.04598969584681839,0.0,1.641994347041131e-11,,10000000000.0,True,True,3.4396357544776124,gan_barrier,c_plane,0.9117781759282718,True,ingan_gan_planar,1,,3.884081592483214e-10,"{""nitride"": ""[A/E/DR] planar integration; cavity/transport inputs retain module provenance""}",False,0.1641994347041131,10.0,deterministic_pair,80000000.0,3.4396357544776124,gan_barrier,563.5527385205887,0.02,0.9090909090909092,SE07717,sensitivity,1.0,Q_purcell,REF_pass_c_plane_screened_SET,500.0,5.285087763377385e-18,1.5295281135357035,30.31504311247509,38.74045864977526,18921161667.91825,False,1.0,0.7647640567678519,5.0,disc,367917.5667745471,[],True,1.0,10.0,,,1.0967579904859102,1.0967579904859102,self_consistent,1.0,404709.32345200184,0.02,True,0.25
2.8527648642293184,175.33668070979795,1.0,1.0,0.0,12.817413071999999,500.0,0.022069486675835824,0.022069486675835824,300.0,300.0,300.0000006829321,2.3868912982517547,2.3868932982517546,135.7856562112328,,2411.5392004527985,,0.0,False,"{""Q"":500.0,""T_hs"":300.0,""cavity_tracking"":""per_T_hs"",""current_uA"":0.02,""geometry_type"":""isolated_dot"",""height_nm"":3.0,""orientation"":""c_plane"",""polarity"":1,""purcell_enabled"":false,""radius_nm"":10.0,""regime"":""deterministic_pair"",""screening_fraction"":1.0,""sensitivity_axis"":""Q_purcell"",""sensitivity_baseline"":""REF_pass_c_plane_screened_SET"",""sensitivity_value"":500.0,""shape"":""disc"",""strain_fraction"":1.0,""top_radius_fraction"":1.0,""x_in"":0.25}",nitride-cavity-set-design.yaml,fcfe392039c4c5f7afbce970c759eb2cbc19907ee39afe6bda38e183ee97b044,2.386891298935645,current_controlled,2.8527648644847616,per_T_hs,24115.392004527985,24115.392004527985,0.0,True,0.02,deterministic_pair,depleted,-2.2812596256471807e-07,,False,135.7856562112328,3.0,10.0,True,True,0.1,source,135.7856562112328,1,False,0.17355371900826455,0.17355371900826455,0.9117230314340268,1.8234460628680536,1.8234460628680536,0.9117230314340268,12.5,isolated_dot,False,False,3.0,True,0.0,[],,80.79950252000809,40.399751260004045,,5.705529728914889,434.61064721678224,0.0030144240005659977,0.0030144240005659977,0.0,4.610103270101685e-10,,10000000000.0,True,True,3.4126017696256388,gan_barrier,c_plane,0.9117230314340268,True,ingan_gan_planar,1,,3.778979081712954e-10,"{""nitride"": ""[A/E/DR] planar integration; cavity/transport inputs retain module provenance""}",False,4.610103270101685,10.0,deterministic_pair,80000000.0,3.4126017696256388,gan_barrier,559.8369053963204,0.02,0.9090909090909091,SE07718,sensitivity,1.0,Q_purcell,REF_pass_c_plane_screened_SET,500.0,5.285087763377385e-18,1.1726382211781896,30.31504311247509,38.74045864977526,18921161667.91825,False,1.0,0.5863191105890947,5.0,disc,24115.392004527985,[],True,1.0,10.0,,,1.096824326601824,1.096824326601824,self_consistent,1.0,26526.931204980785,0.02,True,0.25
2.8760830159570236,175.2225359140667,7.17840502531446,3.711449162886514,75.99088773175333,12.817413071999999,2000.0,0.6234047884931877,0.461170925486185,230.0,230.0,230.00000068065262,2.452810661041165,2.4528126610411647,136.70048584617953,,40017.16281188511,,0.0,False,"{""Q"":2000.0,""T_hs"":230.0,""cavity_tracking"":""per_T_hs"",""current_uA"":0.02,""detuning_offset_meV"":0.0,""geometry_type"":""isolated_dot"",""height_nm"":3.0,""orientation"":""c_plane"",""polarity"":1,""radius_nm"":10.0,""regime"":""deterministic_pair"",""screening_fraction"":1.0,""sensitivity_axis"":""detuning_offset_meV"",""sensitivity_baseline"":""REF_pass_c_plane_screened_SET"",""sensitivity_value"":0.0,""shape"":""disc"",""strain_fraction"":1.0,""top_radius_fraction"":1.0,""x_in"":0.25}",nitride-cavity-set-design.yaml,fcfe392039c4c5f7afbce970c759eb2cbc19907ee39afe6bda38e183ee97b044,2.4528106616381686,current_controlled,2.8760830161605138,per_T_hs,400171.62811885105,400171.62811885105,0.0,True,0.02,deterministic_pair,depleted,-1.762638923707982e-07,0.0,False,136.70048584617953,3.0,10.0,True,True,0.1,source,136.70048584617953,1,False,0.17355371900826455,0.17355371900826455,0.9117781759282718,1.8235563518565436,6.768036695574354,6.545113040055558,12.5,isolated_dot,False,False,3.0,True,0.0,[],,7.9077295367379214,3.9538647683689607,,1.4380415080666438,431.0869947498506,0.05002145351485637,0.05002145351485637,0.0,1.641994347041131e-11,,10000000000.0,True,True,3.4396357544776124,gan_barrier,c_plane,0.9117781759282718,True,ingan_gan_planar,1,,3.884081592483214e-10,"{""nitride"": ""[A/E/DR] planar integration; cavity/transport inputs retain module provenance""}",,0.1641994347041131,10.0,deterministic_pair,80000000.0,3.4396357544776124,gan_barrier,563.5527385205887,0.02,0.9090909090909091,SE07719,sensitivity,1.0,detuning_offset_meV,REF_pass_c_plane_screened_SET,0.0,5.285087763377385e-18,1.5295281135357035,30.31504311247509,38.74045864977526,18921161667.91825,False,1.0,0.7647640567678519,5.0,disc,400171.62811885105,[],True,1.0,10.0,,,1.0967579904859102,0.15278574928806907,self_consistent,1.0,440188.79093073617,0.02,True,0.25
2.8527648642293184,175.33668070979795,3.975647301607068,3.2863938816415086,75.99088773175333,12.817413071999999,2000.0,0.08233356678832304,0.06904504482896266,300.0,300.0,300.0000006829321,2.3868912982517547,2.3868932982517546,135.7856562112328,,2564.2788985855636,,0.0,False,"{""Q"":2000.0,""T_hs"":300.0,""cavity_tracking"":""per_T_hs"",""current_uA"":0.02,""detuning_offset_meV"":0.0,""geometry_type"":""isolated_dot"",""height_nm"":3.0,""orientation"":""c_plane"",""polarity"":1,""radius_nm"":10.0,""regime"":""deterministic_pair"",""screening_fraction"":1.0,""sensitivity_axis"":""detuning_offset_meV"",""sensitivity_baseline"":""REF_pass_c_plane_screened_SET"",""sensitivity_value"":0.0,""shape"":""disc"",""strain_fraction"":1.0,""top_radius_fraction"":1.0,""x_in"":0.25}",nitride-cavity-set-design.yaml,fcfe392039c4c5f7afbce970c759eb2cbc19907ee39afe6bda38e183ee97b044,2.386891298935645,current_controlled,2.8527648644847616,per_T_hs,25642.788985855634,25642.788985855634,0.0,True,0.02,deterministic_pair,depleted,-2.2812596256471807e-07,0.0,False,135.7856562112328,3.0,10.0,True,True,0.1,source,135.7856562112328,1,False,0.17355371900826433,0.17355371900826433,0.9117230314340268,1.8234460628680536,5.992561984512869,3.6246892097337047,12.5,isolated_dot,False,False,3.0,True,0.0,[],,80.79950252000809,40.399751260004045,,1.4263824322287222,434.61064721678224,0.0032053486232319537,0.0032053486232319537,0.0,4.610103270101685e-10,,10000000000.0,True,True,3.4126017696256388,gan_barrier,c_plane,0.9117230314340268,True,ingan_gan_planar,1,,3.778979081712954e-10,"{""nitride"": ""[A/E/DR] planar integration; cavity/transport inputs retain module provenance""}",,4.610103270101685,10.0,deterministic_pair,80000000.0,3.4126017696256388,gan_barrier,559.8369053963204,0.02,0.9090909090909092,SE07720,sensitivity,1.0,detuning_offset_meV,REF_pass_c_plane_screened_SET,0.0,5.285087763377385e-18,1.1726382211781896,30.31504311247509,38.74045864977526,18921161667.91825,False,1.0,0.5863191105890947,5.0,disc,25642.788985855634,[],True,1.0,10.0,,,1.096824326601824,0.2758857220957344,self_consistent,1.0,28207.067884441196,0.02,True,0.25
2.8760830159570236,175.2225359140667,3.7019280650527646,2.00673942131124,75.99088773175333,12.817413071999999,2000.0,0.46053270527757834,0.31636212264995267,230.0,230.0,230.00000068065262,2.452810661041165,2.4528126610411647,136.70048584617953,,2231.087181166967,,0.0,False,"{""Q"":2000.0,""T_hs"":230.0,""cavity_tracking"":""per_T_hs"",""current_uA"":0.02,""detuning_offset_meV"":10.0,""geometry_type"":""isolated_dot"",""height_nm"":3.0,""orientation"":""c_plane"",""polarity"":1,""radius_nm"":10.0,""regime"":""deterministic_pair"",""screening_fraction"":1.0,""sensitivity_axis"":""detuning_offset_meV"",""sensitivity_baseline"":""REF_pass_c_plane_screened_SET"",""sensitivity_value"":10.0,""shape"":""disc"",""strain_fraction"":1.0,""top_radius_fraction"":1.0,""x_in"":0.25}",nitride-cavity-set-design.yaml,fcfe392039c4c5f7afbce970c759eb2cbc19907ee39afe6bda38e183ee97b044,2.4528106616381686,current_controlled,2.8760830161605138,per_T_hs,22310.87181166967,22310.87181166967,0.0,True,0.02,deterministic_pair,depleted,9.999999823735894,10.0,False,136.70048584617953,3.0,10.0,True,True,0.1,source,136.70048584617953,1,False,0.17355371900826455,0.17355371900826455,0.9117781759282718,1.8235563518565436,3.6594024182530367,3.3753372185714863,12.5,isolated_dot,False,False,3.0,True,0.0,[],,7.9077295367379214,3.9538647683689607,,1.4330415080666439,431.0869947498506,0.0027888589764587086,0.0027888589764587086,0.0,1.641994347041131e-11,,10000000000.0,True,True,3.4396357544776124,gan_barrier,c_plane,0.9117781759282718,True,ingan_gan_planar,1,,3.884081592483214e-10,"{""nitride"": ""[A/E/DR] planar integration; cavity/transport inputs retain module provenance""}",,0.1641994347041131,10.0,deterministic_pair,80000000.0,3.4396357544776124,gan_barrier,563.5527385205887,0.02,0.9090909090909091,SE07721,sensitivity,1.0,detuning_offset_meV,REF_pass_c_plane_screened_SET,10.0,5.285087763377385e-18,1.5295281135357035,30.31504311247509,38.74045864977526,18921161667.91825,False,1.0,0.7647640567678519,5.0,disc,22310.87181166967,[],True,1.0,10.0,,,1.0967579904859102,0.2962666943314248,self_consistent,1.0,24541.958992836637,0.02,True,0.25
2.8527648642293184,175.33668070979795,3.2785470824745673,2.3442431354424262,75.99088773175333,12.817413071999999,2000.0,0.06889154577266887,0.050245618150497884,300.0,300.0,300.0000006829321,2.3868912982517547,2.3868932982517546,135.7856562112328,,1629.6641000198547,,0.0,False,"{""Q"":2000.0,""T_hs"":300.0,""cavity_tracking"":""per_T_hs"",""current_uA"":0.02,""detuning_offset_meV"":10.0,""geometry_type"":""isolated_dot"",""height_nm"":3.0,""orientation"":""c_plane"",""polarity"":1,""radius_nm"":10.0,""regime"":""deterministic_pair"",""screening_fraction"":1.0,""sensitivity_axis"":""detuning_offset_meV"",""sensitivity_baseline"":""REF_pass_c_plane_screened_SET"",""sensitivity_value"":10.0,""shape"":""disc"",""strain_fraction"":1.0,""top_radius_fraction"":1.0,""x_in"":0.25}",nitride-cavity-set-design.yaml,fcfe392039c4c5f7afbce970c759eb2cbc19907ee39afe6bda38e183ee97b044,2.386891298935645,current_controlled,2.8527648644847616,per_T_hs,16296.641000198546,16296.641000198546,0.0,True,0.02,deterministic_pair,depleted,9.999999771873824,10.0,False,135.7856562112328,3.0,10.0,True,True,0.1,source,135.7856562112328,1,False,0.17355371900826455,0.17355371900826455,0.9117230314340268,1.8234460628680536,4.274600915727953,2.989126884732897,12.5,isolated_dot,False,False,3.0,True,0.0,[],,80.79950252000809,40.399751260004045,,1.4213824322287223,434.61064721678224,0.0020370801250248183,0.0020370801250248183,0.0,4.610103270101685e-10,,10000000000.0,True,True,3.4126017696256388,gan_barrier,c_plane,0.9117230314340268,True,ingan_gan_planar,1,,3.778979081712954e-10,"{""nitride"": ""[A/E/DR] planar integration; cavity/transport inputs retain module provenance""}",,4.610103270101685,10.0,deterministic_pair,80000000.0,3.4126017696256388,gan_barrier,559.8369053963204,0.02,0.9090909090909091,SE07722,sensitivity,1.0,detuning_offset_meV,REF_pass_c_plane_screened_SET,10.0,5.285087763377385e-18,1.1726382211781896,30.31504311247509,38.74045864977526,18921161667.91825,False,1.0,0.5863191105890947,5.0,disc,16296.641000198546,[],True,1.0,10.0,,,1.096824326601824,0.3345458518698373,self_consistent,1.0,17926.305100218404,0.02,True,0.25
2.8760830159570236,175.2225359140667,7.17840502531446,3.711449162886514,75.99088773175333,12.817413071999999,2000.0,0.14202645220929452,0.07883989184887888,230.0,230.0,230.00000068065262,2.452810661041165,2.4528126610411647,136.70048584617953,,9116.86237667689,,0.0,False,"{""Q"":2000.0,""T_hs"":230.0,""cavity_tracking"":""per_T_hs"",""current_uA"":0.02,""geometry_type"":""isolated_dot"",""height_nm"":3.0,""n_dot_cm2"":1000000000.0,""orientation"":""c_plane"",""polarity"":1,""radius_nm"":10.0,""regime"":""deterministic_pair"",""screening_fraction"":1.0,""sensitivity_axis"":""tau_cap_density_convention"",""sensitivity_baseline"":""REF_pass_c_plane_screened_SET"",""sensitivity_value"":false,""shape"":""disc"",""strain_fraction"":1.0,""tau_cap_scales_with_density"":false,""top_radius_fraction"":1.0,""x_in"":0.25}",nitride-cavity-set-design.yaml,fcfe392039c4c5f7afbce970c759eb2cbc19907ee39afe6bda38e183ee97b044,2.4528106616381686,current_controlled,2.8760830161605138,per_T_hs,91168.62376676891,91168.62376676891,0.0,True,0.02,deterministic_pair,depleted,-1.762638923707982e-07,,False,136.70048584617953,3.0,10.0,True,True,0.1,source,136.70048584617953,1,False,0.17355371900826455,0.17355371900826455,0.9117781759282718,1.8235563518565436,6.768036695574354,6.545113040055558,12.5,isolated_dot,False,False,3.0,True,0.0,[],,79.07729536737922,39.53864768368961,,1.4380415080666438,431.0869947498506,0.011396077970846113,0.011396077970846113,0.0,1.507649355010493e-11,1000000000.0,1000000000.0,True,True,3.4396357544776124,gan_barrier,c_plane,0.9117781759282718,True,ingan_gan_planar,1,,3.884081592483214e-10,"{""nitride"": ""[A/E/DR] planar integration; cavity/transport inputs retain module provenance""}",,0.15076493550104927,10.0,deterministic_pair,80000000.0,3.4396357544776124,gan_barrier,563.5527385205887,0.02,0.9090909090909091,SE07723,sensitivity,1.0,tau_cap_density_convention,REF_pass_c_plane_screened_SET,False,5.285087763377385e-18,1.5295281135357035,30.31504311247509,38.74045864977526,18921161667.91825,False,1.0,0.7647640567678519,5.0,disc,91168.62376676891,[],True,1.0,10.0,False,,1.0967579904859102,0.15278574928806907,self_consistent,1.0,100285.4861434458,0.02,True,0.25
2.8527648642293184,175.33668070979795,3.975647301607068,3.2863938816415086,75.99088773175333,12.817413071999999,2000.0,0.008892276214692657,0.007361982023878078,300.0,300.0,300.0000006829321,2.3868912982517547,2.3868932982517546,135.7856562112328,,276.94993849051383,,0.0,False,"{""Q"":2000.0,""T_hs"":300.0,""cavity_tracking"":""per_T_hs"",""current_uA"":0.02,""geometry_type"":""isolated_dot"",""height_nm"":3.0,""n_dot_cm2"":1000000000.0,""orientation"":""c_plane"",""polarity"":1,""radius_nm"":10.0,""regime"":""deterministic_pair"",""screening_fraction"":1.0,""sensitivity_axis"":""tau_cap_density_convention"",""sensitivity_baseline"":""REF_pass_c_plane_screened_SET"",""sensitivity_value"":false,""shape"":""disc"",""strain_fraction"":1.0,""tau_cap_scales_with_density"":false,""top_radius_fraction"":1.0,""x_in"":0.25}",nitride-cavity-set-design.yaml,fcfe392039c4c5f7afbce970c759eb2cbc19907ee39afe6bda38e183ee97b044,2.386891298935645,current_controlled,2.8527648644847616,per_T_hs,2769.4993849051384,2769.4993849051384,0.0,True,0.02,deterministic_pair,depleted,-2.2812596256471807e-07,,False,135.7856562112328,3.0,10.0,True,True,0.1,source,135.7856562112328,1,False,0.17355371900826455,0.17355371900826455,0.9117230314340268,1.8234460628680536,5.992561984512869,3.6246892097337047,12.5,isolated_dot,False,False,3.0,True,0.0,[],,807.9950252000808,403.9975126000404,,1.4263824322287222,434.61064721678224,0.00034618742311314226,0.00034618742311314226,0.0,4.2329130025479116e-10,1000000000.0,1000000000.0,True,True,3.4126017696256388,gan_barrier,c_plane,0.9117230314340268,True,ingan_gan_planar,1,,3.778979081712954e-10,"{""nitride"": ""[A/E/DR] planar integration; cavity/transport inputs retain module provenance""}",,4.232913002547911,10.0,deterministic_pair,80000000.0,3.4126017696256388,gan_barrier,559.8369053963204,0.02,0.9090909090909091,SE07724,sensitivity,1.0,tau_cap_density_convention,REF_pass_c_plane_screened_SET,False,5.285087763377385e-18,1.1726382211781896,30.31504311247509,38.74045864977526,18921161667.91825,False,1.0,0.5863191105890947,5.0,disc,2769.4993849051384,[],True,1.0,10.0,False,,1.096824326601824,0.2758857220957344,self_consistent,1.0,3046.4493233956523,0.02,True,0.25
2.8760830159570236,175.2225359140667,7.17840502531446,3.711449162886514,75.99088773175333,12.817413071999999,2000.0,0.6234047884931876,0.46117092548618493,230.0,230.0,230.00000068065262,2.452810661041165,2.4528126610411647,136.70048584617953,,40017.1628118851,,0.0,False,"{""Q"":2000.0,""T_hs"":230.0,""cavity_tracking"":""per_T_hs"",""current_uA"":0.02,""geometry_type"":""isolated_dot"",""height_nm"":3.0,""n_dot_cm2"":1000000000.0,""orientation"":""c_plane"",""polarity"":1,""radius_nm"":10.0,""regime"":""deterministic_pair"",""screening_fraction"":1.0,""sensitivity_axis"":""tau_cap_density_convention"",""sensitivity_baseline"":""REF_pass_c_plane_screened_SET"",""sensitivity_value"":true,""shape"":""disc"",""strain_fraction"":1.0,""tau_cap_scales_with_density"":true,""top_radius_fraction"":1.0,""x_in"":0.25}",nitride-cavity-set-design.yaml,fcfe392039c4c5f7afbce970c759eb2cbc19907ee39afe6bda38e183ee97b044,2.4528106616381686,current_controlled,2.8760830161605138,per_T_hs,400171.62811885093,400171.62811885093,0.0,True,0.02,deterministic_pair,depleted,-1.762638923707982e-07,,False,136.70048584617953,3.0,10.0,True,True,0.1,source,136.70048584617953,1,False,0.17355371900826455,0.17355371900826455,0.9117781759282718,1.8235563518565436,6.768036695574354,6.545113040055558,12.5,isolated_dot,False,False,3.0,True,0.0,[],,7.907729536737923,3.9538647683689616,,1.4380415080666438,431.0869947498506,0.050021453514856366,0.050021453514856366,0.0,1.507649355010493e-11,1000000000.0,1000000000.0,True,True,3.4396357544776124,gan_barrier,c_plane,0.9117781759282718,True,ingan_gan_planar,1,,3.884081592483214e-10,"{""nitride"": ""[A/E/DR] planar integration; cavity/transport inputs retain module provenance""}",,0.15076493550104927,10.0,deterministic_pair,80000000.0,3.4396357544776124,gan_barrier,563.5527385205887,0.02,0.9090909090909091,SE07725,sensitivity,1.0,tau_cap_density_convention,REF_pass_c_plane_screened_SET,True,5.285087763377385e-18,1.5295281135357035,30.31504311247509,38.74045864977526,18921161667.91825,False,1.0,0.7647640567678519,5.0,disc,400171.62811885093,[],True,1.0,100.0,True,,1.0967579904859102,0.15278574928806907,self_consistent,1.0,440188.79093073605,0.02,True,0.25
2.8527648642293184,175.33668070979795,3.975647301607068,3.2863938816415086,75.99088773175333,12.817413071999999,2000.0,0.08233356678832304,0.06904504482896266,300.0,300.0,300.0000006829321,2.3868912982517547,2.3868932982517546,135.7856562112328,,2564.2788985855636,,0.0,False,"{""Q"":2000.0,""T_hs"":300.0,""cavity_tracking"":""per_T_hs"",""current_uA"":0.02,""geometry_type"":""isolated_dot"",""height_nm"":3.0,""n_dot_cm2"":1000000000.0,""orientation"":""c_plane"",""polarity"":1,""radius_nm"":10.0,""regime"":""deterministic_pair"",""screening_fraction"":1.0,""sensitivity_axis"":""tau_cap_density_convention"",""sensitivity_baseline"":""REF_pass_c_plane_screened_SET"",""sensitivity_value"":true,""shape"":""disc"",""strain_fraction"":1.0,""tau_cap_scales_with_density"":true,""top_radius_fraction"":1.0,""x_in"":0.25}",nitride-cavity-set-design.yaml,fcfe392039c4c5f7afbce970c759eb2cbc19907ee39afe6bda38e183ee97b044,2.386891298935645,current_controlled,2.8527648644847616,per_T_hs,25642.788985855634,25642.788985855634,0.0,True,0.02,deterministic_pair,depleted,-2.2812596256471807e-07,,False,135.7856562112328,3.0,10.0,True,True,0.1,source,135.7856562112328,1,False,0.17355371900826433,0.17355371900826433,0.9117230314340268,1.8234460628680536,5.992561984512869,3.6246892097337047,12.5,isolated_dot,False,False,3.0,True,0.0,[],,80.79950252000809,40.399751260004045,,1.4263824322287222,434.61064721678224,0.0032053486232319537,0.0032053486232319537,0.0,4.2329130025479116e-10,1000000000.0,1000000000.0,True,True,3.4126017696256388,gan_barrier,c_plane,0.9117230314340268,True,ingan_gan_planar,1,,3.778979081712954e-10,"{""nitride"": ""[A/E/DR] planar integration; cavity/transport inputs retain module provenance""}",,4.232913002547911,10.0,deterministic_pair,80000000.0,3.4126017696256388,gan_barrier,559.8369053963204,0.02,0.9090909090909092,SE07726,sensitivity,1.0,tau_cap_density_convention,REF_pass_c_plane_screened_SET,True,5.285087763377385e-18,1.1726382211781896,30.31504311247509,38.74045864977526,18921161667.91825,False,1.0,0.5863191105890947,5.0,disc,25642.788985855634,[],True,1.0,100.0,True,,1.096824326601824,0.2758857220957344,self_consistent,1.0,28207.067884441196,0.02,True,0.25
2.8527648642293184,175.33668070979795,3.975647301607068,3.2863938816415086,75.99088773175333,12.817413071999999,2000.0,0.08233356678832304,0.06904504482896266,300.0,300.0,300.0000006829321,2.3868912982517547,2.3868932982517546,135.7856562112328,,2564.2788985855636,,0.0,False,"{""Q"":2000.0,""T_hs"":300.0,""cavity_tracking"":""per_T_hs"",""current_uA"":0.02,""geometry_type"":""isolated_dot"",""height_nm"":3.0,""island_radius_nm"":0.5,""orientation"":""c_plane"",""polarity"":1,""radius_nm"":10.0,""regime"":""deterministic_pair"",""screening_fraction"":1.0,""sensitivity_axis"":""island_radius_nm"",""sensitivity_baseline"":""REF_pass_c_plane_screened_SET"",""sensitivity_value"":0.5,""shape"":""disc"",""strain_fraction"":1.0,""top_radius_fraction"":1.0,""x_in"":0.25}",nitride-cavity-set-design.yaml,fcfe392039c4c5f7afbce970c759eb2cbc19907ee39afe6bda38e183ee97b044,2.386891298935645,current_controlled,2.8527648644847616,per_T_hs,25642.788985855634,25642.788985855634,0.0,True,0.02,deterministic_pair,depleted,-2.2812596256471807e-07,,True,135.7856562112328,3.0,10.0,True,True,0.1,source,135.7856562112328,1,False,0.17355371900826433,0.17355371900826433,0.9117230314340268,1.8234460628680536,5.992561984512869,3.6246892097337047,12.5,isolated_dot,True,True,3.0,True,0.0,[],0.5,80.79950252000809,40.399751260004045,,1.4263824322287222,434.61064721678224,0.0032053486232319537,0.0032053486232319537,0.0,4.610103270101685e-10,,10000000000.0,True,True,3.4126017696256388,gan_barrier,c_plane,0.9117230314340268,True,ingan_gan_planar,1,,3.778979081712954e-10,"{""nitride"": ""[A/E/DR] planar integration; cavity/transport inputs retain module provenance""}",,4.610103270101685,10.0,deterministic_pair,80000000.0,3.4126017696256388,gan_barrier,559.8369053963204,0.02,0.9090909090909092,SE07727,sensitivity,1.0,island_radius_nm,REF_pass_c_plane_screened_SET,0.5,5.285087763377385e-19,11.726382211781894,303.15043112475087,38.74045864977526,189211616679.18253,True,0.0,0.5863191105890947,0.5,disc,25642.788985855634,[],True,1.0,10.0,,,1.096824326601824,0.2758857220957344,self_consistent,1.0,28207.067884441196,0.02,True,0.25
2.8527648642293184,175.33668070979795,3.975647301607068,3.2863938816415086,75.99088773175333,12.817413071999999,2000.0,0.08233356678832304,0.06904504482896266,300.0,300.0,300.0000006829321,2.3868912982517547,2.3868932982517546,135.7856562112328,,2564.2788985855636,,0.0,False,"{""Q"":2000.0,""T_hs"":300.0,""cavity_tracking"":""per_T_hs"",""current_uA"":0.02,""geometry_type"":""isolated_dot"",""height_nm"":3.0,""island_radius_nm"":1.0,""orientation"":""c_plane"",""polarity"":1,""radius_nm"":10.0,""regime"":""deterministic_pair"",""screening_fraction"":1.0,""sensitivity_axis"":""island_radius_nm"",""sensitivity_baseline"":""REF_pass_c_plane_screened_SET"",""sensitivity_value"":1.0,""shape"":""disc"",""strain_fraction"":1.0,""top_radius_fraction"":1.0,""x_in"":0.25}",nitride-cavity-set-design.yaml,fcfe392039c4c5f7afbce970c759eb2cbc19907ee39afe6bda38e183ee97b044,2.386891298935645,current_controlled,2.8527648644847616,per_T_hs,25642.788985855634,25642.788985855634,0.0,True,0.02,deterministic_pair,depleted,-2.2812596256471807e-07,,False,135.7856562112328,3.0,10.0,True,True,0.1,source,135.7856562112328,1,False,0.17355371900826433,0.17355371900826433,0.9117230314340268,1.8234460628680536,5.992561984512869,3.6246892097337047,12.5,isolated_dot,False,False,3.0,True,0.0,[],1.0,80.79950252000809,40.399751260004045,,1.4263824322287222,434.61064721678224,0.0032053486232319537,0.0032053486232319537,0.0,4.610103270101685e-10,,10000000000.0,True,True,3.4126017696256388,gan_barrier,c_plane,0.9117230314340268,True,ingan_gan_planar,1,,3.778979081712954e-10,"{""nitride"": ""[A/E/DR] planar integration; cavity/transport inputs retain module provenance""}",,4.610103270101685,10.0,deterministic_pair,80000000.0,3.4126017696256388,gan_barrier,559.8369053963204,0.02,0.9090909090909092,SE07728,sensitivity,1.0,island_radius_nm,REF_pass_c_plane_screened_SET,1.0,1.057017552675477e-18,5.863191105890947,151.57521556237543,38.74045864977526,94605808339.59126,False,1.0,0.5863191105890947,1.0,disc,25642.788985855634,[],True,1.0,10.0,,,1.096824326601824,0.2758857220957344,self_consistent,1.0,28207.067884441196,0.02,True,0.25
2.8527648642293184,175.33668070979795,3.975647301607068,3.2863938816415086,75.99088773175333,12.817413071999999,2000.0,0.08233356678832304,0.06904504482896266,300.0,300.0,300.0000006829321,2.3868912982517547,2.3868932982517546,135.7856562112328,,2564.2788985855636,,0.0,False,"{""Q"":2000.0,""T_hs"":300.0,""cavity_tracking"":""per_T_hs"",""current_uA"":0.02,""geometry_type"":""isolated_dot"",""height_nm"":3.0,""island_radius_nm"":5.0,""orientation"":""c_plane"",""polarity"":1,""radius_nm"":10.0,""regime"":""deterministic_pair"",""screening_fraction"":1.0,""sensitivity_axis"":""island_radius_nm"",""sensitivity_baseline"":""REF_pass_c_plane_screened_SET"",""sensitivity_value"":5.0,""shape"":""disc"",""strain_fraction"":1.0,""top_radius_fraction"":1.0,""x_in"":0.25}",nitride-cavity-set-design.yaml,fcfe392039c4c5f7afbce970c759eb2cbc19907ee39afe6bda38e183ee97b044,2.386891298935645,current_controlled,2.8527648644847616,per_T_hs,25642.788985855634,25642.788985855634,0.0,True,0.02,deterministic_pair,depleted,-2.2812596256471807e-07,,False,135.7856562112328,3.0,10.0,True,True,0.1,source,135.7856562112328,1,False,0.17355371900826433,0.17355371900826433,0.9117230314340268,1.8234460628680536,5.992561984512869,3.6246892097337047,12.5,isolated_dot,False,False,3.0,True,0.0,[],5.0,80.79950252000809,40.399751260004045,,1.4263824322287222,434.61064721678224,0.0032053486232319537,0.0032053486232319537,0.0,4.610103270101685e-10,,10000000000.0,True,True,3.4126017696256388,gan_barrier,c_plane,0.9117230314340268,True,ingan_gan_planar,1,,3.778979081712954e-10,"{""nitride"": ""[A/E/DR] planar integration; cavity/transport inputs retain module provenance""}",,4.610103270101685,10.0,deterministic_pair,80000000.0,3.4126017696256388,gan_barrier,559.8369053963204,0.02,0.9090909090909092,SE07729,sensitivity,1.0,island_radius_nm,REF_pass_c_plane_screened_SET,5.0,5.285087763377385e-18,1.1726382211781896,30.31504311247509,38.74045864977526,18921161667.91825,False,1.0,0.5863191105890947,5.0,disc,25642.788985855634,[],True,1.0,10.0,,,1.096824326601824,0.2758857220957344,self_consistent,1.0,28207.067884441196,0.02,True,0.25
2.8703977343559584,160.30293153197093,7.167183075869723,3.7060361001383866,75.99088773175333,12.817413071999999,2000.0,0.40907307733162707,0.263598499180626,230.0,230.0,230.00000068065262,2.452810661041165,2.4528126610411647,136.70048584617953,,26211.97530452213,,0.0,False,"{""Q"":2000.0,""T_hs"":230.0,""cavity_tracking"":""per_T_hs"",""current_uA"":0.02,""geometry_type"":""isolated_dot"",""height_nm"":3.0,""orientation"":""semipolar_11_22"",""polarity"":1,""polarization_factor"":0.1,""radius_nm"":10.0,""regime"":""deterministic_pair"",""screening_fraction"":0.0,""sensitivity_axis"":""semipolar_factor"",""sensitivity_baseline"":""REF_pass_a_plane_SET"",""sensitivity_value"":0.1,""shape"":""disc"",""strain_fraction"":1.0,""top_radius_fraction"":1.0,""x_in"":0.25}",nitride-cavity-set-design.yaml,fcfe392039c4c5f7afbce970c759eb2cbc19907ee39afe6bda38e183ee97b044,2.4528106616381686,current_controlled,2.870397734561237,per_T_hs,262119.7530452213,262119.7530452213,0.0,True,0.02,deterministic_pair,depleted,-1.780522396188644e-07,,False,136.70048584617953,3.0,10.0,True,True,0.1,source,-267.1529194171426,1,False,0.17355371900826455,0.17355371900826455,0.8106996473247943,1.6213992946495885,6.008964318710292,5.810432791919818,12.5,isolated_dot,False,False,3.0,True,0.0,[],,16.78693299249845,8.393466496249225,,1.4351988672670053,431.94083146048325,0.03276496913065266,0.03276496913065266,0.0,2.1874996752156416e-11,,10000000000.0,True,True,3.4396357544776124,gan_barrier,semipolar_11_22,0.8106996473247943,True,ingan_gan_planar,1,0.1,3.884081592483214e-10,"{""nitride"": ""[A/E/DR] planar integration; cavity/transport inputs retain module provenance""}",,0.21874996752156411,10.0,deterministic_pair,80000000.0,3.4396357544776124,gan_barrier,569.238020121654,0.02,0.9090909090909091,SE07730,sensitivity,0.0,semipolar_factor,REF_pass_a_plane_SET,0.1,5.285087763377385e-18,1.5295281135357035,30.31504311247509,38.74045864977526,18921161667.91825,False,1.0,0.7647640567678519,5.0,disc,262119.7530452213,[],True,1.0,10.0,,,1.233502448533033,0.172104219394919,self_consistent,1.0,288331.7283497434,0.02,True,0.25
2.84699278199336,160.20701527559822,3.9698618881739205,3.2818647866794857,75.99088773175333,12.817413071999999,2000.0,0.04241102411413609,0.0353205874734561,300.0,300.0,300.0000006829321,2.3868912982517547,2.3868932982517546,135.7856562112328,,1318.3392890562818,,0.0,False,"{""Q"":2000.0,""T_hs"":300.0,""cavity_tracking"":""per_T_hs"",""current_uA"":0.02,""geometry_type"":""isolated_dot"",""height_nm"":3.0,""orientation"":""semipolar_11_22"",""polarity"":1,""polarization_factor"":0.1,""radius_nm"":10.0,""regime"":""deterministic_pair"",""screening_fraction"":0.0,""sensitivity_axis"":""semipolar_factor"",""sensitivity_baseline"":""REF_pass_a_plane_SET"",""sensitivity_value"":0.1,""shape"":""disc"",""strain_fraction"":1.0,""top_radius_fraction"":1.0,""x_in"":0.25}",nitride-cavity-set-design.yaml,fcfe392039c4c5f7afbce970c759eb2cbc19907ee39afe6bda38e183ee97b044,2.386891298935645,current_controlled,2.8469927822350667,per_T_hs,13183.392890562816,13183.392890562816,0.0,True,0.02,deterministic_pair,depleted,-2.1438939512563593e-07,,False,135.7856562112328,3.0,10.0,True,True,0.1,source,-268.0677490520893,1,False,0.17355371900826455,0.17355371900826455,0.8092265206351491,1.6184530412702982,5.311544045039312,3.212517523169065,12.5,isolated_dot,False,False,3.0,True,0.0,[],,145.06942141967752,72.53471070983876,,1.4234963911038747,435.4917904399842,0.001647924111320352,0.001647924111320352,0.0,5.763381493293021e-10,,10000000000.0,True,True,3.4126017696256388,gan_barrier,semipolar_11_22,0.8092265206351491,True,ingan_gan_planar,1,0.1,3.778979081712954e-10,"{""nitride"": ""[A/E/DR] planar integration; cavity/transport inputs retain module provenance""}",,5.7633814932930205,10.0,deterministic_pair,80000000.0,3.4126017696256388,gan_barrier,565.6089876322787,0.02,0.9090909090909091,SE07731,sensitivity,0.0,semipolar_factor,REF_pass_a_plane_SET,0.1,5.285087763377385e-18,1.1726382211781896,30.31504311247509,38.74045864977526,18921161667.91825,False,1.0,0.5863191105890947,5.0,disc,13183.392890562816,[],True,1.0,10.0,,,1.2357479327483185,0.31128234874607813,self_consistent,1.0,14501.732179619099,0.02,True,0.25
2.785366610473121,101.31836602001802,6.998912021342096,3.62509266797309,75.99088773175333,12.817413071999999,2000.0,0.011215429170901176,0.005840618098630821,230.0,230.0,230.00000068065262,2.452810661041165,2.4528126610411647,136.70048584617953,,699.3311170239616,,0.0,False,"{""Q"":2000.0,""T_hs"":230.0,""cavity_tracking"":""per_T_hs"",""current_uA"":0.02,""geometry_type"":""isolated_dot"",""height_nm"":3.0,""orientation"":""semipolar_11_22"",""polarity"":1,""polarization_factor"":0.3,""radius_nm"":10.0,""regime"":""deterministic_pair"",""screening_fraction"":0.0,""sensitivity_axis"":""semipolar_factor"",""sensitivity_baseline"":""REF_pass_a_plane_SET"",""sensitivity_value"":0.3,""shape"":""disc"",""strain_fraction"":1.0,""top_radius_fraction"":1.0,""x_in"":0.25}",nitride-cavity-set-design.yaml,fcfe392039c4c5f7afbce970c759eb2cbc19907ee39afe6bda38e183ee97b044,2.4528106616381686,current_controlled,2.7853666106783748,per_T_hs,6993.311170239615,6993.311170239615,0.0,True,0.02,deterministic_pair,depleted,-1.780273706231128e-07,,False,136.70048584617953,3.0,10.0,True,True,0.1,source,-1074.8597299437865,1,False,0.17355371900826433,0.17355371900826433,0.26674697451751583,0.5334939490350317,1.9339650030549027,1.8669386066072753,12.5,isolated_dot,False,False,3.0,True,0.0,[],,329.18938023129107,164.59469011564553,,1.3926833053255743,445.1270361819268,0.0008741638962799519,0.0008741638962799519,0.0,1.5964550733570898e-09,,10000000000.0,True,True,3.4396357544776124,gan_barrier,semipolar_11_22,0.26674697451751583,True,ingan_gan_planar,1,0.3,3.884081592483214e-10,"{""nitride"": ""[A/E/DR] planar integration; cavity/transport inputs retain module provenance""}",,15.964550733570896,10.0,deterministic_pair,80000000.0,3.4396357544776124,gan_barrier,654.2691440044912,0.02,0.9090909090909092,SE07732,sensitivity,0.0,semipolar_factor,REF_pass_a_plane_SET,0.3,5.285087763377385e-18,1.5295281135357035,30.31504311247509,38.74045864977526,18921161667.91825,False,1.0,0.7647640567678519,5.0,disc,6993.311170239615,[],True,1.0,10.0,,,3.7488710108475303,0.5356362530941852,self_consistent,1.0,7692.642287263577,0.02,True,0.25
2.7617342346593268,101.26932172847627,3.884299516488289,3.2149205903248887,75.99088773175333,12.817413071999999,2000.0,0.0014524203408961575,0.0012024266055186822,300.0,300.0,300.0000006829321,2.3868912982517547,2.3868932982517546,135.7856562112328,,43.85540861159112,,0.0,False,"{""Q"":2000.0,""T_hs"":300.0,""cavity_tracking"":""per_T_hs"",""current_uA"":0.02,""geometry_type"":""isolated_dot"",""height_nm"":3.0,""orientation"":""semipolar_11_22"",""polarity"":1,""polarization_factor"":0.3,""radius_nm"":10.0,""regime"":""deterministic_pair"",""screening_fraction"":0.0,""sensitivity_axis"":""semipolar_factor"",""sensitivity_baseline"":""REF_pass_a_plane_SET"",""sensitivity_value"":0.3,""shape"":""disc"",""strain_fraction"":1.0,""top_radius_fraction"":1.0,""x_in"":0.25}",nitride-cavity-set-design.yaml,fcfe392039c4c5f7afbce970c759eb2cbc19907ee39afe6bda38e183ee97b044,2.386891298935645,current_controlled,2.761734234903262,per_T_hs,438.5540861159112,438.5540861159112,0.0,True,0.02,deterministic_pair,depleted,-2.1661783478066354e-07,,False,135.7856562112328,3.0,10.0,True,False,0.1,source,-1075.7745595787333,1,False,0.17355371900826433,0.17355371900826433,0.2655011481686976,0.5310022963373952,1.70713021600489,1.0312859814587576,12.5,isolated_dot,False,False,3.0,True,0.0,[],,1418.03043062123,709.015215310615,,1.3808671174379723,448.9360230395016,5.48192607644889e-05,5.48192607644889e-05,0.0,1.5594014040650532e-08,,10000000000.0,True,False,3.4126017696256388,gan_barrier,semipolar_11_22,0.2655011481686976,True,ingan_gan_planar,1,0.3,3.778979081712954e-10,"{""nitride"": ""[A/E/DR] planar integration; cavity/transport inputs retain module provenance""}",,155.9401404065053,10.0,deterministic_pair,80000000.0,3.4126017696256388,gan_barrier,650.867534966312,0.02,0.9090909090909092,SE07733,sensitivity,0.0,semipolar_factor,REF_pass_a_plane_SET,0.3,5.285087763377385e-18,1.1726382211781896,30.31504311247509,38.74045864977526,18921161667.91825,False,1.0,0.5863191105890947,5.0,disc,438.5540861159112,[],True,1.0,10.0,,,3.76646205448651,0.9696631370723148,self_consistent,1.0,482.4094947275023,0.02,True,0.25
3.1505637727938427,69.97643514373785,7.715933633166308,3.9729391393206908,75.99088773175333,12.817413071999999,2000.0,0.0016508584069205813,0.0008507093184345731,230.0,230.0,230.00000077957745,2.8091702995637813,2.809172299563781,100.57256368593444,,115.03280722100664,,0.0,False,"{""Q"":2000.0,""T_hs"":230.0,""cavity_tracking"":""per_T_hs"",""current_uA"":0.02,""geometry_type"":""isolated_dot"",""height_nm"":3.0,""orientation"":""a_plane"",""polarity"":1,""radius_nm"":10.0,""regime"":""deterministic_pair"",""screening_fraction"":0.0,""sensitivity_axis"":""x_in"",""sensitivity_baseline"":""REF_pass_a_plane_SET"",""sensitivity_value"":0.15,""shape"":""disc"",""strain_fraction"":1.0,""top_radius_fraction"":1.0,""x_in"":0.15}",nitride-nonpolar-set-design.yaml,caab7749b4e82f3748ba9808f573e192cf6db5dde9d9c1c3f25b57b38136a8a2,2.809170300257289,current_controlled,3.1505637730407337,per_T_hs,1150.3280722100662,1150.3280722100662,0.0,True,0.02,deterministic_pair,depleted,-2.1570789598968076e-07,,False,100.57256368593444,3.0,10.0,True,True,0.1,source,100.57256368593444,1,False,0.17355371900826455,0.17355371900826455,0.9769345963272804,1.9538691926545608,7.7626033886102235,7.537962509205414,12.5,isolated_dot,False,False,3.0,True,0.0,[],,9117.097346299639,4558.5486731498195,,1.5752818865047753,393.5301975812851,0.00014379100902625828,0.00014379100902625828,0.0,1.020117816644265e-09,,10000000000.0,True,True,3.439635754442823,gan_barrier,a_plane,0.9769345963272804,True,ingan_gan_planar,1,,4.4485871434747497e-10,"{""nitride"": ""[A/E/DR] planar integration; cavity/transport inputs retain module provenance""}",,10.201178166442647,10.0,deterministic_pair,80000000.0,3.439635754442823,gan_barrier,289.07198164898017,0.02,0.9090909090909091,SE07734,sensitivity,0.0,x_in,REF_pass_a_plane_SET,0.15,5.285087763377385e-18,1.5295281128778415,30.31504311247509,38.74045864977526,18921161667.91825,False,1.0,0.7647640564389208,5.0,disc,1150.3280722100662,[],True,1.0,10.0,,,1.0236099773305525,0.13266184314113963,self_consistent,1.0,1265.3608794310728,0.02,True,0.15
3.1256056979069764,70.11381304544551,4.248076343911929,3.5000330280824548,75.99088773175333,12.817413071999999,2000.0,0.0003078540937832328,0.00025365784963466326,300.0,300.0,300.00000078464643,2.7421886083762055,2.7421906083762053,99.54209371113639,,10.459868607157304,,0.0,False,"{""Q"":2000.0,""T_hs"":300.0,""cavity_tracking"":""per_T_hs"",""current_uA"":0.02,""geometry_type"":""isolated_dot"",""height_nm"":3.0,""orientation"":""a_plane"",""polarity"":1,""radius_nm"":10.0,""regime"":""deterministic_pair"",""screening_fraction"":0.0,""sensitivity_axis"":""x_in"",""sensitivity_baseline"":""REF_pass_a_plane_SET"",""sensitivity_value"":0.15,""shape"":""disc"",""strain_fraction"":1.0,""top_radius_fraction"":1.0,""x_in"":0.15}",nitride-nonpolar-set-design.yaml,caab7749b4e82f3748ba9808f573e192cf6db5dde9d9c1c3f25b57b38136a8a2,2.742188609176211,current_controlled,3.125605698206384,per_T_hs,104.59868607157303,104.59868607157303,0.0,True,0.02,deterministic_pair,depleted,-2.6802160491001814e-07,,False,99.54209371113639,3.0,10.0,True,False,0.1,source,99.54209371113639,1,False,0.17355371900826455,0.17355371900826455,0.9771816746888238,1.9543633493776476,6.840336271695616,4.151142355949835,12.5,isolated_dot,False,False,3.0,True,0.0,[],,26959.94299626689,13479.971498133445,,1.562802849087499,396.6725504852531,1.3074835758946628e-05,1.3074835758946628e-05,0.0,1.1100538882822847e-08,,10000000000.0,True,False,3.4126017695830626,gan_barrier,a_plane,0.9771816746888238,True,ingan_gan_planar,1,,4.3418111792260255e-10,"{""nitride"": ""[A/E/DR] planar integration; cavity/transport inputs retain module provenance""}",,111.00538882822845,10.0,deterministic_pair,80000000.0,3.4126017695830626,gan_barrier,286.9960716760862,0.02,0.9090909090909091,SE07735,sensitivity,0.0,x_in,REF_pass_a_plane_SET,0.15,5.285087763377385e-18,1.1726382207806092,30.31504311247509,38.74045864977526,18921161667.91825,False,1.0,0.5863191103903046,5.0,disc,104.59868607157303,[],True,1.0,10.0,,,1.0233511596688942,0.24089754439924213,self_consistent,1.0,115.05855467873035,0.02,True,0.15
2.5419659318951844,294.2009419351555,6.512723196728811,3.393572230437582,75.99088773175333,12.817413071999999,2000.0,0.991044551530514,0.9829535989834489,230.0,230.0,230.0000005473932,1.972751872450602,1.972753872450602,175.98467093835015,,56855.417943438064,,0.0,False,"{""Q"":2000.0,""T_hs"":230.0,""cavity_tracking"":""per_T_hs"",""current_uA"":0.02,""geometry_type"":""isolated_dot"",""height_nm"":3.0,""orientation"":""a_plane"",""polarity"":1,""radius_nm"":10.0,""regime"":""deterministic_pair"",""screening_fraction"":0.0,""sensitivity_axis"":""x_in"",""sensitivity_baseline"":""REF_pass_a_plane_SET"",""sensitivity_value"":0.4,""shape"":""disc"",""strain_fraction"":1.0,""top_radius_fraction"":1.0,""x_in"":0.4}",nitride-nonpolar-set-design.yaml,caab7749b4e82f3748ba9808f573e192cf6db5dde9d9c1c3f25b57b38136a8a2,1.9727518729154871,current_controlled,2.541965932037794,per_T_hs,568554.1794343806,568554.1794343806,0.0,True,0.02,deterministic_pair,depleted,-1.2071366128907357e-07,,False,175.98467093835015,3.0,10.0,True,True,0.1,source,175.98467093835015,1,False,0.17355371900826455,0.17355371900826455,0.9458988626033733,1.8917977252067466,6.419952225866603,6.160377464236388,12.5,isolated_dot,False,False,3.0,True,0.0,[],,0.11133494018679986,0.05566747009339993,,1.270982966007949,487.7492528295315,0.07106927242929757,0.07106927242929757,0.0,1.041106141357514e-14,,10000000000.0,True,True,3.4396357545244762,gan_barrier,a_plane,0.9458988626033733,True,ingan_gan_planar,1,,3.123649007641797e-10,"{""nitride"": ""[A/E/DR] planar integration; cavity/transport inputs retain module provenance""}",,0.00010411061413575139,10.0,deterministic_pair,80000000.0,3.4396357545244762,gan_barrier,897.6698226292918,0.02,0.9090909090909091,SE07736,sensitivity,0.0,x_in,REF_pass_a_plane_SET,0.4,5.285087763377385e-18,1.529528114421895,30.31504311247509,38.74045864977526,18921161667.91825,False,1.0,0.7647640572109475,5.0,disc,568554.1794343806,[],True,1.0,10.0,,,1.0571954777995245,0.16232771543715063,self_consistent,1.0,625409.5973778187,0.02,True,0.4
2.5210968236497218,294.32529304868604,3.641719349621593,3.0255128876272273,75.99088773175333,12.817413071999999,2000.0,0.59878675175688,0.5535530861956495,300.0,300.0,300.00000054613645,1.9090324786391377,1.9090344786391378,175.0732682009223,,16567.972860721533,,0.0,False,"{""Q"":2000.0,""T_hs"":300.0,""cavity_tracking"":""per_T_hs"",""current_uA"":0.02,""geometry_type"":""isolated_dot"",""height_nm"":3.0,""orientation"":""a_plane"",""polarity"":1,""radius_nm"":10.0,""regime"":""deterministic_pair"",""screening_fraction"":0.0,""sensitivity_axis"":""x_in"",""sensitivity_baseline"":""REF_pass_a_plane_SET"",""sensitivity_value"":0.4,""shape"":""disc"",""strain_fraction"":1.0,""top_radius_fraction"":1.0,""x_in"":0.4}",nitride-nonpolar-set-design.yaml,caab7749b4e82f3748ba9808f573e192cf6db5dde9d9c1c3f25b57b38136a8a2,1.909032479167014,current_controlled,2.5210968238221874,per_T_hs,165679.72860721534,165679.72860721534,0.0,True,0.02,deterministic_pair,depleted,-1.5061996094800634e-07,,False,175.0732682009223,3.0,10.0,True,True,0.1,source,175.0732682009223,1,False,0.17355371900826455,0.17355371900826455,0.94556706629831,1.89113413259662,5.721650690402812,3.443489881703479,12.5,isolated_dot,False,False,3.0,True,0.0,[],,4.614576914659322,2.307288457329661,,1.2605484119001709,491.7867383629936,0.020709966075901913,0.020709966075901913,0.0,1.6140969045670235e-12,,10000000000.0,True,True,3.4126017696828996,gan_barrier,a_plane,0.94556706629831,True,ingan_gan_planar,1,,3.022025324450809e-10,"{""nitride"": ""[A/E/DR] planar integration; cavity/transport inputs retain module provenance""}",,0.016140969045670233,10.0,deterministic_pair,80000000.0,3.4126017696828996,gan_barrier,891.5049460331778,0.02,0.9090909090909091,SE07737,sensitivity,0.0,x_in,REF_pass_a_plane_SET,0.4,5.285087763377385e-18,1.1726382217128954,30.31504311247509,38.74045864977526,18921161667.91825,False,1.0,0.5863191108564477,5.0,disc,165679.72860721534,[],True,1.0,10.0,,,1.0575664441389474,0.29040306037005237,self_consistent,1.0,182247.70146793686,0.02,True,0.4
2.6719803790435117,224.108960990133,6.773262160430563,3.5172065521423597,75.99088773175333,12.817413071999999,2000.0,0.7753054418202064,0.6418032473732004,230.0,230.0,230.00000068065262,2.452810661041165,2.4528126610411647,136.70048584617953,,46551.178277164676,,0.0,False,"{""Q"":2000.0,""T_hs"":230.0,""cavity_tracking"":""per_T_hs"",""current_uA"":0.02,""geometry_type"":""isolated_dot"",""height_nm"":3.0,""orientation"":""a_plane"",""polarity"":1,""radius_nm"":10.0,""regime"":""deterministic_pair"",""screening_fraction"":0.0,""sensitivity_axis"":""strain_fraction"",""sensitivity_baseline"":""REF_pass_a_plane_SET"",""sensitivity_value"":0.0,""shape"":""disc"",""strain_fraction"":0.0,""top_radius_fraction"":1.0,""x_in"":0.25}",nitride-nonpolar-set-design.yaml,caab7749b4e82f3748ba9808f573e192cf6db5dde9d9c1c3f25b57b38136a8a2,2.4528106616381686,current_controlled,2.671980379247894,per_T_hs,465511.7827716468,465511.7827716468,0.0,True,0.02,deterministic_pair,depleted,-1.7715606759338698e-07,,False,136.70048584617953,3.0,10.0,True,True,0.1,source,136.70048584617953,1,False,0.17355371900826433,0.17355371900826433,0.9739684854964847,1.9479369709929695,6.851296677536814,6.596943888265204,12.5,isolated_dot,False,False,3.0,True,0.0,[],,3.8237765720581236,1.9118882860290618,,1.335990189610334,464.0161259132546,0.05818897284645585,0.05818897284645585,0.0,4.87174740118029e-07,,10000000000.0,True,True,3.4396357544776124,gan_barrier,a_plane,0.9739684854964847,True,ingan_gan_planar,1,,3.884081592483214e-10,"{""nitride"": ""[A/E/DR] planar integration; cavity/transport inputs retain module provenance""}",,4871.747401180289,10.0,deterministic_pair,80000000.0,3.4396357544776124,gan_barrier,767.6553754341006,0.02,0.9090909090909092,SE07738,sensitivity,0.0,strain_fraction,REF_pass_a_plane_SET,0.0,5.285087763377385e-18,1.5295281135357035,30.31504311247509,38.74045864977526,18921161667.91825,False,1.0,0.7647640567678519,5.0,disc,465511.7827716468,[],True,0.0,10.0,,,1.0267272657084439,0.15158534268857782,self_consistent,1.0,512062.96104881144,0.02,True,0.25
2.6487104327571793,224.23604431514772,3.770563368362948,3.126043529787194,75.99088773175333,12.817413071999999,2000.0,0.09565492795810829,0.08062242489062374,300.0,300.0,300.0000006829321,2.3868912982517547,2.3868932982517546,135.7856562112328,,2775.041245160392,,0.0,False,"{""Q"":2000.0,""T_hs"":300.0,""cavity_tracking"":""per_T_hs"",""current_uA"":0.02,""geometry_type"":""isolated_dot"",""height_nm"":3.0,""orientation"":""a_plane"",""polarity"":1,""radius_nm"":10.0,""regime"":""deterministic_pair"",""screening_fraction"":0.0,""sensitivity_axis"":""strain_fraction"",""sensitivity_baseline"":""REF_pass_a_plane_SET"",""sensitivity_value"":0.0,""shape"":""disc"",""strain_fraction"":0.0,""top_radius_fraction"":1.0,""x_in"":0.25}",nitride-nonpolar-set-design.yaml,caab7749b4e82f3748ba9808f573e192cf6db5dde9d9c1c3f25b57b38136a8a2,2.386891298935645,current_controlled,2.6487104330204283,per_T_hs,27750.412451603923,27750.412451603923,0.0,True,0.02,deterministic_pair,depleted,-2.3593171860625262e-07,,False,135.7856562112328,3.0,10.0,True,True,0.1,source,135.7856562112328,1,False,0.17355371900826433,0.17355371900826433,0.973904511829535,1.94780902365907,6.0889357956705465,3.6721686765878436,12.5,isolated_dot,False,False,3.0,True,0.0,[],,69.4351606815948,34.7175803407974,,1.3243552164965555,468.09268716829285,0.00346880155645049,0.00346880155645049,0.0,1.235020654387279e-06,,10000000000.0,True,True,3.4126017696256388,gan_barrier,a_plane,0.973904511829535,True,ingan_gan_planar,1,,3.778979081712954e-10,"{""nitride"": ""[A/E/DR] planar integration; cavity/transport inputs retain module provenance""}",,12350.206543872788,10.0,deterministic_pair,80000000.0,3.4126017696256388,gan_barrier,763.8913368684595,0.02,0.9090909090909092,SE07739,sensitivity,0.0,strain_fraction,REF_pass_a_plane_SET,0.0,5.285087763377385e-18,1.1726382211781896,30.31504311247509,38.74045864977526,18921161667.91825,False,1.0,0.5863191105890947,5.0,disc,27750.412451603923,[],True,0.0,10.0,,,1.0267947091870877,0.2723186454847695,self_consistent,1.0,30525.45369676431,0.02,True,0.25
2.789572371747265,187.95203109456065,7.007254012375295,3.629095525374181,75.99088773175333,12.817413071999999,2000.0,0.3648630898094252,0.22929773058123132,230.0,230.0,230.00000068065262,2.452810661041165,2.4528126610411647,136.70048584617953,,22781.9757073267,,0.0,False,"{""Q"":2000.0,""T_hs"":230.0,""cavity_tracking"":""per_T_hs"",""current_uA"":0.02,""geometry_type"":""isolated_dot"",""height_nm"":3.0,""orientation"":""a_plane"",""polarity"":1,""radius_nm"":10.0,""regime"":""deterministic_pair"",""screening_fraction"":0.0,""sensitivity_axis"":""strain_fraction"",""sensitivity_baseline"":""REF_pass_a_plane_SET"",""sensitivity_value"":0.5,""shape"":""disc"",""strain_fraction"":0.5,""top_radius_fraction"":1.0,""x_in"":0.25}",nitride-nonpolar-set-design.yaml,caab7749b4e82f3748ba9808f573e192cf6db5dde9d9c1c3f25b57b38136a8a2,2.4528106616381686,current_controlled,2.789572371982056,per_T_hs,227819.75707326696,227819.75707326696,0.0,True,0.02,deterministic_pair,depleted,-2.0756463214866017e-07,,False,136.70048584617953,3.0,10.0,True,True,0.1,source,136.70048584617953,1,False,0.17355371900826433,0.17355371900826433,0.9715177402609394,1.9430354805218788,7.051461368005222,6.807671583537247,12.5,isolated_dot,False,False,3.0,True,0.0,[],,23.70096409268708,11.85048204634354,,1.3947861859774149,444.4559304347489,0.02847746963415837,0.02847746963415837,0.0,1.2912184650579788e-09,,10000000000.0,True,True,3.4396357544776124,gan_barrier,a_plane,0.9715177402609394,True,ingan_gan_planar,1,,3.884081592483214e-10,"{""nitride"": ""[A/E/DR] planar integration; cavity/transport inputs retain module provenance""}",,12.912184650579787,10.0,deterministic_pair,80000000.0,3.4396357544776124,gan_barrier,650.0633827303473,0.02,0.9090909090909092,SE07740,sensitivity,0.0,strain_fraction,REF_pass_a_plane_SET,0.5,5.285087763377385e-18,1.5295281135357035,30.31504311247509,38.74045864977526,18921161667.91825,False,1.0,0.7647640567678519,5.0,disc,227819.75707326696,[],True,0.5,10.0,,,1.0293172821851,0.14689310254305818,self_consistent,1.0,250601.73278059365,0.02,True,0.25
2.7662621334940827,188.07818096122554,3.8888485921850084,3.2184780049964345,75.99088773175333,12.817413071999999,2000.0,0.02616613997049702,0.02175366957966731,300.0,300.0,300.0000006829321,2.3868912982517547,2.3868932982517546,135.7856562112328,,791.3174978671015,,0.0,False,"{""Q"":2000.0,""T_hs"":300.0,""cavity_tracking"":""per_T_hs"",""current_uA"":0.02,""geometry_type"":""isolated_dot"",""height_nm"":3.0,""orientation"":""a_plane"",""polarity"":1,""radius_nm"":10.0,""regime"":""deterministic_pair"",""screening_fraction"":0.0,""sensitivity_axis"":""strain_fraction"",""sensitivity_baseline"":""REF_pass_a_plane_SET"",""sensitivity_value"":0.5,""shape"":""disc"",""strain_fraction"":0.5,""top_radius_fraction"":1.0,""x_in"":0.25}",nitride-nonpolar-set-design.yaml,caab7749b4e82f3748ba9808f573e192cf6db5dde9d9c1c3f25b57b38136a8a2,2.386891298935645,current_controlled,2.7662621337529907,per_T_hs,7913.174978671014,7913.174978671014,0.0,True,0.02,deterministic_pair,depleted,-2.3159074657996825e-07,,False,135.7856562112328,3.0,10.0,True,True,0.1,source,135.7856562112328,1,False,0.17355371900826455,0.17355371900826455,0.9714234260783402,1.9428468521566804,6.253009860742836,3.777718622920291,12.5,isolated_dot,False,False,3.0,True,0.0,[],,281.19319951753096,140.59659975876548,,1.3831310668628367,448.20119141563345,0.0009891468723338768,0.0009891468723338768,0.0,1.308858110542091e-08,,10000000000.0,True,True,3.4126017696256388,gan_barrier,a_plane,0.9714234260783402,True,ingan_gan_planar,1,,3.778979081712954e-10,"{""nitride"": ""[A/E/DR] planar integration; cavity/transport inputs retain module provenance""}",,130.88581105420909,10.0,deterministic_pair,80000000.0,3.4126017696256388,gan_barrier,646.3396361315561,0.02,0.9090909090909091,SE07741,sensitivity,0.0,strain_fraction,REF_pass_a_plane_SET,0.5,5.285087763377385e-18,1.1726382211781896,30.31504311247509,38.74045864977526,18921161667.91825,False,1.0,0.5863191105890947,5.0,disc,7913.174978671014,[],True,0.5,10.0,,,1.0294172172036493,0.26471002735163207,self_consistent,1.0,8704.492476538115,0.02,True,0.25
2.905843141084041,152.08648008312636,7.2370885322244805,3.73978651622828,75.99088773175333,12.817413071999999,2000.0,0.16219605183526495,0.09094350267761918,230.0,230.0,230.00000068065262,2.452810661041165,2.4528126610411647,136.70048584617953,,10508.91594438976,,0.0,False,"{""Q"":2000.0,""T_hs"":230.0,""cavity_tracking"":""per_T_hs"",""current_uA"":0.02,""geometry_type"":""isolated_dot"",""height_nm"":3.0,""orientation"":""a_plane"",""polarity"":1,""radius_nm"":10.0,""regime"":""deterministic_pair"",""screening_fraction"":0.0,""sensitivity_axis"":""tau_rad0_ns"",""sensitivity_baseline"":""REF_pass_a_plane_SET"",""sensitivity_value"":0.5,""shape"":""disc"",""strain_fraction"":1.0,""tau_rad0_ns"":0.5,""top_radius_fraction"":1.0,""x_in"":0.25}",nitride-nonpolar-set-design.yaml,caab7749b4e82f3748ba9808f573e192cf6db5dde9d9c1c3f25b57b38136a8a2,2.4528106616381686,current_controlled,2.9058431412884254,per_T_hs,105089.15944389762,105089.15944389762,0.0,True,0.02,deterministic_pair,depleted,-1.7715828803943623e-07,,False,136.70048584617953,3.0,10.0,True,True,0.1,source,136.70048584617953,1,False,0.17355371900826433,0.17355371900826433,1.9362382452886653,3.8724764905773306,14.482235363872112,14.01272760063305,12.5,isolated_dot,False,False,3.0,True,0.0,[],,144.76207497690532,72.38103748845266,,1.4529215706305996,426.6720272923851,0.013136144930487202,0.013136144930487202,0.0,3.658183147762263e-12,,10000000000.0,True,True,3.4396357544776124,gan_barrier,a_plane,0.9681191226443326,True,ingan_gan_planar,1,,3.884081592483214e-10,"{""nitride"": ""[A/E/DR] planar integration; cavity/transport inputs retain module provenance""}",,0.036581831477622624,10.0,deterministic_pair,80000000.0,3.4396357544776124,gan_barrier,533.7926133935715,0.02,0.9090909090909092,SE07742,sensitivity,0.0,tau_rad0_ns,REF_pass_a_plane_SET,0.5,5.285087763377385e-18,1.5295281135357035,30.31504311247509,38.74045864977526,18921161667.91825,False,1.0,0.7647640567678519,5.0,disc,105089.15944389762,[],True,1.0,10.0,,0.5,0.5164653690904212,0.071363693671946,self_consistent,1.0,115598.07538828737,0.02,True,0.25
2.882478895514865,152.21130004799122,4.005415459274011,3.309702943306882,75.99088773175333,12.817413071999999,2000.0,0.013585999403836714,0.011252760969498565,300.0,300.0,300.0000006829321,2.3868912982517547,2.3868932982517546,135.7856562112328,,427.34206780121383,,0.0,False,"{""Q"":2000.0,""T_hs"":300.0,""cavity_tracking"":""per_T_hs"",""current_uA"":0.02,""geometry_type"":""isolated_dot"",""height_nm"":3.0,""orientation"":""a_plane"",""polarity"":1,""radius_nm"":10.0,""regime"":""deterministic_pair"",""screening_fraction"":0.0,""sensitivity_axis"":""tau_rad0_ns"",""sensitivity_baseline"":""REF_pass_a_plane_SET"",""sensitivity_value"":0.5,""shape"":""disc"",""strain_fraction"":1.0,""tau_rad0_ns"":0.5,""top_radius_fraction"":1.0,""x_in"":0.25}",nitride-nonpolar-set-design.yaml,caab7749b4e82f3748ba9808f573e192cf6db5dde9d9c1c3f25b57b38136a8a2,2.386891298935645,current_controlled,2.8824788957433687,per_T_hs,4273.420678012138,4273.420678012138,0.0,True,0.02,deterministic_pair,depleted,-2.0118662291679357e-07,,False,135.7856562112328,3.0,10.0,True,True,0.1,source,135.7856562112328,1,False,0.17355371900826455,0.17355371900826455,1.935961382803973,3.871922765607946,12.814914173589543,7.754329651240525,12.5,isolated_dot,False,False,3.0,True,0.0,[],,1126.0090782959303,563.0045391479651,,1.4412394478580257,430.13046372314926,0.0005341775847515172,0.0005341775847515172,0.0,1.4606188449323623e-10,,10000000000.0,True,True,3.4126017696256388,gan_barrier,a_plane,0.9679806914019865,True,ingan_gan_planar,1,,3.778979081712954e-10,"{""nitride"": ""[A/E/DR] planar integration; cavity/transport inputs retain module provenance""}",,1.4606188449323623,10.0,deterministic_pair,80000000.0,3.4126017696256388,gan_barrier,530.122874110774,0.02,0.9090909090909091,SE07743,sensitivity,0.0,tau_rad0_ns,REF_pass_a_plane_SET,0.5,5.285087763377385e-18,1.1726382211781896,30.31504311247509,38.74045864977526,18921161667.91825,False,1.0,0.5863191105890947,5.0,disc,4273.420678012138,[],True,1.0,10.0,,0.5,0.516539228975548,0.1289602125491301,self_consistent,1.0,4700.762745813352,0.02,True,0.25
2.905843141084041,152.08648008312636,7.2370885322244805,3.73978651622828,75.99088773175333,12.817413071999999,2000.0,0.046164827527817164,0.0244001521459172,230.0,230.0,230.00000068065262,2.452810661041165,2.4528126610411647,136.70048584617953,,2991.085705155252,,0.0,False,"{""Q"":2000.0,""T_hs"":230.0,""cavity_tracking"":""per_T_hs"",""current_uA"":0.02,""geometry_type"":""isolated_dot"",""height_nm"":3.0,""orientation"":""a_plane"",""polarity"":1,""radius_nm"":10.0,""regime"":""deterministic_pair"",""screening_fraction"":0.0,""sensitivity_axis"":""tau_rad0_ns"",""sensitivity_baseline"":""REF_pass_a_plane_SET"",""sensitivity_value"":2.0,""shape"":""disc"",""strain_fraction"":1.0,""tau_rad0_ns"":2.0,""top_radius_fraction"":1.0,""x_in"":0.25}",nitride-nonpolar-set-design.yaml,caab7749b4e82f3748ba9808f573e192cf6db5dde9d9c1c3f25b57b38136a8a2,2.4528106616381686,current_controlled,2.9058431412884254,per_T_hs,29910.857051552517,29910.857051552517,0.0,True,0.02,deterministic_pair,depleted,-1.7715828803943623e-07,,False,136.70048584617953,3.0,10.0,True,True,0.1,source,136.70048584617953,1,False,0.17355371900826455,0.17355371900826455,0.4840595613221663,0.9681191226443326,3.620558840968028,3.5031819001582627,12.5,isolated_dot,False,False,3.0,True,0.0,[],,144.76207497690532,72.38103748845266,,1.4529215706305996,426.6720272923851,0.0037388571314440643,0.0037388571314440643,0.0,3.658183147762263e-12,,10000000000.0,True,True,3.4396357544776124,gan_barrier,a_plane,0.9681191226443326,True,ingan_gan_planar,1,,3.884081592483214e-10,"{""nitride"": ""[A/E/DR] planar integration; cavity/transport inputs retain module provenance""}",,0.036581831477622624,10.0,deterministic_pair,80000000.0,3.4396357544776124,gan_barrier,533.7926133935715,0.02,0.9090909090909091,SE07744,sensitivity,0.0,tau_rad0_ns,REF_pass_a_plane_SET,2.0,5.285087763377385e-18,1.5295281135357035,30.31504311247509,38.74045864977526,18921161667.91825,False,1.0,0.7647640567678519,5.0,disc,29910.857051552517,[],True,1.0,10.0,,2.0,2.0658614763616847,0.285454774687784,self_consistent,1.0,32901.942756707766,0.02,True,0.25
2.882478895514865,152.21130004799122,4.005415459274011,3.309702943306882,75.99088773175333,12.817413071999999,2000.0,0.003431464759592764,0.0028371344391360897,300.0,300.0,300.0000006829321,2.3868912982517547,2.3868932982517546,135.7856562112328,,107.93532388476697,,0.0,False,"{""Q"":2000.0,""T_hs"":300.0,""cavity_tracking"":""per_T_hs"",""current_uA"":0.02,""geometry_type"":""isolated_dot"",""height_nm"":3.0,""orientation"":""a_plane"",""polarity"":1,""radius_nm"":10.0,""regime"":""deterministic_pair"",""screening_fraction"":0.0,""sensitivity_axis"":""tau_rad0_ns"",""sensitivity_baseline"":""REF_pass_a_plane_SET"",""sensitivity_value"":2.0,""shape"":""disc"",""strain_fraction"":1.0,""tau_rad0_ns"":2.0,""top_radius_fraction"":1.0,""x_in"":0.25}",nitride-nonpolar-set-design.yaml,caab7749b4e82f3748ba9808f573e192cf6db5dde9d9c1c3f25b57b38136a8a2,2.386891298935645,current_controlled,2.8824788957433687,per_T_hs,1079.3532388476697,1079.3532388476697,0.0,True,0.02,deterministic_pair,depleted,-2.0118662291679357e-07,,False,135.7856562112328,3.0,10.0,True,True,0.1,source,135.7856562112328,1,False,0.17355371900826433,0.17355371900826433,0.48399034570099325,0.9679806914019865,3.2037285433973857,1.9385824128101312,12.5,isolated_dot,False,False,3.0,True,0.0,[],,1126.0090782959303,563.0045391479651,,1.4412394478580257,430.13046372314926,0.0001349191548559587,0.0001349191548559587,0.0,1.4606188449323623e-10,,10000000000.0,True,True,3.4126017696256388,gan_barrier,a_plane,0.9679806914019865,True,ingan_gan_planar,1,,3.778979081712954e-10,"{""nitride"": ""[A/E/DR] planar integration; cavity/transport inputs retain module provenance""}",,1.4606188449323623,10.0,deterministic_pair,80000000.0,3.4126017696256388,gan_barrier,530.122874110774,0.02,0.9090909090909092,SE07745,sensitivity,0.0,tau_rad0_ns,REF_pass_a_plane_SET,2.0,5.285087763377385e-18,1.1726382211781896,30.31504311247509,38.74045864977526,18921161667.91825,False,1.0,0.5863191105890947,5.0,disc,1079.3532388476697,[],True,1.0,10.0,,2.0,2.066156915902192,0.5158408501965204,self_consistent,1.0,1187.2885627324365,0.02,True,0.25
2.905843141084041,152.08648008312636,7.2370885322244805,3.73978651622828,75.99088773175333,12.817413071999999,2000.0,0.08825536151298236,0.04763793151495276,230.0,230.0,230.00000068065262,2.452810661041165,2.4528126610411647,136.70048584617953,,5718.192060085714,,0.0,False,"{""Q"":2000.0,""T_hs"":230.0,""cavity_tracking"":""per_T_hs"",""current_uA"":0.02,""geometry_type"":""isolated_dot"",""height_nm"":3.0,""k_nr_ns"":0.0,""orientation"":""a_plane"",""polarity"":1,""radius_nm"":10.0,""regime"":""deterministic_pair"",""screening_fraction"":0.0,""sensitivity_axis"":""k_nr_ns"",""sensitivity_baseline"":""REF_pass_a_plane_SET"",""sensitivity_value"":0.0,""shape"":""disc"",""strain_fraction"":1.0,""top_radius_fraction"":1.0,""x_in"":0.25}",nitride-nonpolar-set-design.yaml,caab7749b4e82f3748ba9808f573e192cf6db5dde9d9c1c3f25b57b38136a8a2,2.4528106616381686,current_controlled,2.9058431412884254,per_T_hs,57181.920600857135,57181.920600857135,0.0,True,0.02,deterministic_pair,depleted,-1.7715828803943623e-07,,False,136.70048584617953,3.0,10.0,True,True,0.1,source,136.70048584617953,1,False,0.17355371900826455,0.17355371900826455,0.9681191226443326,1.9362382452886653,7.241117681936056,7.006363800316525,12.5,isolated_dot,False,False,3.0,True,0.0,[],,144.76207497690532,72.38103748845266,0.0,1.4529215706305996,426.6720272923851,0.0071477400751071415,0.0071477400751071415,0.0,3.658183147762263e-12,,10000000000.0,True,True,3.4396357544776124,gan_barrier,a_plane,0.9681191226443326,True,ingan_gan_planar,1,,3.884081592483214e-10,"{""nitride"": ""[A/E/DR] planar integration; cavity/transport inputs retain module provenance""}",,0.036581831477622624,10.0,deterministic_pair,80000000.0,3.4396357544776124,gan_barrier,533.7926133935715,0.02,0.9090909090909091,SE07746,sensitivity,0.0,k_nr_ns,REF_pass_a_plane_SET,0.0,5.285087763377385e-18,1.5295281135357035,30.31504311247509,38.74045864977526,18921161667.91825,False,1.0,0.7647640567678519,5.0,disc,57181.920600857135,[],True,1.0,10.0,,,1.0329307381808424,0.142727387343892,self_consistent,1.0,62900.112660942854,0.02,True,0.25
2.882478895514865,152.21130004799122,4.005415459274011,3.309702943306882,75.99088773175333,12.817413071999999,2000.0,0.006839460152696908,0.005658215759476905,300.0,300.0,300.0000006829321,2.3868912982517547,2.3868932982517546,135.7856562112328,,215.13242842275577,,0.0,False,"{""Q"":2000.0,""T_hs"":300.0,""cavity_tracking"":""per_T_hs"",""current_uA"":0.02,""geometry_type"":""isolated_dot"",""height_nm"":3.0,""k_nr_ns"":0.0,""orientation"":""a_plane"",""polarity"":1,""radius_nm"":10.0,""regime"":""deterministic_pair"",""screening_fraction"":0.0,""sensitivity_axis"":""k_nr_ns"",""sensitivity_baseline"":""REF_pass_a_plane_SET"",""sensitivity_value"":0.0,""shape"":""disc"",""strain_fraction"":1.0,""top_radius_fraction"":1.0,""x_in"":0.25}",nitride-nonpolar-set-design.yaml,caab7749b4e82f3748ba9808f573e192cf6db5dde9d9c1c3f25b57b38136a8a2,2.386891298935645,current_controlled,2.8824788957433687,per_T_hs,2151.3242842275577,2151.3242842275577,0.0,True,0.02,deterministic_pair,depleted,-2.0118662291679357e-07,,False,135.7856562112328,3.0,10.0,True,True,0.1,source,135.7856562112328,1,False,0.17355371900826455,0.17355371900826455,0.9679806914019865,1.935961382803973,6.407457086794771,3.8771648256202624,12.5,isolated_dot,False,False,3.0,True,0.0,[],,1126.0090782959303,563.0045391479651,0.0,1.4412394478580257,430.13046372314926,0.00026891553552844467,0.00026891553552844467,0.0,1.4606188449323623e-10,,10000000000.0,True,True,3.4126017696256388,gan_barrier,a_plane,0.9679806914019865,True,ingan_gan_planar,1,,3.778979081712954e-10,"{""nitride"": ""[A/E/DR] planar integration; cavity/transport inputs retain module provenance""}",,1.4606188449323623,10.0,deterministic_pair,80000000.0,3.4126017696256388,gan_barrier,530.122874110774,0.02,0.9090909090909091,SE07747,sensitivity,0.0,k_nr_ns,REF_pass_a_plane_SET,0.0,5.285087763377385e-18,1.1726382211781896,30.31504311247509,38.74045864977526,18921161667.91825,False,1.0,0.5863191105890947,5.0,disc,2151.3242842275577,[],True,1.0,10.0,,,1.033078457951096,0.2579204250982602,self_consistent,1.0,2366.4567126503134,0.02,True,0.25
2.905843141084041,152.08648008312636,7.2370885322244805,3.73978651622828,75.99088773175333,12.817413071999999,2000.0,0.08715748597405369,0.04701926990550829,230.0,230.0,230.00000068065262,2.452810661041165,2.4528126610411647,136.70048584617953,,5647.059121734534,,0.0,False,"{""Q"":2000.0,""T_hs"":230.0,""cavity_tracking"":""per_T_hs"",""current_uA"":0.02,""geometry_type"":""isolated_dot"",""height_nm"":3.0,""k_nr_ns"":1.0,""orientation"":""a_plane"",""polarity"":1,""radius_nm"":10.0,""regime"":""deterministic_pair"",""screening_fraction"":0.0,""sensitivity_axis"":""k_nr_ns"",""sensitivity_baseline"":""REF_pass_a_plane_SET"",""sensitivity_value"":1.0,""shape"":""disc"",""strain_fraction"":1.0,""top_radius_fraction"":1.0,""x_in"":0.25}",nitride-nonpolar-set-design.yaml,caab7749b4e82f3748ba9808f573e192cf6db5dde9d9c1c3f25b57b38136a8a2,2.4528106616381686,current_controlled,2.9058431412884254,per_T_hs,56470.59121734534,56470.59121734534,0.0,True,0.02,deterministic_pair,depleted,-1.7715828803943623e-07,,False,136.70048584617953,3.0,10.0,True,True,0.1,source,136.70048584617953,1,False,0.17355371900826455,0.17355371900826455,0.9681191226443326,1.9362382452886653,7.241117681936056,7.006363800316525,12.5,isolated_dot,False,False,3.0,True,0.0,[],,146.76207497690532,73.38103748845266,1.0,1.4529215706305996,426.6720272923851,0.007058823902168167,0.007058823902168167,0.0,3.658183147762263e-12,,10000000000.0,True,True,3.4396357544776124,gan_barrier,a_plane,0.9681191226443326,True,ingan_gan_planar,1,,3.884081592483214e-10,"{""nitride"": ""[A/E/DR] planar integration; cavity/transport inputs retain module provenance""}",,0.036581831477622624,10.0,deterministic_pair,80000000.0,3.4396357544776124,gan_barrier,533.7926133935715,0.02,0.9090909090909091,SE07748,sensitivity,0.0,k_nr_ns,REF_pass_a_plane_SET,1.0,5.285087763377385e-18,1.5295281135357035,30.31504311247509,38.74045864977526,18921161667.91825,False,1.0,0.7647640567678519,5.0,disc,56470.59121734534,[],True,1.0,10.0,,,1.0329307381808424,0.142727387343892,self_consistent,1.0,62117.650339079875,0.02,True,0.25
2.882478895514865,152.21130004799122,4.005415459274011,3.309702943306882,75.99088773175333,12.817413071999999,2000.0,0.006827416341274847,0.005648240207141417,300.0,300.0,300.0000006829321,2.3868912982517547,2.3868932982517546,135.7856562112328,,214.75359524866786,,0.0,False,"{""Q"":2000.0,""T_hs"":300.0,""cavity_tracking"":""per_T_hs"",""current_uA"":0.02,""geometry_type"":""isolated_dot"",""height_nm"":3.0,""k_nr_ns"":1.0,""orientation"":""a_plane"",""polarity"":1,""radius_nm"":10.0,""regime"":""deterministic_pair"",""screening_fraction"":0.0,""sensitivity_axis"":""k_nr_ns"",""sensitivity_baseline"":""REF_pass_a_plane_SET"",""sensitivity_value"":1.0,""shape"":""disc"",""strain_fraction"":1.0,""top_radius_fraction"":1.0,""x_in"":0.25}",nitride-nonpolar-set-design.yaml,caab7749b4e82f3748ba9808f573e192cf6db5dde9d9c1c3f25b57b38136a8a2,2.386891298935645,current_controlled,2.8824788957433687,per_T_hs,2147.5359524866785,2147.5359524866785,0.0,True,0.02,deterministic_pair,depleted,-2.0118662291679357e-07,,False,135.7856562112328,3.0,10.0,True,True,0.1,source,135.7856562112328,1,False,0.17355371900826455,0.17355371900826455,0.9679806914019865,1.935961382803973,6.407457086794771,3.8771648256202624,12.5,isolated_dot,False,False,3.0,True,0.0,[],,1128.0090782959303,564.0045391479651,1.0,1.4412394478580257,430.13046372314926,0.0002684419940608348,0.0002684419940608348,0.0,1.4606188449323623e-10,,10000000000.0,True,True,3.4126017696256388,gan_barrier,a_plane,0.9679806914019865,True,ingan_gan_planar,1,,3.778979081712954e-10,"{""nitride"": ""[A/E/DR] planar integration; cavity/transport inputs retain module provenance""}",,1.4606188449323623,10.0,deterministic_pair,80000000.0,3.4126017696256388,gan_barrier,530.122874110774,0.02,0.9090909090909091,SE07749,sensitivity,0.0,k_nr_ns,REF_pass_a_plane_SET,1.0,5.285087763377385e-18,1.1726382211781896,30.31504311247509,38.74045864977526,18921161667.91825,False,1.0,0.5863191105890947,5.0,disc,2147.5359524866785,[],True,1.0,10.0,,,1.033078457951096,0.2579204250982602,self_consistent,1.0,2362.2895477353463,0.02,True,0.25
2.905843141084041,152.08648008312636,7.2370885322244805,3.73978651622828,75.99088773175333,12.817413071999999,2000.0,0.08825536151298236,0.04763793151495276,230.0,230.0,230.00000068065262,2.452810661041165,2.4528126610411647,136.70048584617953,,5718.192060085714,0.0,0.0,False,"{""Q"":2000.0,""T_hs"":230.0,""background_tau_ns"":0.0,""cavity_tracking"":""per_T_hs"",""current_uA"":0.02,""geometry_type"":""isolated_dot"",""height_nm"":3.0,""orientation"":""a_plane"",""polarity"":1,""radius_nm"":10.0,""regime"":""deterministic_pair"",""screening_fraction"":0.0,""sensitivity_axis"":""background_tau_ns"",""sensitivity_baseline"":""REF_pass_a_plane_SET"",""sensitivity_value"":0.0,""shape"":""disc"",""strain_fraction"":1.0,""top_radius_fraction"":1.0,""x_in"":0.25}",nitride-nonpolar-set-design.yaml,caab7749b4e82f3748ba9808f573e192cf6db5dde9d9c1c3f25b57b38136a8a2,2.4528106616381686,current_controlled,2.9058431412884254,per_T_hs,57181.920600857135,57181.920600857135,0.0,True,0.02,deterministic_pair,depleted,-1.7715828803943623e-07,,False,136.70048584617953,3.0,10.0,True,True,0.1,source,136.70048584617953,1,False,0.17355371900826455,0.17355371900826455,0.9681191226443326,1.9362382452886653,7.241117681936056,7.006363800316525,12.5,isolated_dot,False,False,3.0,True,0.0,[],,144.76207497690532,72.38103748845266,,1.4529215706305996,426.6720272923851,0.0071477400751071415,0.0071477400751071415,0.0,3.658183147762263e-12,,10000000000.0,True,True,3.4396357544776124,gan_barrier,a_plane,0.9681191226443326,True,ingan_gan_planar,1,,3.884081592483214e-10,"{""nitride"": ""[A/E/DR] planar integration; cavity/transport inputs retain module provenance""}",,0.036581831477622624,10.0,deterministic_pair,80000000.0,3.4396357544776124,gan_barrier,533.7926133935715,0.02,0.9090909090909091,SE07750,sensitivity,0.0,background_tau_ns,REF_pass_a_plane_SET,0.0,5.285087763377385e-18,1.5295281135357035,30.31504311247509,38.74045864977526,18921161667.91825,False,1.0,0.7647640567678519,5.0,disc,57181.920600857135,[],True,1.0,10.0,,,1.0329307381808424,0.142727387343892,self_consistent,1.0,62900.112660942854,0.02,True,0.25
2.882478895514865,152.21130004799122,4.005415459274011,3.309702943306882,75.99088773175333,12.817413071999999,2000.0,0.006839460152696908,0.005658215759476905,300.0,300.0,300.0000006829321,2.3868912982517547,2.3868932982517546,135.7856562112328,,215.13242842275577,0.0,0.0,False,"{""Q"":2000.0,""T_hs"":300.0,""background_tau_ns"":0.0,""cavity_tracking"":""per_T_hs"",""current_uA"":0.02,""geometry_type"":""isolated_dot"",""height_nm"":3.0,""orientation"":""a_plane"",""polarity"":1,""radius_nm"":10.0,""regime"":""deterministic_pair"",""screening_fraction"":0.0,""sensitivity_axis"":""background_tau_ns"",""sensitivity_baseline"":""REF_pass_a_plane_SET"",""sensitivity_value"":0.0,""shape"":""disc"",""strain_fraction"":1.0,""top_radius_fraction"":1.0,""x_in"":0.25}",nitride-nonpolar-set-design.yaml,caab7749b4e82f3748ba9808f573e192cf6db5dde9d9c1c3f25b57b38136a8a2,2.386891298935645,current_controlled,2.8824788957433687,per_T_hs,2151.3242842275577,2151.3242842275577,0.0,True,0.02,deterministic_pair,depleted,-2.0118662291679357e-07,,False,135.7856562112328,3.0,10.0,True,True,0.1,source,135.7856562112328,1,False,0.17355371900826455,0.17355371900826455,0.9679806914019865,1.935961382803973,6.407457086794771,3.8771648256202624,12.5,isolated_dot,False,False,3.0,True,0.0,[],,1126.0090782959303,563.0045391479651,,1.4412394478580257,430.13046372314926,0.00026891553552844467,0.00026891553552844467,0.0,1.4606188449323623e-10,,10000000000.0,True,True,3.4126017696256388,gan_barrier,a_plane,0.9679806914019865,True,ingan_gan_planar,1,,3.778979081712954e-10,"{""nitride"": ""[A/E/DR] planar integration; cavity/transport inputs retain module provenance""}",,1.4606188449323623,10.0,deterministic_pair,80000000.0,3.4126017696256388,gan_barrier,530.122874110774,0.02,0.9090909090909091,SE07751,sensitivity,0.0,background_tau_ns,REF_pass_a_plane_SET,0.0,5.285087763377385e-18,1.1726382211781896,30.31504311247509,38.74045864977526,18921161667.91825,False,1.0,0.5863191105890947,5.0,disc,2151.3242842275577,[],True,1.0,10.0,,,1.033078457951096,0.2579204250982602,self_consistent,1.0,2366.4567126503134,0.02,True,0.25
2.905843141084041,152.08648008312636,7.2370885322244805,3.73978651622828,75.99088773175333,12.817413071999999,2000.0,0.08825536151298236,0.04763793151495276,230.0,230.0,230.00000068065262,2.452810661041165,2.4528126610411647,136.70048584617953,,5718.192060085714,1.0,0.0,False,"{""Q"":2000.0,""T_hs"":230.0,""background_tau_ns"":1.0,""cavity_tracking"":""per_T_hs"",""current_uA"":0.02,""geometry_type"":""isolated_dot"",""height_nm"":3.0,""orientation"":""a_plane"",""polarity"":1,""radius_nm"":10.0,""regime"":""deterministic_pair"",""screening_fraction"":0.0,""sensitivity_axis"":""background_tau_ns"",""sensitivity_baseline"":""REF_pass_a_plane_SET"",""sensitivity_value"":1.0,""shape"":""disc"",""strain_fraction"":1.0,""top_radius_fraction"":1.0,""x_in"":0.25}",nitride-nonpolar-set-design.yaml,caab7749b4e82f3748ba9808f573e192cf6db5dde9d9c1c3f25b57b38136a8a2,2.4528106616381686,current_controlled,2.9058431412884254,per_T_hs,57181.920600857135,57181.920600857135,0.0,True,0.02,deterministic_pair,depleted,-1.7715828803943623e-07,,False,136.70048584617953,3.0,10.0,True,True,0.1,source,136.70048584617953,1,False,0.17355371900826455,0.17355371900826455,0.9681191226443326,1.9362382452886653,7.241117681936056,7.006363800316525,12.5,isolated_dot,False,False,3.0,True,0.0,[],,144.76207497690532,72.38103748845266,,1.4529215706305996,426.6720272923851,0.0071477400751071415,0.0071477400751071415,0.0,3.658183147762263e-12,,10000000000.0,True,True,3.4396357544776124,gan_barrier,a_plane,0.9681191226443326,True,ingan_gan_planar,1,,3.884081592483214e-10,"{""nitride"": ""[A/E/DR] planar integration; cavity/transport inputs retain module provenance""}",,0.036581831477622624,10.0,deterministic_pair,80000000.0,3.4396357544776124,gan_barrier,533.7926133935715,0.02,0.9090909090909091,SE07752,sensitivity,0.0,background_tau_ns,REF_pass_a_plane_SET,1.0,5.285087763377385e-18,1.5295281135357035,30.31504311247509,38.74045864977526,18921161667.91825,False,1.0,0.7647640567678519,5.0,disc,57181.920600857135,[],True,1.0,10.0,,,1.0329307381808424,0.142727387343892,self_consistent,1.0,62900.112660942854,0.02,True,0.25
2.882478895514865,152.21130004799122,4.005415459274011,3.309702943306882,75.99088773175333,12.817413071999999,2000.0,0.006839460152696908,0.005658215759476905,300.0,300.0,300.0000006829321,2.3868912982517547,2.3868932982517546,135.7856562112328,,215.13242842275577,1.0,0.0,False,"{""Q"":2000.0,""T_hs"":300.0,""background_tau_ns"":1.0,""cavity_tracking"":""per_T_hs"",""current_uA"":0.02,""geometry_type"":""isolated_dot"",""height_nm"":3.0,""orientation"":""a_plane"",""polarity"":1,""radius_nm"":10.0,""regime"":""deterministic_pair"",""screening_fraction"":0.0,""sensitivity_axis"":""background_tau_ns"",""sensitivity_baseline"":""REF_pass_a_plane_SET"",""sensitivity_value"":1.0,""shape"":""disc"",""strain_fraction"":1.0,""top_radius_fraction"":1.0,""x_in"":0.25}",nitride-nonpolar-set-design.yaml,caab7749b4e82f3748ba9808f573e192cf6db5dde9d9c1c3f25b57b38136a8a2,2.386891298935645,current_controlled,2.8824788957433687,per_T_hs,2151.3242842275577,2151.3242842275577,0.0,True,0.02,deterministic_pair,depleted,-2.0118662291679357e-07,,False,135.7856562112328,3.0,10.0,True,True,0.1,source,135.7856562112328,1,False,0.17355371900826455,0.17355371900826455,0.9679806914019865,1.935961382803973,6.407457086794771,3.8771648256202624,12.5,isolated_dot,False,False,3.0,True,0.0,[],,1126.0090782959303,563.0045391479651,,1.4412394478580257,430.13046372314926,0.00026891553552844467,0.00026891553552844467,0.0,1.4606188449323623e-10,,10000000000.0,True,True,3.4126017696256388,gan_barrier,a_plane,0.9679806914019865,True,ingan_gan_planar,1,,3.778979081712954e-10,"{""nitride"": ""[A/E/DR] planar integration; cavity/transport inputs retain module provenance""}",,1.4606188449323623,10.0,deterministic_pair,80000000.0,3.4126017696256388,gan_barrier,530.122874110774,0.02,0.9090909090909091,SE07753,sensitivity,0.0,background_tau_ns,REF_pass_a_plane_SET,1.0,5.285087763377385e-18,1.1726382211781896,30.31504311247509,38.74045864977526,18921161667.91825,False,1.0,0.5863191105890947,5.0,disc,2151.3242842275577,[],True,1.0,10.0,,,1.033078457951096,0.2579204250982602,self_consistent,1.0,2366.4567126503134,0.02,True,0.25
2.905843141084041,152.08648008312636,7.2370885322244805,3.73978651622828,75.99088773175333,12.817413071999999,2000.0,0.08825536151298236,0.04763793151495276,230.0,230.0,230.00000068065262,2.452810661041165,2.4528126610411647,136.70048584617953,0.0,1.867526016040293e-35,,0.0,False,"{""Q"":2000.0,""T_hs"":230.0,""b_res"":0.0,""cavity_tracking"":""per_T_hs"",""current_uA"":0.02,""geometry_type"":""isolated_dot"",""height_nm"":3.0,""orientation"":""a_plane"",""polarity"":1,""radius_nm"":10.0,""regime"":""deterministic_pair"",""screening_fraction"":0.0,""sensitivity_axis"":""b_res"",""sensitivity_baseline"":""REF_pass_a_plane_SET"",""sensitivity_value"":0.0,""shape"":""disc"",""strain_fraction"":1.0,""top_radius_fraction"":1.0,""x_in"":0.25}",nitride-nonpolar-set-design.yaml,caab7749b4e82f3748ba9808f573e192cf6db5dde9d9c1c3f25b57b38136a8a2,2.4528106616381686,current_controlled,2.9058431412884254,per_T_hs,57181.920600857135,57181.920600857135,0.0,True,0.02,deterministic_pair,depleted,-1.7715828803943623e-07,,False,136.70048584617953,3.0,10.0,True,True,0.1,source,136.70048584617953,1,False,0.0,0.0,0.9681191226443326,1.9362382452886653,7.241117681936056,7.006363800316525,12.5,isolated_dot,False,False,3.0,True,0.0,[],,144.76207497690532,72.38103748845266,,1.4529215706305996,426.6720272923851,0.0071477400751071415,0.0071477400751071415,0.0,3.658183147762263e-12,,10000000000.0,True,True,3.4396357544776124,gan_barrier,a_plane,0.9681191226443326,True,ingan_gan_planar,1,,3.884081592483214e-10,"{""nitride"": ""[A/E/DR] planar integration; cavity/transport inputs retain module provenance""}",,0.036581831477622624,10.0,deterministic_pair,80000000.0,3.4396357544776124,gan_barrier,533.7926133935715,0.02,1.0,SE07754,sensitivity,0.0,b_res,REF_pass_a_plane_SET,0.0,5.285087763377385e-18,1.5295281135357035,30.31504311247509,38.74045864977526,18921161667.91825,False,1.0,0.7647640567678519,5.0,disc,57181.920600857135,[],True,1.0,10.0,,,1.0329307381808424,0.142727387343892,self_consistent,1.0,57181.920600857135,0.02,True,0.25
2.882478895514865,152.21130004799122,4.005415459274011,3.309702943306882,75.99088773175333,12.817413071999999,2000.0,0.006839460152696908,0.005658215759476905,300.0,300.0,300.0000006829321,2.3868912982517547,2.3868932982517546,135.7856562112328,0.0,4.920228011873855e-28,,0.0,False,"{""Q"":2000.0,""T_hs"":300.0,""b_res"":0.0,""cavity_tracking"":""per_T_hs"",""current_uA"":0.02,""geometry_type"":""isolated_dot"",""height_nm"":3.0,""orientation"":""a_plane"",""polarity"":1,""radius_nm"":10.0,""regime"":""deterministic_pair"",""screening_fraction"":0.0,""sensitivity_axis"":""b_res"",""sensitivity_baseline"":""REF_pass_a_plane_SET"",""sensitivity_value"":0.0,""shape"":""disc"",""strain_fraction"":1.0,""top_radius_fraction"":1.0,""x_in"":0.25}",nitride-nonpolar-set-design.yaml,caab7749b4e82f3748ba9808f573e192cf6db5dde9d9c1c3f25b57b38136a8a2,2.386891298935645,current_controlled,2.8824788957433687,per_T_hs,2151.3242842275577,2151.3242842275577,0.0,True,0.02,deterministic_pair,depleted,-2.0118662291679357e-07,,False,135.7856562112328,3.0,10.0,True,True,0.1,source,135.7856562112328,1,False,0.0,0.0,0.9679806914019865,1.935961382803973,6.407457086794771,3.8771648256202624,12.5,isolated_dot,False,False,3.0,True,0.0,[],,1126.0090782959303,563.0045391479651,,1.4412394478580257,430.13046372314926,0.00026891553552844467,0.00026891553552844467,0.0,1.4606188449323623e-10,,10000000000.0,True,True,3.4126017696256388,gan_barrier,a_plane,0.9679806914019865,True,ingan_gan_planar,1,,3.778979081712954e-10,"{""nitride"": ""[A/E/DR] planar integration; cavity/transport inputs retain module provenance""}",,1.4606188449323623,10.0,deterministic_pair,80000000.0,3.4126017696256388,gan_barrier,530.122874110774,0.02,1.0,SE07755,sensitivity,0.0,b_res,REF_pass_a_plane_SET,0.0,5.285087763377385e-18,1.1726382211781896,30.31504311247509,38.74045864977526,18921161667.91825,False,1.0,0.5863191105890947,5.0,disc,2151.3242842275577,[],True,1.0,10.0,,,1.033078457951096,0.2579204250982602,self_consistent,1.0,2151.3242842275577,0.02,True,0.25
2.905843141084041,152.08648008312636,7.2370885322244805,3.73978651622828,75.99088773175333,12.817413071999999,2000.0,0.08825536151298236,0.04763793151495276,230.0,230.0,230.00000068065262,2.452810661041165,2.4528126610411647,136.70048584617953,0.5,28590.960300428567,,0.0,False,"{""Q"":2000.0,""T_hs"":230.0,""b_res"":0.5,""cavity_tracking"":""per_T_hs"",""current_uA"":0.02,""geometry_type"":""isolated_dot"",""height_nm"":3.0,""orientation"":""a_plane"",""polarity"":1,""radius_nm"":10.0,""regime"":""deterministic_pair"",""screening_fraction"":0.0,""sensitivity_axis"":""b_res"",""sensitivity_baseline"":""REF_pass_a_plane_SET"",""sensitivity_value"":0.5,""shape"":""disc"",""strain_fraction"":1.0,""top_radius_fraction"":1.0,""x_in"":0.25}",nitride-nonpolar-set-design.yaml,caab7749b4e82f3748ba9808f573e192cf6db5dde9d9c1c3f25b57b38136a8a2,2.4528106616381686,current_controlled,2.9058431412884254,per_T_hs,57181.920600857135,57181.920600857135,0.0,True,0.02,deterministic_pair,depleted,-1.7715828803943623e-07,,False,136.70048584617953,3.0,10.0,True,True,0.1,source,136.70048584617953,1,False,0.5555555555555555,0.5555555555555555,0.9681191226443326,1.9362382452886653,7.241117681936056,7.006363800316525,12.5,isolated_dot,False,False,3.0,True,0.0,[],,144.76207497690532,72.38103748845266,,1.4529215706305996,426.6720272923851,0.0071477400751071415,0.0071477400751071415,0.0,3.658183147762263e-12,,10000000000.0,True,False,3.4396357544776124,gan_barrier,a_plane,0.9681191226443326,True,ingan_gan_planar,1,,3.884081592483214e-10,"{""nitride"": ""[A/E/DR] planar integration; cavity/transport inputs retain module provenance""}",,0.036581831477622624,10.0,deterministic_pair,80000000.0,3.4396357544776124,gan_barrier,533.7926133935715,0.02,0.6666666666666667,SE07756,sensitivity,0.0,b_res,REF_pass_a_plane_SET,0.5,5.285087763377385e-18,1.5295281135357035,30.31504311247509,38.74045864977526,18921161667.91825,False,1.0,0.7647640567678519,5.0,disc,57181.920600857135,[],True,1.0,10.0,,,1.0329307381808424,0.142727387343892,self_consistent,1.0,85772.8809012857,0.02,True,0.25
2.882478895514865,152.21130004799122,4.005415459274011,3.309702943306882,75.99088773175333,12.817413071999999,2000.0,0.006839460152696908,0.005658215759476905,300.0,300.0,300.0000006829321,2.3868912982517547,2.3868932982517546,135.7856562112328,0.5,1075.6621421137788,,0.0,False,"{""Q"":2000.0,""T_hs"":300.0,""b_res"":0.5,""cavity_tracking"":""per_T_hs"",""current_uA"":0.02,""geometry_type"":""isolated_dot"",""height_nm"":3.0,""orientation"":""a_plane"",""polarity"":1,""radius_nm"":10.0,""regime"":""deterministic_pair"",""screening_fraction"":0.0,""sensitivity_axis"":""b_res"",""sensitivity_baseline"":""REF_pass_a_plane_SET"",""sensitivity_value"":0.5,""shape"":""disc"",""strain_fraction"":1.0,""top_radius_fraction"":1.0,""x_in"":0.25}",nitride-nonpolar-set-design.yaml,caab7749b4e82f3748ba9808f573e192cf6db5dde9d9c1c3f25b57b38136a8a2,2.386891298935645,current_controlled,2.8824788957433687,per_T_hs,2151.3242842275577,2151.3242842275577,0.0,True,0.02,deterministic_pair,depleted,-2.0118662291679357e-07,,False,135.7856562112328,3.0,10.0,True,True,0.1,source,135.7856562112328,1,False,0.5555555555555556,0.5555555555555556,0.9679806914019865,1.935961382803973,6.407457086794771,3.8771648256202624,12.5,isolated_dot,False,False,3.0,True,0.0,[],,1126.0090782959303,563.0045391479651,,1.4412394478580257,430.13046372314926,0.00026891553552844467,0.00026891553552844467,0.0,1.4606188449323623e-10,,10000000000.0,True,False,3.4126017696256388,gan_barrier,a_plane,0.9679806914019865,True,ingan_gan_planar,1,,3.778979081712954e-10,"{""nitride"": ""[A/E/DR] planar integration; cavity/transport inputs retain module provenance""}",,1.4606188449323623,10.0,deterministic_pair,80000000.0,3.4126017696256388,gan_barrier,530.122874110774,0.02,0.6666666666666666,SE07757,sensitivity,0.0,b_res,REF_pass_a_plane_SET,0.5,5.285087763377385e-18,1.1726382211781896,30.31504311247509,38.74045864977526,18921161667.91825,False,1.0,0.5863191105890947,5.0,disc,2151.3242842275577,[],True,1.0,10.0,,,1.033078457951096,0.2579204250982602,self_consistent,1.0,3226.9864263413365,0.02,True,0.25
2.905843141084041,152.08648008312636,4.281160489022465,3.42461514753739,6.345239125601403,12.817413071999999,167.0,0.054160533653988985,0.04379907391969541,230.0,230.0,230.00000068065262,2.452810661041165,2.4528126610411647,136.70048584617953,,18087.868866609388,,0.0,False,"{""Q"":167.0,""T_hs"":230.0,""cavity_tracking"":""per_T_hs"",""current_uA"":0.02,""geometry_type"":""isolated_dot"",""height_nm"":3.0,""orientation"":""a_plane"",""polarity"":1,""radius_nm"":10.0,""regime"":""deterministic_pair"",""screening_fraction"":0.0,""sensitivity_axis"":""Q_purcell"",""sensitivity_baseline"":""REF_pass_a_plane_SET"",""sensitivity_value"":167.0,""shape"":""disc"",""strain_fraction"":1.0,""top_radius_fraction"":1.0,""x_in"":0.25}",nitride-nonpolar-set-design.yaml,caab7749b4e82f3748ba9808f573e192cf6db5dde9d9c1c3f25b57b38136a8a2,2.4528106616381686,current_controlled,2.9058431412884254,per_T_hs,180878.68866609386,180878.68866609386,0.0,True,0.02,deterministic_pair,depleted,-1.7715828803943623e-07,,False,136.70048584617953,3.0,10.0,True,True,0.1,source,136.70048584617953,1,False,0.17355371900826455,0.17355371900826455,0.9681191226443326,1.9362382452886653,6.63087082405678,4.144673336532011,12.5,isolated_dot,False,False,3.0,True,0.0,[],,144.76207497690532,72.38103748845266,,17.400258330905384,426.6720272923851,0.022609836083261732,0.022609836083261732,0.0,3.658183147762263e-12,,10000000000.0,True,True,3.4396357544776124,gan_barrier,a_plane,0.9681191226443326,True,ingan_gan_planar,1,,3.884081592483214e-10,"{""nitride"": ""[A/E/DR] planar integration; cavity/transport inputs retain module provenance""}",,0.036581831477622624,10.0,deterministic_pair,80000000.0,3.4396357544776124,gan_barrier,533.7926133935715,0.02,0.9090909090909091,SE07758,sensitivity,0.0,Q_purcell,REF_pass_a_plane_SET,167.0,5.285087763377385e-18,1.5295281135357035,30.31504311247509,38.74045864977526,18921161667.91825,False,1.0,0.7647640567678519,5.0,disc,180878.68866609386,[],True,1.0,10.0,,,1.0329307381808424,0.24127353805806417,self_consistent,1.0,198966.55753270324,0.02,True,0.25
2.882478895514865,152.21130004799122,3.095681697611594,2.8279608518748103,6.345239125601403,12.817413071999999,167.0,0.005294265530478648,0.004838622091780713,300.0,300.0,300.0000006829321,2.3868912982517547,2.3868932982517546,135.7856562112328,,1274.4002351576073,,0.0,False,"{""Q"":167.0,""T_hs"":300.0,""cavity_tracking"":""per_T_hs"",""current_uA"":0.02,""geometry_type"":""isolated_dot"",""height_nm"":3.0,""orientation"":""a_plane"",""polarity"":1,""radius_nm"":10.0,""regime"":""deterministic_pair"",""screening_fraction"":0.0,""sensitivity_axis"":""Q_purcell"",""sensitivity_baseline"":""REF_pass_a_plane_SET"",""sensitivity_value"":167.0,""shape"":""disc"",""strain_fraction"":1.0,""top_radius_fraction"":1.0,""x_in"":0.25}",nitride-nonpolar-set-design.yaml,caab7749b4e82f3748ba9808f573e192cf6db5dde9d9c1c3f25b57b38136a8a2,2.386891298935645,current_controlled,2.8824788957433687,per_T_hs,12744.002351576071,12744.002351576071,0.0,True,0.02,deterministic_pair,depleted,-2.0118662291679357e-07,,False,135.7856562112328,3.0,10.0,True,True,0.1,source,135.7856562112328,1,False,0.17355371900826433,0.17355371900826433,0.9679806914019865,1.935961382803973,5.4748230013110595,2.996560110014546,12.5,isolated_dot,False,False,3.0,True,0.0,[],,1126.0090782959303,563.0045391479651,,17.26035266895839,430.13046372314926,0.001593000293947009,0.001593000293947009,0.0,1.4606188449323623e-10,,10000000000.0,True,True,3.4126017696256388,gan_barrier,a_plane,0.9679806914019865,True,ingan_gan_planar,1,,3.778979081712954e-10,"{""nitride"": ""[A/E/DR] planar integration; cavity/transport inputs retain module provenance""}",,1.4606188449323623,10.0,deterministic_pair,80000000.0,3.4126017696256388,gan_barrier,530.122874110774,0.02,0.9090909090909092,SE07759,sensitivity,0.0,Q_purcell,REF_pass_a_plane_SET,167.0,5.285087763377385e-18,1.1726382211781896,30.31504311247509,38.74045864977526,18921161667.91825,False,1.0,0.5863191105890947,5.0,disc,12744.002351576071,[],True,1.0,10.0,,,1.033078457951096,0.3337159820882571,self_consistent,1.0,14018.402586733679,0.02,True,0.25
2.905843141084041,152.08648008312636,6.004763648631921,3.7470002134142537,18.997721932938333,12.817413071999999,500.0,0.07434457187897267,0.0477254351664833,230.0,230.0,230.00000068065262,2.452810661041165,2.4528126610411647,136.70048584617953,,14696.52725695619,,0.0,False,"{""Q"":500.0,""T_hs"":230.0,""cavity_tracking"":""per_T_hs"",""current_uA"":0.02,""geometry_type"":""isolated_dot"",""height_nm"":3.0,""orientation"":""a_plane"",""polarity"":1,""radius_nm"":10.0,""regime"":""deterministic_pair"",""screening_fraction"":0.0,""sensitivity_axis"":""Q_purcell"",""sensitivity_baseline"":""REF_pass_a_plane_SET"",""sensitivity_value"":500.0,""shape"":""disc"",""strain_fraction"":1.0,""top_radius_fraction"":1.0,""x_in"":0.25}",nitride-nonpolar-set-design.yaml,caab7749b4e82f3748ba9808f573e192cf6db5dde9d9c1c3f25b57b38136a8a2,2.4528106616381686,current_controlled,2.9058431412884254,per_T_hs,146965.27256956187,146965.27256956187,0.0,True,0.02,deterministic_pair,depleted,-1.7715828803943623e-07,,False,136.70048584617953,3.0,10.0,True,True,0.1,source,136.70048584617953,1,False,0.17355371900826433,0.17355371900826433,0.9681191226443326,1.9362382452886653,7.255085118317469,5.813326515200117,12.5,isolated_dot,False,False,3.0,True,0.0,[],,144.76207497690532,72.38103748845266,,5.811686282522398,426.6720272923851,0.018370659071195235,0.018370659071195235,0.0,3.658183147762263e-12,,10000000000.0,True,True,3.4396357544776124,gan_barrier,a_plane,0.9681191226443326,True,ingan_gan_planar,1,,3.884081592483214e-10,"{""nitride"": ""[A/E/DR] planar integration; cavity/transport inputs retain module provenance""}",,0.036581831477622624,10.0,deterministic_pair,80000000.0,3.4396357544776124,gan_barrier,533.7926133935715,0.02,0.9090909090909092,SE07760,sensitivity,0.0,Q_purcell,REF_pass_a_plane_SET,500.0,5.285087763377385e-18,1.5295281135357035,30.31504311247509,38.74045864977526,18921161667.91825,False,1.0,0.7647640567678519,5.0,disc,146965.27256956187,[],True,1.0,10.0,,,1.0329307381808424,0.17201855037478075,self_consistent,1.0,161661.79982651805,0.02,True,0.25
2.882478895514865,152.21130004799122,3.6866473166661153,3.165419080679014,18.997721932938333,12.817413071999999,500.0,0.006298574977233139,0.005412885523546909,300.0,300.0,300.0000006829321,2.3868912982517547,2.3868932982517546,135.7856562112328,,694.191250379042,,0.0,False,"{""Q"":500.0,""T_hs"":300.0,""cavity_tracking"":""per_T_hs"",""current_uA"":0.02,""geometry_type"":""isolated_dot"",""height_nm"":3.0,""orientation"":""a_plane"",""polarity"":1,""radius_nm"":10.0,""regime"":""deterministic_pair"",""screening_fraction"":0.0,""sensitivity_axis"":""Q_purcell"",""sensitivity_baseline"":""REF_pass_a_plane_SET"",""sensitivity_value"":500.0,""shape"":""disc"",""strain_fraction"":1.0,""top_radius_fraction"":1.0,""x_in"":0.25}",nitride-nonpolar-set-design.yaml,caab7749b4e82f3748ba9808f573e192cf6db5dde9d9c1c3f25b57b38136a8a2,2.386891298935645,current_controlled,2.8824788957433687,per_T_hs,6941.9125037904205,6941.9125037904205,0.0,True,0.02,deterministic_pair,depleted,-2.0118662291679357e-07,,False,135.7856562112328,3.0,10.0,True,True,0.1,source,135.7856562112328,1,False,0.17355371900826455,0.17355371900826455,0.9679806914019865,1.935961382803973,6.128129100585425,3.568603418541745,12.5,isolated_dot,False,False,3.0,True,0.0,[],,1126.0090782959303,563.0045391479651,,5.764957791432103,430.13046372314926,0.0008677390629738026,0.0008677390629738026,0.0,1.4606188449323623e-10,,10000000000.0,True,True,3.4126017696256388,gan_barrier,a_plane,0.9679806914019865,True,ingan_gan_planar,1,,3.778979081712954e-10,"{""nitride"": ""[A/E/DR] planar integration; cavity/transport inputs retain module provenance""}",,1.4606188449323623,10.0,deterministic_pair,80000000.0,3.4126017696256388,gan_barrier,530.122874110774,0.02,0.9090909090909091,SE07761,sensitivity,0.0,Q_purcell,REF_pass_a_plane_SET,500.0,5.285087763377385e-18,1.1726382211781896,30.31504311247509,38.74045864977526,18921161667.91825,False,1.0,0.5863191105890947,5.0,disc,6941.9125037904205,[],True,1.0,10.0,,,1.033078457951096,0.2802216673346781,self_consistent,1.0,7636.103754169463,0.02,True,0.25
2.905843141084041,152.08648008312636,7.6754052265461885,3.7111507236621395,379.95443865876666,12.817413071999999,10000.0,0.09310292189657945,0.04729041469712544,230.0,230.0,230.00000068065262,2.452810661041165,2.4528126610411647,136.70048584617953,,1305.3236789716952,,0.0,False,"{""Q"":10000.0,""T_hs"":230.0,""cavity_tracking"":""per_T_hs"",""current_uA"":0.02,""geometry_type"":""isolated_dot"",""height_nm"":3.0,""orientation"":""a_plane"",""polarity"":1,""radius_nm"":10.0,""regime"":""deterministic_pair"",""screening_fraction"":0.0,""sensitivity_axis"":""Q_purcell"",""sensitivity_baseline"":""REF_pass_a_plane_SET"",""sensitivity_value"":10000.0,""shape"":""disc"",""strain_fraction"":1.0,""top_radius_fraction"":1.0,""x_in"":0.25}",nitride-nonpolar-set-design.yaml,caab7749b4e82f3748ba9808f573e192cf6db5dde9d9c1c3f25b57b38136a8a2,2.4528106616381686,current_controlled,2.9058431412884254,per_T_hs,13053.236789716952,13053.236789716952,0.0,True,0.02,deterministic_pair,depleted,-1.7715828803943623e-07,,False,136.70048584617953,3.0,10.0,True,True,0.1,source,136.70048584617953,1,False,0.17355371900826455,0.17355371900826455,0.9681191226443326,1.9362382452886653,7.185671965185342,7.430706573863621,12.5,isolated_dot,False,False,3.0,True,0.0,[],,144.76207497690532,72.38103748845266,,0.2905843141261199,426.6720272923851,0.0016316545987146189,0.0016316545987146189,0.0,3.658183147762263e-12,,10000000000.0,True,True,3.4396357544776124,gan_barrier,a_plane,0.9681191226443326,True,ingan_gan_planar,1,,3.884081592483214e-10,"{""nitride"": ""[A/E/DR] planar integration; cavity/transport inputs retain module provenance""}",,0.036581831477622624,10.0,deterministic_pair,80000000.0,3.4396357544776124,gan_barrier,533.7926133935715,0.02,0.9090909090909091,SE07762,sensitivity,0.0,Q_purcell,REF_pass_a_plane_SET,10000.0,5.285087763377385e-18,1.5295281135357035,30.31504311247509,38.74045864977526,18921161667.91825,False,1.0,0.7647640567678519,5.0,disc,13053.236789716952,[],True,1.0,10.0,,,1.0329307381808424,0.13457670412089043,self_consistent,1.0,14358.560468688647,0.02,True,0.25
2.882478895514865,152.21130004799122,4.103612985038029,3.3490545488455585,379.95443865876666,12.817413071999999,10000.0,0.007005962913792457,0.005725105485576872,300.0,300.0,300.0000006829321,2.3868912982517547,2.3868932982517546,135.7856562112328,,45.72997096285444,,0.0,False,"{""Q"":10000.0,""T_hs"":300.0,""cavity_tracking"":""per_T_hs"",""current_uA"":0.02,""geometry_type"":""isolated_dot"",""height_nm"":3.0,""orientation"":""a_plane"",""polarity"":1,""radius_nm"":10.0,""regime"":""deterministic_pair"",""screening_fraction"":0.0,""sensitivity_axis"":""Q_purcell"",""sensitivity_baseline"":""REF_pass_a_plane_SET"",""sensitivity_value"":10000.0,""shape"":""disc"",""strain_fraction"":1.0,""top_radius_fraction"":1.0,""x_in"":0.25}",nitride-nonpolar-set-design.yaml,caab7749b4e82f3748ba9808f573e192cf6db5dde9d9c1c3f25b57b38136a8a2,2.386891298935645,current_controlled,2.8824788957433687,per_T_hs,457.2997096285444,457.2997096285444,0.0,True,0.02,deterministic_pair,depleted,-2.0118662291679357e-07,,False,135.7856562112328,3.0,10.0,True,False,0.1,source,135.7856562112328,1,False,0.17355371900826455,0.17355371900826455,0.9679806914019865,1.935961382803973,6.483640275468983,3.9722181345032808,12.5,isolated_dot,False,False,3.0,True,0.0,[],,1126.0090782959303,563.0045391479651,,0.28824788957160513,430.13046372314926,5.716246370356805e-05,5.716246370356805e-05,0.0,1.4606188449323623e-10,,10000000000.0,True,False,3.4126017696256388,gan_barrier,a_plane,0.9679806914019865,True,ingan_gan_planar,1,,3.778979081712954e-10,"{""nitride"": ""[A/E/DR] planar integration; cavity/transport inputs retain module provenance""}",,1.4606188449323623,10.0,deterministic_pair,80000000.0,3.4126017696256388,gan_barrier,530.122874110774,0.02,0.9090909090909091,SE07763,sensitivity,0.0,Q_purcell,REF_pass_a_plane_SET,10000.0,5.285087763377385e-18,1.1726382211781896,30.31504311247509,38.74045864977526,18921161667.91825,False,1.0,0.5863191105890947,5.0,disc,457.2997096285444,[],True,1.0,10.0,,,1.033078457951096,0.25174851081662675,self_consistent,1.0,503.0296805913988,0.02,True,0.25
2.905843141084041,152.08648008312636,1.0,1.0,0.0,12.817413071999999,500.0,0.013198776473700664,0.013198776473700664,230.0,230.0,230.00000068065262,2.452810661041165,2.4528126610411647,136.70048584617953,,2609.1505176731994,,0.0,False,"{""Q"":500.0,""T_hs"":230.0,""cavity_tracking"":""per_T_hs"",""current_uA"":0.02,""geometry_type"":""isolated_dot"",""height_nm"":3.0,""orientation"":""a_plane"",""polarity"":1,""purcell_enabled"":false,""radius_nm"":10.0,""regime"":""deterministic_pair"",""screening_fraction"":0.0,""sensitivity_axis"":""Q_purcell"",""sensitivity_baseline"":""REF_pass_a_plane_SET"",""sensitivity_value"":500.0,""shape"":""disc"",""strain_fraction"":1.0,""top_radius_fraction"":1.0,""x_in"":0.25}",nitride-nonpolar-set-design.yaml,caab7749b4e82f3748ba9808f573e192cf6db5dde9d9c1c3f25b57b38136a8a2,2.4528106616381686,current_controlled,2.9058431412884254,per_T_hs,26091.505176731993,26091.505176731993,0.0,True,0.02,deterministic_pair,depleted,-1.7715828803943623e-07,,False,136.70048584617953,3.0,10.0,True,True,0.1,source,136.70048584617953,1,False,0.17355371900826455,0.17355371900826455,0.9681191226443326,1.9362382452886653,1.9362382452886653,0.9681191226443326,12.5,isolated_dot,False,False,3.0,True,0.0,[],,144.76207497690532,72.38103748845266,,5.811686282522398,426.6720272923851,0.003261438147091499,0.003261438147091499,0.0,3.658183147762263e-12,,10000000000.0,True,True,3.4396357544776124,gan_barrier,a_plane,0.9681191226443326,True,ingan_gan_planar,1,,3.884081592483214e-10,"{""nitride"": ""[A/E/DR] planar integration; cavity/transport inputs retain module provenance""}",False,0.036581831477622624,10.0,deterministic_pair,80000000.0,3.4396357544776124,gan_barrier,533.7926133935715,0.02,0.9090909090909091,SE07764,sensitivity,0.0,Q_purcell,REF_pass_a_plane_SET,500.0,5.285087763377385e-18,1.5295281135357035,30.31504311247509,38.74045864977526,18921161667.91825,False,1.0,0.7647640567678519,5.0,disc,26091.505176731993,[],True,1.0,10.0,,,1.0329307381808424,1.0329307381808424,self_consistent,1.0,28700.65569440519,0.02,True,0.25
2.882478895514865,152.21130004799122,1.0,1.0,0.0,12.817413071999999,500.0,0.0017163614490962975,0.0017163614490962975,300.0,300.0,300.0000006829321,2.3868912982517547,2.3868932982517546,135.7856562112328,,189.16709013662367,,0.0,False,"{""Q"":500.0,""T_hs"":300.0,""cavity_tracking"":""per_T_hs"",""current_uA"":0.02,""geometry_type"":""isolated_dot"",""height_nm"":3.0,""orientation"":""a_plane"",""polarity"":1,""purcell_enabled"":false,""radius_nm"":10.0,""regime"":""deterministic_pair"",""screening_fraction"":0.0,""sensitivity_axis"":""Q_purcell"",""sensitivity_baseline"":""REF_pass_a_plane_SET"",""sensitivity_value"":500.0,""shape"":""disc"",""strain_fraction"":1.0,""top_radius_fraction"":1.0,""x_in"":0.25}",nitride-nonpolar-set-design.yaml,caab7749b4e82f3748ba9808f573e192cf6db5dde9d9c1c3f25b57b38136a8a2,2.386891298935645,current_controlled,2.8824788957433687,per_T_hs,1891.6709013662366,1891.6709013662366,0.0,True,0.02,deterministic_pair,depleted,-2.0118662291679357e-07,,False,135.7856562112328,3.0,10.0,True,True,0.1,source,135.7856562112328,1,False,0.17355371900826455,0.17355371900826455,0.9679806914019865,1.935961382803973,1.935961382803973,0.9679806914019865,12.5,isolated_dot,False,False,3.0,True,0.0,[],,1126.0090782959303,563.0045391479651,,5.764957791432103,430.13046372314926,0.00023645886267077956,0.00023645886267077956,0.0,1.4606188449323623e-10,,10000000000.0,True,True,3.4126017696256388,gan_barrier,a_plane,0.9679806914019865,True,ingan_gan_planar,1,,3.778979081712954e-10,"{""nitride"": ""[A/E/DR] planar integration; cavity/transport inputs retain module provenance""}",False,1.4606188449323623,10.0,deterministic_pair,80000000.0,3.4126017696256388,gan_barrier,530.122874110774,0.02,0.9090909090909091,SE07765,sensitivity,0.0,Q_purcell,REF_pass_a_plane_SET,500.0,5.285087763377385e-18,1.1726382211781896,30.31504311247509,38.74045864977526,18921161667.91825,False,1.0,0.5863191105890947,5.0,disc,1891.6709013662366,[],True,1.0,10.0,,,1.033078457951096,1.033078457951096,self_consistent,1.0,2080.8379915028604,0.02,True,0.25
2.905843141084041,152.08648008312636,7.2370885322244805,3.73978651622828,75.99088773175333,12.817413071999999,2000.0,0.08825536151298236,0.04763793151495276,230.0,230.0,230.00000068065262,2.452810661041165,2.4528126610411647,136.70048584617953,,5718.192060085714,,0.0,False,"{""Q"":2000.0,""T_hs"":230.0,""cavity_tracking"":""per_T_hs"",""current_uA"":0.02,""detuning_offset_meV"":0.0,""geometry_type"":""isolated_dot"",""height_nm"":3.0,""orientation"":""a_plane"",""polarity"":1,""radius_nm"":10.0,""regime"":""deterministic_pair"",""screening_fraction"":0.0,""sensitivity_axis"":""detuning_offset_meV"",""sensitivity_baseline"":""REF_pass_a_plane_SET"",""sensitivity_value"":0.0,""shape"":""disc"",""strain_fraction"":1.0,""top_radius_fraction"":1.0,""x_in"":0.25}",nitride-nonpolar-set-design.yaml,caab7749b4e82f3748ba9808f573e192cf6db5dde9d9c1c3f25b57b38136a8a2,2.4528106616381686,current_controlled,2.9058431412884254,per_T_hs,57181.920600857135,57181.920600857135,0.0,True,0.02,deterministic_pair,depleted,-1.7715828803943623e-07,0.0,False,136.70048584617953,3.0,10.0,True,True,0.1,source,136.70048584617953,1,False,0.17355371900826455,0.17355371900826455,0.9681191226443326,1.9362382452886653,7.241117681936056,7.006363800316525,12.5,isolated_dot,False,False,3.0,True,0.0,[],,144.76207497690532,72.38103748845266,,1.4529215706305996,426.6720272923851,0.0071477400751071415,0.0071477400751071415,0.0,3.658183147762263e-12,,10000000000.0,True,True,3.4396357544776124,gan_barrier,a_plane,0.9681191226443326,True,ingan_gan_planar,1,,3.884081592483214e-10,"{""nitride"": ""[A/E/DR] planar integration; cavity/transport inputs retain module provenance""}",,0.036581831477622624,10.0,deterministic_pair,80000000.0,3.4396357544776124,gan_barrier,533.7926133935715,0.02,0.9090909090909091,SE07766,sensitivity,0.0,detuning_offset_meV,REF_pass_a_plane_SET,0.0,5.285087763377385e-18,1.5295281135357035,30.31504311247509,38.74045864977526,18921161667.91825,False,1.0,0.7647640567678519,5.0,disc,57181.920600857135,[],True,1.0,10.0,,,1.0329307381808424,0.142727387343892,self_consistent,1.0,62900.112660942854,0.02,True,0.25
2.882478895514865,152.21130004799122,4.005415459274011,3.309702943306882,75.99088773175333,12.817413071999999,2000.0,0.006839460152696908,0.005658215759476905,300.0,300.0,300.0000006829321,2.3868912982517547,2.3868932982517546,135.7856562112328,,215.13242842275577,,0.0,False,"{""Q"":2000.0,""T_hs"":300.0,""cavity_tracking"":""per_T_hs"",""current_uA"":0.02,""detuning_offset_meV"":0.0,""geometry_type"":""isolated_dot"",""height_nm"":3.0,""orientation"":""a_plane"",""polarity"":1,""radius_nm"":10.0,""regime"":""deterministic_pair"",""screening_fraction"":0.0,""sensitivity_axis"":""detuning_offset_meV"",""sensitivity_baseline"":""REF_pass_a_plane_SET"",""sensitivity_value"":0.0,""shape"":""disc"",""strain_fraction"":1.0,""top_radius_fraction"":1.0,""x_in"":0.25}",nitride-nonpolar-set-design.yaml,caab7749b4e82f3748ba9808f573e192cf6db5dde9d9c1c3f25b57b38136a8a2,2.386891298935645,current_controlled,2.8824788957433687,per_T_hs,2151.3242842275577,2151.3242842275577,0.0,True,0.02,deterministic_pair,depleted,-2.0118662291679357e-07,0.0,False,135.7856562112328,3.0,10.0,True,True,0.1,source,135.7856562112328,1,False,0.17355371900826455,0.17355371900826455,0.9679806914019865,1.935961382803973,6.407457086794771,3.8771648256202624,12.5,isolated_dot,False,False,3.0,True,0.0,[],,1126.0090782959303,563.0045391479651,,1.4412394478580257,430.13046372314926,0.00026891553552844467,0.00026891553552844467,0.0,1.4606188449323623e-10,,10000000000.0,True,True,3.4126017696256388,gan_barrier,a_plane,0.9679806914019865,True,ingan_gan_planar,1,,3.778979081712954e-10,"{""nitride"": ""[A/E/DR] planar integration; cavity/transport inputs retain module provenance""}",,1.4606188449323623,10.0,deterministic_pair,80000000.0,3.4126017696256388,gan_barrier,530.122874110774,0.02,0.9090909090909091,SE07767,sensitivity,0.0,detuning_offset_meV,REF_pass_a_plane_SET,0.0,5.285087763377385e-18,1.1726382211781896,30.31504311247509,38.74045864977526,18921161667.91825,False,1.0,0.5863191105890947,5.0,disc,2151.3242842275577,[],True,1.0,10.0,,,1.033078457951096,0.2579204250982602,self_consistent,1.0,2366.4567126503134,0.02,True,0.25
2.905843141084041,152.08648008312636,3.730264189888335,2.017768822283932,75.99088773175333,12.817413071999999,2000.0,0.0475223990826245,0.026279065013129637,230.0,230.0,230.00000068065262,2.452810661041165,2.4528126610411647,136.70048584617953,,234.82987417737732,,0.0,False,"{""Q"":2000.0,""T_hs"":230.0,""cavity_tracking"":""per_T_hs"",""current_uA"":0.02,""detuning_offset_meV"":10.0,""geometry_type"":""isolated_dot"",""height_nm"":3.0,""orientation"":""a_plane"",""polarity"":1,""radius_nm"":10.0,""regime"":""deterministic_pair"",""screening_fraction"":0.0,""sensitivity_axis"":""detuning_offset_meV"",""sensitivity_baseline"":""REF_pass_a_plane_SET"",""sensitivity_value"":10.0,""shape"":""disc"",""strain_fraction"":1.0,""top_radius_fraction"":1.0,""x_in"":0.25}",nitride-nonpolar-set-design.yaml,caab7749b4e82f3748ba9808f573e192cf6db5dde9d9c1c3f25b57b38136a8a2,2.4528106616381686,current_controlled,2.9058431412884254,per_T_hs,2348.298741773773,2348.298741773773,0.0,True,0.02,deterministic_pair,depleted,9.999999822841499,10.0,False,136.70048584617953,3.0,10.0,True,True,0.1,source,136.70048584617953,1,False,0.17355371900826455,0.17355371900826455,0.9681191226443326,1.9362382452886653,3.906881163857217,3.611340094746267,12.5,isolated_dot,False,False,3.0,True,0.0,[],,144.76207497690532,72.38103748845266,,1.4479215706305997,426.6720272923851,0.0002935373427217216,0.0002935373427217216,0.0,3.658183147762263e-12,,10000000000.0,True,True,3.4396357544776124,gan_barrier,a_plane,0.9681191226443326,True,ingan_gan_planar,1,,3.884081592483214e-10,"{""nitride"": ""[A/E/DR] planar integration; cavity/transport inputs retain module provenance""}",,0.036581831477622624,10.0,deterministic_pair,80000000.0,3.4396357544776124,gan_barrier,533.7926133935715,0.02,0.9090909090909091,SE07768,sensitivity,0.0,detuning_offset_meV,REF_pass_a_plane_SET,10.0,5.285087763377385e-18,1.5295281135357035,30.31504311247509,38.74045864977526,18921161667.91825,False,1.0,0.7647640567678519,5.0,disc,2348.298741773773,[],True,1.0,10.0,,,1.0329307381808424,0.2769055181080252,self_consistent,1.0,2583.1286159511506,0.02,True,0.25
2.882478895514865,152.21130004799122,3.301859638583992,2.3583455064775483,75.99088773175333,12.817413071999999,2000.0,0.005644882660925588,0.004038358234676735,300.0,300.0,300.0000006829321,2.3868912982517547,2.3868932982517546,135.7856562112328,,134.87868464315062,,0.0,False,"{""Q"":2000.0,""T_hs"":300.0,""cavity_tracking"":""per_T_hs"",""current_uA"":0.02,""detuning_offset_meV"":10.0,""geometry_type"":""isolated_dot"",""height_nm"":3.0,""orientation"":""a_plane"",""polarity"":1,""radius_nm"":10.0,""regime"":""deterministic_pair"",""screening_fraction"":0.0,""sensitivity_axis"":""detuning_offset_meV"",""sensitivity_baseline"":""REF_pass_a_plane_SET"",""sensitivity_value"":10.0,""shape"":""disc"",""strain_fraction"":1.0,""top_radius_fraction"":1.0,""x_in"":0.25}",nitride-nonpolar-set-design.yaml,caab7749b4e82f3748ba9808f573e192cf6db5dde9d9c1c3f25b57b38136a8a2,2.386891298935645,current_controlled,2.8824788957433687,per_T_hs,1348.786846431506,1348.786846431506,0.0,True,0.02,deterministic_pair,depleted,9.999999798813164,10.0,False,135.7856562112328,3.0,10.0,True,True,0.1,source,135.7856562112328,1,False,0.17355371900826455,0.17355371900826455,0.9679806914019865,1.935961382803973,4.56566582784981,3.1961363758688455,12.5,isolated_dot,False,False,3.0,True,0.0,[],,1126.0090782959303,563.0045391479651,,1.4362394478580258,430.13046372314926,0.00016859835580393826,0.00016859835580393826,0.0,1.4606188449323623e-10,,10000000000.0,True,True,3.4126017696256388,gan_barrier,a_plane,0.9679806914019865,True,ingan_gan_planar,1,,3.778979081712954e-10,"{""nitride"": ""[A/E/DR] planar integration; cavity/transport inputs retain module provenance""}",,1.4606188449323623,10.0,deterministic_pair,80000000.0,3.4126017696256388,gan_barrier,530.122874110774,0.02,0.9090909090909091,SE07769,sensitivity,0.0,detuning_offset_meV,REF_pass_a_plane_SET,10.0,5.285087763377385e-18,1.1726382211781896,30.31504311247509,38.74045864977526,18921161667.91825,False,1.0,0.5863191105890947,5.0,disc,1348.786846431506,[],True,1.0,10.0,,,1.033078457951096,0.3128777631486884,self_consistent,1.0,1483.6655310746569,0.02,True,0.25
2.905843141084041,152.08648008312636,7.2370885322244805,3.73978651622828,75.99088773175333,12.817413071999999,2000.0,0.009587032465792964,0.004977185699851324,230.0,230.0,230.00000068065262,2.452810661041165,2.4528126610411647,136.70048584617953,,621.1576496416845,,0.0,False,"{""Q"":2000.0,""T_hs"":230.0,""cavity_tracking"":""per_T_hs"",""current_uA"":0.02,""geometry_type"":""isolated_dot"",""height_nm"":3.0,""n_dot_cm2"":1000000000.0,""orientation"":""a_plane"",""polarity"":1,""radius_nm"":10.0,""regime"":""deterministic_pair"",""screening_fraction"":0.0,""sensitivity_axis"":""tau_cap_density_convention"",""sensitivity_baseline"":""REF_pass_a_plane_SET"",""sensitivity_value"":false,""shape"":""disc"",""strain_fraction"":1.0,""tau_cap_scales_with_density"":false,""top_radius_fraction"":1.0,""x_in"":0.25}",nitride-nonpolar-set-design.yaml,caab7749b4e82f3748ba9808f573e192cf6db5dde9d9c1c3f25b57b38136a8a2,2.4528106616381686,current_controlled,2.9058431412884254,per_T_hs,6211.576496416844,6211.576496416844,0.0,True,0.02,deterministic_pair,depleted,-1.7715828803943623e-07,,False,136.70048584617953,3.0,10.0,True,True,0.1,source,136.70048584617953,1,False,0.17355371900826455,0.17355371900826455,0.9681191226443326,1.9362382452886653,7.241117681936056,7.006363800316525,12.5,isolated_dot,False,False,3.0,True,0.0,[],,1447.6207497690534,723.8103748845267,,1.4529215706305996,426.6720272923851,0.0007764470620521055,0.0007764470620521055,0.0,3.3588772538544407e-12,1000000000.0,1000000000.0,True,True,3.4396357544776124,gan_barrier,a_plane,0.9681191226443326,True,ingan_gan_planar,1,,3.884081592483214e-10,"{""nitride"": ""[A/E/DR] planar integration; cavity/transport inputs retain module provenance""}",,0.033588772538544406,10.0,deterministic_pair,80000000.0,3.4396357544776124,gan_barrier,533.7926133935715,0.02,0.9090909090909091,SE07770,sensitivity,0.0,tau_cap_density_convention,REF_pass_a_plane_SET,False,5.285087763377385e-18,1.5295281135357035,30.31504311247509,38.74045864977526,18921161667.91825,False,1.0,0.7647640567678519,5.0,disc,6211.576496416844,[],True,1.0,10.0,False,,1.0329307381808424,0.142727387343892,self_consistent,1.0,6832.7341460585285,0.02,True,0.25
2.882478895514865,152.21130004799122,4.005415459274011,3.309702943306882,75.99088773175333,12.817413071999999,2000.0,0.0006881821301006503,0.0005687177107097792,300.0,300.0,300.0000006829321,2.3868912982517547,2.3868932982517546,135.7856562112328,,21.6464881058367,,0.0,False,"{""Q"":2000.0,""T_hs"":300.0,""cavity_tracking"":""per_T_hs"",""current_uA"":0.02,""geometry_type"":""isolated_dot"",""height_nm"":3.0,""n_dot_cm2"":1000000000.0,""orientation"":""a_plane"",""polarity"":1,""radius_nm"":10.0,""regime"":""deterministic_pair"",""screening_fraction"":0.0,""sensitivity_axis"":""tau_cap_density_convention"",""sensitivity_baseline"":""REF_pass_a_plane_SET"",""sensitivity_value"":false,""shape"":""disc"",""strain_fraction"":1.0,""tau_cap_scales_with_density"":false,""top_radius_fraction"":1.0,""x_in"":0.25}",nitride-nonpolar-set-design.yaml,caab7749b4e82f3748ba9808f573e192cf6db5dde9d9c1c3f25b57b38136a8a2,2.386891298935645,current_controlled,2.8824788957433687,per_T_hs,216.46488105836696,216.46488105836696,0.0,True,0.02,deterministic_pair,depleted,-2.0118662291679357e-07,,False,135.7856562112328,3.0,10.0,True,False,0.1,source,135.7856562112328,1,False,0.17355371900826455,0.17355371900826455,0.9679806914019865,1.935961382803973,6.407457086794771,3.8771648256202624,12.5,isolated_dot,False,False,3.0,True,0.0,[],,11260.090782959302,5630.045391479651,,1.4412394478580257,430.13046372314926,2.705811013229587e-05,2.705811013229587e-05,0.0,1.3411136667106236e-10,1000000000.0,1000000000.0,True,False,3.4126017696256388,gan_barrier,a_plane,0.9679806914019865,True,ingan_gan_planar,1,,3.778979081712954e-10,"{""nitride"": ""[A/E/DR] planar integration; cavity/transport inputs retain module provenance""}",,1.3411136667106236,10.0,deterministic_pair,80000000.0,3.4126017696256388,gan_barrier,530.122874110774,0.02,0.9090909090909091,SE07771,sensitivity,0.0,tau_cap_density_convention,REF_pass_a_plane_SET,False,5.285087763377385e-18,1.1726382211781896,30.31504311247509,38.74045864977526,18921161667.91825,False,1.0,0.5863191105890947,5.0,disc,216.46488105836696,[],True,1.0,10.0,False,,1.033078457951096,0.2579204250982602,self_consistent,1.0,238.11136916420367,0.02,True,0.25
2.905843141084041,152.08648008312636,7.2370885322244805,3.73978651622828,75.99088773175333,12.817413071999999,2000.0,0.08825536151298236,0.04763793151495276,230.0,230.0,230.00000068065262,2.452810661041165,2.4528126610411647,136.70048584617953,,5718.192060085714,,0.0,False,"{""Q"":2000.0,""T_hs"":230.0,""cavity_tracking"":""per_T_hs"",""current_uA"":0.02,""geometry_type"":""isolated_dot"",""height_nm"":3.0,""n_dot_cm2"":1000000000.0,""orientation"":""a_plane"",""polarity"":1,""radius_nm"":10.0,""regime"":""deterministic_pair"",""screening_fraction"":0.0,""sensitivity_axis"":""tau_cap_density_convention"",""sensitivity_baseline"":""REF_pass_a_plane_SET"",""sensitivity_value"":true,""shape"":""disc"",""strain_fraction"":1.0,""tau_cap_scales_with_density"":true,""top_radius_fraction"":1.0,""x_in"":0.25}",nitride-nonpolar-set-design.yaml,caab7749b4e82f3748ba9808f573e192cf6db5dde9d9c1c3f25b57b38136a8a2,2.4528106616381686,current_controlled,2.9058431412884254,per_T_hs,57181.920600857135,57181.920600857135,0.0,True,0.02,deterministic_pair,depleted,-1.7715828803943623e-07,,False,136.70048584617953,3.0,10.0,True,True,0.1,source,136.70048584617953,1,False,0.17355371900826455,0.17355371900826455,0.9681191226443326,1.9362382452886653,7.241117681936056,7.006363800316525,12.5,isolated_dot,False,False,3.0,True,0.0,[],,144.76207497690532,72.38103748845266,,1.4529215706305996,426.6720272923851,0.0071477400751071415,0.0071477400751071415,0.0,3.3588772538544407e-12,1000000000.0,1000000000.0,True,True,3.4396357544776124,gan_barrier,a_plane,0.9681191226443326,True,ingan_gan_planar,1,,3.884081592483214e-10,"{""nitride"": ""[A/E/DR] planar integration; cavity/transport inputs retain module provenance""}",,0.033588772538544406,10.0,deterministic_pair,80000000.0,3.4396357544776124,gan_barrier,533.7926133935715,0.02,0.9090909090909091,SE07772,sensitivity,0.0,tau_cap_density_convention,REF_pass_a_plane_SET,True,5.285087763377385e-18,1.5295281135357035,30.31504311247509,38.74045864977526,18921161667.91825,False,1.0,0.7647640567678519,5.0,disc,57181.920600857135,[],True,1.0,100.0,True,,1.0329307381808424,0.142727387343892,self_consistent,1.0,62900.112660942854,0.02,True,0.25
2.882478895514865,152.21130004799122,4.005415459274011,3.309702943306882,75.99088773175333,12.817413071999999,2000.0,0.006839460152696908,0.005658215759476905,300.0,300.0,300.0000006829321,2.3868912982517547,2.3868932982517546,135.7856562112328,,215.13242842275577,,0.0,False,"{""Q"":2000.0,""T_hs"":300.0,""cavity_tracking"":""per_T_hs"",""current_uA"":0.02,""geometry_type"":""isolated_dot"",""height_nm"":3.0,""n_dot_cm2"":1000000000.0,""orientation"":""a_plane"",""polarity"":1,""radius_nm"":10.0,""regime"":""deterministic_pair"",""screening_fraction"":0.0,""sensitivity_axis"":""tau_cap_density_convention"",""sensitivity_baseline"":""REF_pass_a_plane_SET"",""sensitivity_value"":true,""shape"":""disc"",""strain_fraction"":1.0,""tau_cap_scales_with_density"":true,""top_radius_fraction"":1.0,""x_in"":0.25}",nitride-nonpolar-set-design.yaml,caab7749b4e82f3748ba9808f573e192cf6db5dde9d9c1c3f25b57b38136a8a2,2.386891298935645,current_controlled,2.8824788957433687,per_T_hs,2151.3242842275577,2151.3242842275577,0.0,True,0.02,deterministic_pair,depleted,-2.0118662291679357e-07,,False,135.7856562112328,3.0,10.0,True,True,0.1,source,135.7856562112328,1,False,0.17355371900826455,0.17355371900826455,0.9679806914019865,1.935961382803973,6.407457086794771,3.8771648256202624,12.5,isolated_dot,False,False,3.0,True,0.0,[],,1126.0090782959303,563.0045391479651,,1.4412394478580257,430.13046372314926,0.00026891553552844467,0.00026891553552844467,0.0,1.3411136667106236e-10,1000000000.0,1000000000.0,True,True,3.4126017696256388,gan_barrier,a_plane,0.9679806914019865,True,ingan_gan_planar,1,,3.778979081712954e-10,"{""nitride"": ""[A/E/DR] planar integration; cavity/transport inputs retain module provenance""}",,1.3411136667106236,10.0,deterministic_pair,80000000.0,3.4126017696256388,gan_barrier,530.122874110774,0.02,0.9090909090909091,SE07773,sensitivity,0.0,tau_cap_density_convention,REF_pass_a_plane_SET,True,5.285087763377385e-18,1.1726382211781896,30.31504311247509,38.74045864977526,18921161667.91825,False,1.0,0.5863191105890947,5.0,disc,2151.3242842275577,[],True,1.0,100.0,True,,1.033078457951096,0.2579204250982602,self_consistent,1.0,2366.4567126503134,0.02,True,0.25
2.882478895514865,152.21130004799122,4.005415459274011,3.309702943306882,75.99088773175333,12.817413071999999,2000.0,0.006839460152696908,0.005658215759476905,300.0,300.0,300.0000006829321,2.3868912982517547,2.3868932982517546,135.7856562112328,,215.13242842275577,,0.0,False,"{""Q"":2000.0,""T_hs"":300.0,""cavity_tracking"":""per_T_hs"",""current_uA"":0.02,""geometry_type"":""isolated_dot"",""height_nm"":3.0,""island_radius_nm"":0.5,""orientation"":""a_plane"",""polarity"":1,""radius_nm"":10.0,""regime"":""deterministic_pair"",""screening_fraction"":0.0,""sensitivity_axis"":""island_radius_nm"",""sensitivity_baseline"":""REF_pass_a_plane_SET"",""sensitivity_value"":0.5,""shape"":""disc"",""strain_fraction"":1.0,""top_radius_fraction"":1.0,""x_in"":0.25}",nitride-nonpolar-set-design.yaml,caab7749b4e82f3748ba9808f573e192cf6db5dde9d9c1c3f25b57b38136a8a2,2.386891298935645,current_controlled,2.8824788957433687,per_T_hs,2151.3242842275577,2151.3242842275577,0.0,True,0.02,deterministic_pair,depleted,-2.0118662291679357e-07,,True,135.7856562112328,3.0,10.0,True,True,0.1,source,135.7856562112328,1,False,0.17355371900826455,0.17355371900826455,0.9679806914019865,1.935961382803973,6.407457086794771,3.8771648256202624,12.5,isolated_dot,True,True,3.0,True,0.0,[],0.5,1126.0090782959303,563.0045391479651,,1.4412394478580257,430.13046372314926,0.00026891553552844467,0.00026891553552844467,0.0,1.4606188449323623e-10,,10000000000.0,True,True,3.4126017696256388,gan_barrier,a_plane,0.9679806914019865,True,ingan_gan_planar,1,,3.778979081712954e-10,"{""nitride"": ""[A/E/DR] planar integration; cavity/transport inputs retain module provenance""}",,1.4606188449323623,10.0,deterministic_pair,80000000.0,3.4126017696256388,gan_barrier,530.122874110774,0.02,0.9090909090909091,SE07774,sensitivity,0.0,island_radius_nm,REF_pass_a_plane_SET,0.5,5.285087763377385e-19,11.726382211781894,303.15043112475087,38.74045864977526,189211616679.18253,True,0.0,0.5863191105890947,0.5,disc,2151.3242842275577,[],True,1.0,10.0,,,1.033078457951096,0.2579204250982602,self_consistent,1.0,2366.4567126503134,0.02,True,0.25
2.882478895514865,152.21130004799122,4.005415459274011,3.309702943306882,75.99088773175333,12.817413071999999,2000.0,0.006839460152696908,0.005658215759476905,300.0,300.0,300.0000006829321,2.3868912982517547,2.3868932982517546,135.7856562112328,,215.13242842275577,,0.0,False,"{""Q"":2000.0,""T_hs"":300.0,""cavity_tracking"":""per_T_hs"",""current_uA"":0.02,""geometry_type"":""isolated_dot"",""height_nm"":3.0,""island_radius_nm"":1.0,""orientation"":""a_plane"",""polarity"":1,""radius_nm"":10.0,""regime"":""deterministic_pair"",""screening_fraction"":0.0,""sensitivity_axis"":""island_radius_nm"",""sensitivity_baseline"":""REF_pass_a_plane_SET"",""sensitivity_value"":1.0,""shape"":""disc"",""strain_fraction"":1.0,""top_radius_fraction"":1.0,""x_in"":0.25}",nitride-nonpolar-set-design.yaml,caab7749b4e82f3748ba9808f573e192cf6db5dde9d9c1c3f25b57b38136a8a2,2.386891298935645,current_controlled,2.8824788957433687,per_T_hs,2151.3242842275577,2151.3242842275577,0.0,True,0.02,deterministic_pair,depleted,-2.0118662291679357e-07,,False,135.7856562112328,3.0,10.0,True,True,0.1,source,135.7856562112328,1,False,0.17355371900826455,0.17355371900826455,0.9679806914019865,1.935961382803973,6.407457086794771,3.8771648256202624,12.5,isolated_dot,False,False,3.0,True,0.0,[],1.0,1126.0090782959303,563.0045391479651,,1.4412394478580257,430.13046372314926,0.00026891553552844467,0.00026891553552844467,0.0,1.4606188449323623e-10,,10000000000.0,True,True,3.4126017696256388,gan_barrier,a_plane,0.9679806914019865,True,ingan_gan_planar,1,,3.778979081712954e-10,"{""nitride"": ""[A/E/DR] planar integration; cavity/transport inputs retain module provenance""}",,1.4606188449323623,10.0,deterministic_pair,80000000.0,3.4126017696256388,gan_barrier,530.122874110774,0.02,0.9090909090909091,SE07775,sensitivity,0.0,island_radius_nm,REF_pass_a_plane_SET,1.0,1.057017552675477e-18,5.863191105890947,151.57521556237543,38.74045864977526,94605808339.59126,False,1.0,0.5863191105890947,1.0,disc,2151.3242842275577,[],True,1.0,10.0,,,1.033078457951096,0.2579204250982602,self_consistent,1.0,2366.4567126503134,0.02,True,0.25
2.882478895514865,152.21130004799122,4.005415459274011,3.309702943306882,75.99088773175333,12.817413071999999,2000.0,0.006839460152696908,0.005658215759476905,300.0,300.0,300.0000006829321,2.3868912982517547,2.3868932982517546,135.7856562112328,,215.13242842275577,,0.0,False,"{""Q"":2000.0,""T_hs"":300.0,""cavity_tracking"":""per_T_hs"",""current_uA"":0.02,""geometry_type"":""isolated_dot"",""height_nm"":3.0,""island_radius_nm"":5.0,""orientation"":""a_plane"",""polarity"":1,""radius_nm"":10.0,""regime"":""deterministic_pair"",""screening_fraction"":0.0,""sensitivity_axis"":""island_radius_nm"",""sensitivity_baseline"":""REF_pass_a_plane_SET"",""sensitivity_value"":5.0,""shape"":""disc"",""strain_fraction"":1.0,""top_radius_fraction"":1.0,""x_in"":0.25}",nitride-nonpolar-set-design.yaml,caab7749b4e82f3748ba9808f573e192cf6db5dde9d9c1c3f25b57b38136a8a2,2.386891298935645,current_controlled,2.8824788957433687,per_T_hs,2151.3242842275577,2151.3242842275577,0.0,True,0.02,deterministic_pair,depleted,-2.0118662291679357e-07,,False,135.7856562112328,3.0,10.0,True,True,0.1,source,135.7856562112328,1,False,0.17355371900826455,0.17355371900826455,0.9679806914019865,1.935961382803973,6.407457086794771,3.8771648256202624,12.5,isolated_dot,False,False,3.0,True,0.0,[],5.0,1126.0090782959303,563.0045391479651,,1.4412394478580257,430.13046372314926,0.00026891553552844467,0.00026891553552844467,0.0,1.4606188449323623e-10,,10000000000.0,True,True,3.4126017696256388,gan_barrier,a_plane,0.9679806914019865,True,ingan_gan_planar,1,,3.778979081712954e-10,"{""nitride"": ""[A/E/DR] planar integration; cavity/transport inputs retain module provenance""}",,1.4606188449323623,10.0,deterministic_pair,80000000.0,3.4126017696256388,gan_barrier,530.122874110774,0.02,0.9090909090909091,SE07776,sensitivity,0.0,island_radius_nm,REF_pass_a_plane_SET,5.0,5.285087763377385e-18,1.1726382211781896,30.31504311247509,38.74045864977526,18921161667.91825,False,1.0,0.5863191105890947,5.0,disc,2151.3242842275577,[],True,1.0,10.0,,,1.033078457951096,0.2579204250982602,self_consistent,1.0,2366.4567126503134,0.02,True,0.25
2.208920822280462,16.79288759736658,1.6336738773508779,1.3237482372472287,75.99088773175333,12.817413071999999,2000.0,4.6066843947164527e-07,3.73274676454032e-07,230.0,230.0,230.00000068065262,2.452810661041165,2.4528126610411647,136.70048584617953,,3.880134171272575e-06,,nan,False,"{""Q"":2000.0,""T_hs"":230.0,""cavity_tracking"":""fixed_300K"",""current_uA"":0.02,""geometry_type"":""isolated_dot"",""height_nm"":3.0,""orientation"":""c_plane"",""polarity"":1,""radius_nm"":10.0,""regime"":""rectangular"",""screening_fraction"":0.0,""sensitivity_axis"":""cavity_tracking_fixed_300K"",""sensitivity_value"":230.0,""shape"":""disc"",""top_radius_fraction"":1.0,""x_in"":0.25}",nitride-cavity-pulse-design.yaml,4a485480b44950ade4cf2ca57e60a1fb7e0c976fc218a8cdcd358c545c51c75f,2.386891298935645,current_controlled,2.1839109387116644,fixed_300K,3.880173957537539e-05,3.880134171272575e-05,3.9786264964846e-10,True,0.02,rectangular,depleted,22.209883596023605,,False,136.70048584617953,3.0,10.0,True,False,0.1,source,-3901.8335667870415,1,False,0.9991379030238006,0.9991379030238006,0.003301931629964929,0.006603863259929858,0.008741852349353886,0.0053942794486723095,12.5,isolated_dot,,False,3.0,True,nan,[],,23419.346764388178,11709.673382194089,,1.0933554693422192,561.2885584192206,4.8502174469219245e-12,4.8501677140907184e-12,4.9732831206057494e-17,0.030913554064414085,,10000000000.0,False,False,3.4396357544776124,gan_barrier,c_plane,0.003301931629964929,True,ingan_gan_planar,1,,3.884081592483214e-10,"{""nitride"": ""[A/E/DR] planar integration; cavity/transport inputs retain module provenance""}",,309135540.64414084,10.0,rectangular,80000000.0,3.4396357544776124,gan_barrier,1230.7149321971503,0.02,0.90909175650759,FI07777,fixed_anchor,0.0,cavity_tracking_fixed_300K,,230.0,nan,nan,nan,nan,nan,False,nan,nan,nan,disc,3.880173957537539e-05,[],True,,10.0,,,302.8530303065728,185.38157125807217,self_consistent,1.0,4.268187374664797e-05,0.02,True,0.25
2.2022181439358706,16.78904282544602,2.1749875817189586,1.5568797646149952,75.99088773175333,12.817413071999999,2000.0,5.236552382727963e-07,3.7483817024055023e-07,250.0,250.0,250.0000006815537,2.434877827044563,2.4348798270445626,136.44701974283223,,1.105826049443066e-05,,nan,False,"{""Q"":2000.0,""T_hs"":250.0,""cavity_tracking"":""fixed_300K"",""current_uA"":0.02,""geometry_type"":""isolated_dot"",""height_nm"":3.0,""orientation"":""c_plane"",""polarity"":1,""radius_nm"":10.0,""regime"":""rectangular"",""screening_fraction"":0.0,""sensitivity_axis"":""cavity_tracking_fixed_300K"",""sensitivity_value"":250.0,""shape"":""disc"",""top_radius_fraction"":1.0,""x_in"":0.25}",nitride-cavity-pulse-design.yaml,4a485480b44950ade4cf2ca57e60a1fb7e0c976fc218a8cdcd358c545c51c75f,2.386891298935645,current_controlled,2.1839109387116644,fixed_300K,0.00011058353261280492,0.00011058260494430658,9.276684983150963e-10,True,0.02,rectangular,depleted,16.307205251468115,,False,136.44701974283223,3.0,10.0,True,False,0.1,source,-3902.087032890389,1,False,0.9992361360429055,0.9992361360429055,0.003279900926769027,0.006559801853538054,0.010212822765657334,0.007133743784991137,12.5,isolated_dot,,False,3.0,True,nan,[],,27245.941711185704,13622.970855592852,,1.0929554693422012,562.9968981111549,1.3822941576600612e-11,1.3822825618038323e-11,1.1595856228938703e-16,0.030912632864794055,,10000000000.0,False,False,3.4323958330797093,gan_barrier,c_plane,0.003279900926769027,True,ingan_gan_planar,1,,3.8554878945533214e-10,"{""nitride"": ""[A/E/DR] planar integration; cavity/transport inputs retain module provenance""}",,309126328.6479405,10.0,rectangular,80000000.0,3.4323958330797093,gan_barrier,1230.1776891438387,0.02,0.9090916023846998,FI07778,fixed_anchor,0.0,cavity_tracking_fixed_300K,,250.0,nan,nan,nan,nan,nan,False,nan,nan,nan,disc,0.00011058353261280492,[],True,,10.0,,,304.8872579773568,140.17885000354585,self_consistent,1.0,0.00012164179310723556,0.02,True,0.25
2.1940612516712625,16.784501388218963,3.096152461049656,2.035459819381119,75.99088773175333,12.817413071999999,2000.0,6.338686223970075e-07,4.167153937220848e-07,273.0,273.0,273.00000068234147,2.413336793977526,2.413338793977526,136.1475857031237,,0.0004232294048764568,,nan,False,"{""Q"":2000.0,""T_hs"":273.0,""cavity_tracking"":""fixed_300K"",""current_uA"":0.02,""geometry_type"":""isolated_dot"",""height_nm"":3.0,""orientation"":""c_plane"",""polarity"":1,""radius_nm"":10.0,""regime"":""rectangular"",""screening_fraction"":0.0,""sensitivity_axis"":""cavity_tracking_fixed_300K"",""sensitivity_value"":273.0,""shape"":""disc"",""top_radius_fraction"":1.0,""x_in"":0.25}",nitride-cavity-pulse-design.yaml,4a485480b44950ade4cf2ca57e60a1fb7e0c976fc218a8cdcd358c545c51c75f,2.386891298935645,current_controlled,2.1839109387116644,fixed_300K,0.004232320588079984,0.004232294048764568,2.6539315416579887e-08,True,0.02,rectangular,depleted,9.07031298689187,,False,136.1475857031237,3.0,10.0,True,False,0.1,source,-3902.3864669300974,1,False,0.99929568902185,0.99929568902185,0.0032528930419186623,0.006505786083837325,0.013242266167139718,0.010071452797267767,12.5,isolated_dot,,False,3.0,True,nan,[],,31777.709315233664,15888.854657616832,,1.0924954693421853,565.0899595695363,5.29040073509998e-10,5.290367560955709e-10,3.3174144270724855e-15,0.030910559433468893,,10000000000.0,False,False,3.4235794548533582,gan_barrier,c_plane,0.0032528930419186623,True,ingan_gan_planar,1,,3.8211424368841123e-10,"{""nitride"": ""[A/E/DR] planar integration; cavity/transport inputs retain module provenance""}",,309105594.3346889,10.0,rectangular,80000000.0,3.4235794548533582,gan_barrier,1229.5182031820957,0.02,0.9090914273250686,FI07779,fixed_anchor,0.0,cavity_tracking_fixed_300K,,273.0,nan,nan,nan,nan,nan,False,nan,nan,nan,disc,0.004232320588079984,[],True,,10.0,,,307.4186538301202,99.29054130813033,self_consistent,1.0,0.004655549992956441,0.02,True,0.25
2.1839109384684114,16.77901297723189,3.2990903062951293,2.7589632742588286,75.99088773175333,12.817413071999999,2000.0,5.702752350196195e-07,4.769098237579364e-07,300.0,300.0,300.0000006829321,2.3868912982517547,2.3868932982517546,135.7856562112328,,0.00042470937212596974,,nan,False,"{""Q"":2000.0,""T_hs"":300.0,""cavity_tracking"":""fixed_300K"",""current_uA"":0.02,""geometry_type"":""isolated_dot"",""height_nm"":3.0,""orientation"":""c_plane"",""polarity"":1,""radius_nm"":10.0,""regime"":""rectangular"",""screening_fraction"":0.0,""sensitivity_axis"":""cavity_tracking_fixed_300K"",""sensitivity_value"":300.0,""shape"":""disc"",""top_radius_fraction"":1.0,""x_in"":0.25}",nitride-cavity-pulse-design.yaml,4a485480b44950ade4cf2ca57e60a1fb7e0c976fc218a8cdcd358c545c51c75f,2.386891298935645,current_controlled,2.1839109387116644,fixed_300K,0.004247138693754914,0.0042470937212596965,4.497249521672975e-08,True,0.02,rectangular,depleted,-2.1593571375433385e-07,,False,135.7856562112328,3.0,10.0,True,False,0.1,source,-3902.748396421988,1,False,0.9996791936846767,0.9996791936846767,0.0032189988716036337,0.006437997743207267,0.01776219933327007,0.010619767973282507,12.5,isolated_dot,,False,3.0,True,nan,[],,37244.33839995339,18622.169199976695,,1.0919554693421736,567.7163670737909,5.308923367193642e-10,5.308867151574621e-10,5.6215619020912184e-15,0.030905949172482315,,10000000000.0,False,False,3.4126017696256388,gan_barrier,c_plane,0.0032189988716036337,True,ingan_gan_planar,1,,3.778979081712954e-10,"{""nitride"": ""[A/E/DR] planar integration; cavity/transport inputs retain module provenance""}",,309059491.7248231,10.0,rectangular,80000000.0,3.4126017696256388,gan_barrier,1228.6908311572274,0.02,0.9090917842068371,FI07780,fixed_anchor,0.0,cavity_tracking_fixed_300K,,300.0,nan,nan,nan,nan,nan,False,nan,nan,nan,disc,0.004247138693754914,[],True,,10.0,,,310.6555919672697,94.16401587264679,self_consistent,1.0,0.004671848065880883,0.02,True,0.25
2.208920822280462,16.79288759736658,1.6336738773508779,1.3237482372472287,75.99088773175333,12.817413071999999,2000.0,4.6066843947164527e-07,3.73274676454032e-07,230.0,230.0,230.00000068065262,2.452810661041165,2.4528126610411647,136.70048584617953,,0.00012551893944663583,,0.0,False,"{""Q"":2000.0,""T_hs"":230.0,""cavity_tracking"":""fixed_300K"",""current_uA"":0.02,""geometry_type"":""isolated_dot"",""height_nm"":3.0,""orientation"":""c_plane"",""polarity"":1,""radius_nm"":10.0,""regime"":""deterministic_pair"",""screening_fraction"":0.0,""sensitivity_axis"":""cavity_tracking_fixed_300K"",""sensitivity_value"":230.0,""shape"":""disc"",""top_radius_fraction"":1.0,""x_in"":0.25}",nitride-cavity-set-design.yaml,fcfe392039c4c5f7afbce970c759eb2cbc19907ee39afe6bda38e183ee97b044,2.386891298935645,current_controlled,2.1839109387116644,fixed_300K,0.001255189394466358,0.001255189394466358,0.0,True,0.02,deterministic_pair,depleted,22.209883596023605,,False,136.70048584617953,3.0,10.0,True,False,0.1,source,-3901.8335667870415,1,False,0.17355371900826433,0.17355371900826433,0.003301931629964929,0.006603863259929858,0.008741852349353886,0.0053942794486723095,12.5,isolated_dot,False,False,3.0,True,0.0,[],,23419.346764388178,11709.673382194089,,1.0933554693422192,561.2885584192206,1.5689867430829476e-10,1.5689867430829476e-10,0.0,0.030913554064414085,,10000000000.0,True,False,3.4396357544776124,gan_barrier,c_plane,0.003301931629964929,True,ingan_gan_planar,1,,3.884081592483214e-10,"{""nitride"": ""[A/E/DR] planar integration; cavity/transport inputs retain module provenance""}",,309135540.64414084,10.0,deterministic_pair,80000000.0,3.4396357544776124,gan_barrier,1230.7149321971503,0.02,0.9090909090909092,FI07781,fixed_anchor,0.0,cavity_tracking_fixed_300K,,230.0,5.285087763377385e-18,1.5295281135357035,30.31504311247509,38.74045864977526,18921161667.91825,False,1.0,0.7647640567678519,5.0,disc,0.001255189394466358,[],True,,10.0,,,302.8530303065728,185.38157125807217,self_consistent,1.0,0.0013807083339129938,0.02,True,0.25
2.2022181439358706,16.78904282544602,2.1749875817189586,1.5568797646149952,75.99088773175333,12.817413071999999,2000.0,5.236552382727963e-07,3.7483817024055023e-07,250.0,250.0,250.0000006815537,2.434877827044563,2.4348798270445626,136.44701974283223,,0.00035773436997063455,,0.0,False,"{""Q"":2000.0,""T_hs"":250.0,""cavity_tracking"":""fixed_300K"",""current_uA"":0.02,""geometry_type"":""isolated_dot"",""height_nm"":3.0,""orientation"":""c_plane"",""polarity"":1,""radius_nm"":10.0,""regime"":""deterministic_pair"",""screening_fraction"":0.0,""sensitivity_axis"":""cavity_tracking_fixed_300K"",""sensitivity_value"":250.0,""shape"":""disc"",""top_radius_fraction"":1.0,""x_in"":0.25}",nitride-cavity-set-design.yaml,fcfe392039c4c5f7afbce970c759eb2cbc19907ee39afe6bda38e183ee97b044,2.386891298935645,current_controlled,2.1839109387116644,fixed_300K,0.003577343699706345,0.003577343699706345,0.0,True,0.02,deterministic_pair,depleted,16.307205251468115,,False,136.44701974283223,3.0,10.0,True,False,0.1,source,-3902.087032890389,1,False,0.17355371900826455,0.17355371900826455,0.003279900926769027,0.006559801853538054,0.010212822765657334,0.007133743784991137,12.5,isolated_dot,False,False,3.0,True,0.0,[],,27245.941711185704,13622.970855592852,,1.0929554693422012,562.9968981111549,4.471679624632931e-10,4.471679624632931e-10,0.0,0.030912632864794055,,10000000000.0,True,False,3.4323958330797093,gan_barrier,c_plane,0.003279900926769027,True,ingan_gan_planar,1,,3.8554878945533214e-10,"{""nitride"": ""[A/E/DR] planar integration; cavity/transport inputs retain module provenance""}",,309126328.6479405,10.0,deterministic_pair,80000000.0,3.4323958330797093,gan_barrier,1230.1776891438387,0.02,0.9090909090909091,FI07782,fixed_anchor,0.0,cavity_tracking_fixed_300K,,250.0,5.285087763377385e-18,1.4071658647809202,30.31504311247509,38.74045864977526,18921161667.91825,False,1.0,0.7035829323904601,5.0,disc,0.003577343699706345,[],True,,10.0,,,304.8872579773568,140.17885000354585,self_consistent,1.0,0.00393507806967698,0.02,True,0.25
2.1940612516712625,16.784501388218963,3.096152461049656,2.035459819381119,75.99088773175333,12.817413071999999,2000.0,6.338686223970075e-07,4.167153937220848e-07,273.0,273.0,273.00000068234147,2.413336793977526,2.413338793977526,136.1475857031237,,0.013692331718765893,,0.0,False,"{""Q"":2000.0,""T_hs"":273.0,""cavity_tracking"":""fixed_300K"",""current_uA"":0.02,""geometry_type"":""isolated_dot"",""height_nm"":3.0,""orientation"":""c_plane"",""polarity"":1,""radius_nm"":10.0,""regime"":""deterministic_pair"",""screening_fraction"":0.0,""sensitivity_axis"":""cavity_tracking_fixed_300K"",""sensitivity_value"":273.0,""shape"":""disc"",""top_radius_fraction"":1.0,""x_in"":0.25}",nitride-cavity-set-design.yaml,fcfe392039c4c5f7afbce970c759eb2cbc19907ee39afe6bda38e183ee97b044,2.386891298935645,current_controlled,2.1839109387116644,fixed_300K,0.1369233171876589,0.1369233171876589,0.0,True,0.02,deterministic_pair,depleted,9.07031298689187,,False,136.1475857031237,3.0,10.0,True,False,0.1,source,-3902.3864669300974,1,False,0.17355371900826455,0.17355371900826455,0.0032528930419186623,0.006505786083837325,0.013242266167139718,0.010071452797267767,12.5,isolated_dot,False,False,3.0,True,0.0,[],,31777.709315233664,15888.854657616832,,1.0924954693421853,565.0899595695363,1.7115414648457363e-08,1.7115414648457363e-08,0.0,0.030910559433468893,,10000000000.0,True,False,3.4235794548533582,gan_barrier,c_plane,0.0032528930419186623,True,ingan_gan_planar,1,,3.8211424368841123e-10,"{""nitride"": ""[A/E/DR] planar integration; cavity/transport inputs retain module provenance""}",,309105594.3346889,10.0,deterministic_pair,80000000.0,3.4235794548533582,gan_barrier,1229.5182031820957,0.02,0.9090909090909091,FI07783,fixed_anchor,0.0,cavity_tracking_fixed_300K,,273.0,5.285087763377385e-18,1.2886134295788088,30.31504311247509,38.74045864977526,18921161667.91825,False,1.0,0.6443067147894044,5.0,disc,0.1369233171876589,[],True,,10.0,,,307.4186538301202,99.29054130813033,self_consistent,1.0,0.15061564890642481,0.02,True,0.25
2.1839109384684114,16.77901297723189,3.2990903062951293,2.7589632742588286,75.99088773175333,12.817413071999999,2000.0,5.702752350196195e-07,4.769098237579364e-07,300.0,300.0,300.0000006829321,2.3868912982517547,2.3868932982517546,135.7856562112328,,0.01374222207633541,,0.0,False,"{""Q"":2000.0,""T_hs"":300.0,""cavity_tracking"":""fixed_300K"",""current_uA"":0.02,""geometry_type"":""isolated_dot"",""height_nm"":3.0,""orientation"":""c_plane"",""polarity"":1,""radius_nm"":10.0,""regime"":""deterministic_pair"",""screening_fraction"":0.0,""sensitivity_axis"":""cavity_tracking_fixed_300K"",""sensitivity_value"":300.0,""shape"":""disc"",""top_radius_fraction"":1.0,""x_in"":0.25}",nitride-cavity-set-design.yaml,fcfe392039c4c5f7afbce970c759eb2cbc19907ee39afe6bda38e183ee97b044,2.386891298935645,current_controlled,2.1839109387116644,fixed_300K,0.13742222076335409,0.13742222076335409,0.0,True,0.02,deterministic_pair,depleted,-2.1593571375433385e-07,,False,135.7856562112328,3.0,10.0,True,False,0.1,source,-3902.748396421988,1,False,0.17355371900826455,0.17355371900826455,0.0032189988716036337,0.006437997743207267,0.01776219933327007,0.010619767973282507,12.5,isolated_dot,False,False,3.0,True,0.0,[],,37244.33839995339,18622.169199976695,,1.0919554693421736,567.7163670737909,1.717777759541926e-08,1.717777759541926e-08,0.0,0.030905949172482315,,10000000000.0,True,False,3.4126017696256388,gan_barrier,c_plane,0.0032189988716036337,True,ingan_gan_planar,1,,3.778979081712954e-10,"{""nitride"": ""[A/E/DR] planar integration; cavity/transport inputs retain module provenance""}",,309059491.7248231,10.0,deterministic_pair,80000000.0,3.4126017696256388,gan_barrier,1228.6908311572274,0.02,0.9090909090909091,FI07784,fixed_anchor,0.0,cavity_tracking_fixed_300K,,300.0,5.285087763377385e-18,1.1726382211781896,30.31504311247509,38.74045864977526,18921161667.91825,False,1.0,0.5863191105890947,5.0,disc,0.13742222076335409,[],True,,10.0,,,310.6555919672697,94.16401587264679,self_consistent,1.0,0.1511644428396895,0.02,True,0.25
2.905843141084041,152.08648008312636,1.967547133846018,1.4789246122851003,75.99088773175333,12.817413071999999,2000.0,0.02564175832726662,0.019397380291990344,230.0,230.0,230.00000068065262,2.452810661041165,2.4528126610411647,136.70048584617953,,5.298015525163105e-11,,nan,False,"{""Q"":2000.0,""T_hs"":230.0,""cavity_tracking"":""fixed_300K"",""current_uA"":0.02,""geometry_type"":""isolated_dot"",""height_nm"":3.0,""orientation"":""a_plane"",""polarity"":1,""radius_nm"":10.0,""regime"":""rectangular"",""screening_fraction"":0.0,""sensitivity_axis"":""cavity_tracking_fixed_300K"",""sensitivity_value"":230.0,""shape"":""disc"",""top_radius_fraction"":1.0,""x_in"":0.25}",nitride-nonpolar-pulse-design.yaml,bc9946ef89171cec01106e8ba1e72248316c30b14cbedcd443a427ee6dbcab96,2.386891298935645,current_controlled,2.8824788957433687,fixed_300K,5.298015525163914e-10,5.298015525163105e-10,8.095685039830635e-23,True,0.02,rectangular,depleted,20.56424536789825,,False,136.70048584617953,3.0,10.0,True,False,0.1,source,136.70048584617953,1,False,0.8762316964092836,0.8762316964092836,0.9681191226443326,1.9362382452886653,2.863550396205122,1.9048200049803783,12.5,isolated_dot,,False,3.0,True,nan,[],,144.76207497690532,72.38103748845266,,1.4426394478580713,426.6720272923851,6.622519406454893e-17,6.622519406453881e-17,1.0119606299788292e-29,3.658183147762263e-12,,10000000000.0,False,False,3.4396357544776124,gan_barrier,a_plane,0.9681191226443326,True,ingan_gan_planar,1,,3.884081592483214e-10,"{""nitride"": ""[A/E/DR] planar integration; cavity/transport inputs retain module provenance""}",,0.036581831477622624,10.0,rectangular,80000000.0,3.4396357544776124,gan_barrier,533.7926133935715,0.02,0.9090909090909217,FI07785,fixed_anchor,0.0,cavity_tracking_fixed_300K,,230.0,nan,nan,nan,nan,nan,False,nan,nan,nan,disc,5.298015525163914e-10,[],True,,10.0,,,1.0329307381808424,0.5249839866157333,self_consistent,1.0,5.827817077680225e-10,0.02,True,0.25
2.899577498230084,152.12105492566837,2.729137974488867,1.8045678644157517,75.99088773175333,12.817413071999999,2000.0,0.017879753335198475,0.011894546321275467,250.0,250.0,250.0000006815537,2.434877827044563,2.4348798270445626,136.44701974283223,,3.609719802483185e-10,,nan,False,"{""Q"":2000.0,""T_hs"":250.0,""cavity_tracking"":""fixed_300K"",""current_uA"":0.02,""geometry_type"":""isolated_dot"",""height_nm"":3.0,""orientation"":""a_plane"",""polarity"":1,""radius_nm"":10.0,""regime"":""rectangular"",""screening_fraction"":0.0,""sensitivity_axis"":""cavity_tracking_fixed_300K"",""sensitivity_value"":250.0,""shape"":""disc"",""top_radius_fraction"":1.0,""x_in"":0.25}",nitride-nonpolar-pulse-design.yaml,bc9946ef89171cec01106e8ba1e72248316c30b14cbedcd443a427ee6dbcab96,2.386891298935645,current_controlled,2.8824788957433687,fixed_300K,3.609719802484194e-09,3.6097198024831848e-09,1.0089530977776741e-21,True,0.02,rectangular,depleted,15.098602513977433,,False,136.44701974283223,3.0,10.0,True,False,0.1,source,136.44701974283223,1,False,0.9305866126200909,0.9305866126200909,0.9680857362683674,1.9361714725367347,3.4939528193383165,2.6420395454110155,12.5,isolated_dot,,False,3.0,True,nan,[],,290.2501484658678,145.1250742329339,,1.4422394478580534,427.5940149062425,4.512149753105242e-16,4.512149753103981e-16,1.2611913722220926e-28,1.3249605856092708e-11,,10000000000.0,False,False,3.4323958330797093,gan_barrier,a_plane,0.9680857362683674,True,ingan_gan_planar,1,,3.8554878945533214e-10,"{""nitride"": ""[A/E/DR] planar integration; cavity/transport inputs retain module provenance""}",,0.13249605856092708,10.0,rectangular,80000000.0,3.4323958330797093,gan_barrier,532.8183348496251,0.02,0.9090909090909322,FI07786,fixed_anchor,0.0,cavity_tracking_fixed_300K,,250.0,nan,nan,nan,nan,nan,False,nan,nan,nan,disc,3.609719802484194e-09,[],True,,10.0,,,1.0329663608666015,0.37849547018965324,self_consistent,1.0,3.970691782732513e-09,0.02,True,0.25
2.891956333189897,152.16190831962322,3.873074391860218,2.436229913470734,75.99088773175333,12.817413071999999,2000.0,0.012904393710314504,0.00815612986728959,273.0,273.0,273.00000068234147,2.413336793977526,2.413338793977526,136.1475857031237,,1.7213278191618585e-08,,nan,False,"{""Q"":2000.0,""T_hs"":273.0,""cavity_tracking"":""fixed_300K"",""current_uA"":0.02,""geometry_type"":""isolated_dot"",""height_nm"":3.0,""orientation"":""a_plane"",""polarity"":1,""radius_nm"":10.0,""regime"":""rectangular"",""screening_fraction"":0.0,""sensitivity_axis"":""cavity_tracking_fixed_300K"",""sensitivity_value"":273.0,""shape"":""disc"",""top_radius_fraction"":1.0,""x_in"":0.25}",nitride-nonpolar-pulse-design.yaml,bc9946ef89171cec01106e8ba1e72248316c30b14cbedcd443a427ee6dbcab96,2.386891298935645,current_controlled,2.8824788957433687,fixed_300K,1.7213278191626666e-07,1.7213278191618583e-07,8.082984379256577e-20,True,0.02,rectangular,depleted,8.397437473822045,,False,136.1475857031237,3.0,10.0,True,False,0.1,source,136.1475857031237,1,False,0.9622760283532416,0.9622760283532416,0.9680412094627153,1.9360824189254306,4.716741903930911,3.749295618635436,12.5,isolated_dot,,False,3.0,True,nan,[],,573.5896338745556,286.7948169372778,,1.4417794478580375,428.72085230706944,2.1516597739533332e-14,2.1516597739523228e-14,1.0103730474070719e-26,4.512765201555457e-11,,10000000000.0,False,False,3.4235794548533582,gan_barrier,a_plane,0.9680412094627153,True,ingan_gan_planar,1,,3.8211424368841123e-10,"{""nitride"": ""[A/E/DR] planar integration; cavity/transport inputs retain module provenance""}",,0.4512765201555456,10.0,rectangular,80000000.0,3.4235794548533582,gan_barrier,531.6231216634612,0.02,0.9090909090909478,FI07787,fixed_anchor,0.0,cavity_tracking_fixed_300K,,273.0,nan,nan,nan,nan,nan,False,nan,nan,nan,disc,1.7213278191626666e-07,[],True,,10.0,,,1.0330138740219774,0.26671676541844735,self_consistent,1.0,1.8934606010788528e-07,0.02,True,0.25
2.882478895514865,152.21130004799122,4.005415459274011,3.309702943306882,75.99088773175333,12.817413071999999,2000.0,0.006839460152696908,0.005658215759476905,300.0,300.0,300.0000006829321,2.3868912982517547,2.3868932982517546,135.7856562112328,,3.142264791095437e-08,,nan,False,"{""Q"":2000.0,""T_hs"":300.0,""cavity_tracking"":""fixed_300K"",""current_uA"":0.02,""geometry_type"":""isolated_dot"",""height_nm"":3.0,""orientation"":""a_plane"",""polarity"":1,""radius_nm"":10.0,""regime"":""rectangular"",""screening_fraction"":0.0,""sensitivity_axis"":""cavity_tracking_fixed_300K"",""sensitivity_value"":300.0,""shape"":""disc"",""top_radius_fraction"":1.0,""x_in"":0.25}",nitride-nonpolar-pulse-design.yaml,bc9946ef89171cec01106e8ba1e72248316c30b14cbedcd443a427ee6dbcab96,2.386891298935645,current_controlled,2.8824788957433687,fixed_300K,3.142264791100479e-07,3.1422647910954366e-07,5.042146470683037e-19,True,0.02,rectangular,depleted,-2.0118662291679357e-07,,False,135.7856562112328,3.0,10.0,True,False,0.1,source,135.7856562112328,1,False,0.9895138559015328,0.9895138559015328,0.9679806914019865,1.935961382803973,6.407457086794771,3.8771648256202624,12.5,isolated_dot,,False,3.0,True,nan,[],,1126.0090782959303,563.0045391479651,,1.4412394478580257,430.13046372314926,3.927830988875599e-14,3.927830988869296e-14,6.302683088353796e-26,1.4606188449323623e-10,,10000000000.0,False,False,3.4126017696256388,gan_barrier,a_plane,0.9679806914019865,True,ingan_gan_planar,1,,3.778979081712954e-10,"{""nitride"": ""[A/E/DR] planar integration; cavity/transport inputs retain module provenance""}",,1.4606188449323623,10.0,rectangular,80000000.0,3.4126017696256388,gan_barrier,530.122874110774,0.02,0.9090909090910417,FI07788,fixed_anchor,0.0,cavity_tracking_fixed_300K,,300.0,nan,nan,nan,nan,nan,False,nan,nan,nan,disc,3.142264791100479e-07,[],True,,10.0,,,1.033078457951096,0.2579204250982602,self_consistent,1.0,3.4564912702100227e-07,0.02,True,0.25
2.905843141084041,152.08648008312636,1.967547133846018,1.4789246122851003,75.99088773175333,12.817413071999999,2000.0,0.02564175832726662,0.019397380291990344,230.0,230.0,230.00000068065262,2.452810661041165,2.4528126610411647,136.70048584617953,,14.48264154955226,,0.0,False,"{""Q"":2000.0,""T_hs"":230.0,""cavity_tracking"":""fixed_300K"",""current_uA"":0.02,""geometry_type"":""isolated_dot"",""height_nm"":3.0,""orientation"":""a_plane"",""polarity"":1,""radius_nm"":10.0,""regime"":""deterministic_pair"",""screening_fraction"":0.0,""sensitivity_axis"":""cavity_tracking_fixed_300K"",""sensitivity_value"":230.0,""shape"":""disc"",""top_radius_fraction"":1.0,""x_in"":0.25}",nitride-nonpolar-set-design.yaml,caab7749b4e82f3748ba9808f573e192cf6db5dde9d9c1c3f25b57b38136a8a2,2.386891298935645,current_controlled,2.8824788957433687,fixed_300K,144.8264154955226,144.8264154955226,0.0,True,0.02,deterministic_pair,depleted,20.56424536789825,,False,136.70048584617953,3.0,10.0,True,False,0.1,source,136.70048584617953,1,False,0.17355371900826455,0.17355371900826455,0.9681191226443326,1.9362382452886653,2.863550396205122,1.9048200049803783,12.5,isolated_dot,False,False,3.0,True,0.0,[],,144.76207497690532,72.38103748845266,,1.4426394478580713,426.6720272923851,1.8103301936940324e-05,1.8103301936940324e-05,0.0,3.658183147762263e-12,,10000000000.0,True,False,3.4396357544776124,gan_barrier,a_plane,0.9681191226443326,True,ingan_gan_planar,1,,3.884081592483214e-10,"{""nitride"": ""[A/E/DR] planar integration; cavity/transport inputs retain module provenance""}",,0.036581831477622624,10.0,deterministic_pair,80000000.0,3.4396357544776124,gan_barrier,533.7926133935715,0.02,0.9090909090909091,FI07789,fixed_anchor,0.0,cavity_tracking_fixed_300K,,230.0,5.285087763377385e-18,1.5295281135357035,30.31504311247509,38.74045864977526,18921161667.91825,False,1.0,0.7647640567678519,5.0,disc,144.8264154955226,[],True,,10.0,,,1.0329307381808424,0.5249839866157333,self_consistent,1.0,159.30905704507487,0.02,True,0.25
2.899577498230084,152.12105492566837,2.729137974488867,1.8045678644157517,75.99088773175333,12.817413071999999,2000.0,0.017879753335198475,0.011894546321275467,250.0,250.0,250.0000006815537,2.434877827044563,2.4348798270445626,136.44701974283223,,27.24397873938493,,0.0,False,"{""Q"":2000.0,""T_hs"":250.0,""cavity_tracking"":""fixed_300K"",""current_uA"":0.02,""geometry_type"":""isolated_dot"",""height_nm"":3.0,""orientation"":""a_plane"",""polarity"":1,""radius_nm"":10.0,""regime"":""deterministic_pair"",""screening_fraction"":0.0,""sensitivity_axis"":""cavity_tracking_fixed_300K"",""sensitivity_value"":250.0,""shape"":""disc"",""top_radius_fraction"":1.0,""x_in"":0.25}",nitride-nonpolar-set-design.yaml,caab7749b4e82f3748ba9808f573e192cf6db5dde9d9c1c3f25b57b38136a8a2,2.386891298935645,current_controlled,2.8824788957433687,fixed_300K,272.43978739384926,272.43978739384926,0.0,True,0.02,deterministic_pair,depleted,15.098602513977433,,False,136.44701974283223,3.0,10.0,True,False,0.1,source,136.44701974283223,1,False,0.17355371900826455,0.17355371900826455,0.9680857362683674,1.9361714725367347,3.4939528193383165,2.6420395454110155,12.5,isolated_dot,False,False,3.0,True,0.0,[],,290.2501484658678,145.1250742329339,,1.4422394478580534,427.5940149062425,3.405497342423116e-05,3.405497342423116e-05,0.0,1.3249605856092708e-11,,10000000000.0,True,False,3.4323958330797093,gan_barrier,a_plane,0.9680857362683674,True,ingan_gan_planar,1,,3.8554878945533214e-10,"{""nitride"": ""[A/E/DR] planar integration; cavity/transport inputs retain module provenance""}",,0.13249605856092708,10.0,deterministic_pair,80000000.0,3.4323958330797093,gan_barrier,532.8183348496251,0.02,0.9090909090909091,FI07790,fixed_anchor,0.0,cavity_tracking_fixed_300K,,250.0,5.285087763377385e-18,1.4071658647809202,30.31504311247509,38.74045864977526,18921161667.91825,False,1.0,0.7035829323904601,5.0,disc,272.43978739384926,[],True,,10.0,,,1.0329663608666015,0.37849547018965324,self_consistent,1.0,299.6837661332342,0.02,True,0.25
2.891956333189897,152.16190831962322,3.873074391860218,2.436229913470734,75.99088773175333,12.817413071999999,2000.0,0.012904393710314504,0.00815612986728959,273.0,273.0,273.00000068234147,2.413336793977526,2.413338793977526,136.1475857031237,,381.4352713434182,,0.0,False,"{""Q"":2000.0,""T_hs"":273.0,""cavity_tracking"":""fixed_300K"",""current_uA"":0.02,""geometry_type"":""isolated_dot"",""height_nm"":3.0,""orientation"":""a_plane"",""polarity"":1,""radius_nm"":10.0,""regime"":""deterministic_pair"",""screening_fraction"":0.0,""sensitivity_axis"":""cavity_tracking_fixed_300K"",""sensitivity_value"":273.0,""shape"":""disc"",""top_radius_fraction"":1.0,""x_in"":0.25}",nitride-nonpolar-set-design.yaml,caab7749b4e82f3748ba9808f573e192cf6db5dde9d9c1c3f25b57b38136a8a2,2.386891298935645,current_controlled,2.8824788957433687,fixed_300K,3814.352713434182,3814.352713434182,0.0,True,0.02,deterministic_pair,depleted,8.397437473822045,,False,136.1475857031237,3.0,10.0,True,True,0.1,source,136.1475857031237,1,False,0.17355371900826433,0.17355371900826433,0.9680412094627153,1.9360824189254306,4.716741903930911,3.749295618635436,12.5,isolated_dot,False,False,3.0,True,0.0,[],,573.5896338745556,286.7948169372778,,1.4417794478580375,428.72085230706944,0.00047679408917927275,0.00047679408917927275,0.0,4.512765201555457e-11,,10000000000.0,True,True,3.4235794548533582,gan_barrier,a_plane,0.9680412094627153,True,ingan_gan_planar,1,,3.8211424368841123e-10,"{""nitride"": ""[A/E/DR] planar integration; cavity/transport inputs retain module provenance""}",,0.4512765201555456,10.0,deterministic_pair,80000000.0,3.4235794548533582,gan_barrier,531.6231216634612,0.02,0.9090909090909092,FI07791,fixed_anchor,0.0,cavity_tracking_fixed_300K,,273.0,5.285087763377385e-18,1.2886134295788088,30.31504311247509,38.74045864977526,18921161667.91825,False,1.0,0.6443067147894044,5.0,disc,3814.352713434182,[],True,,10.0,,,1.0330138740219774,0.26671676541844735,self_consistent,1.0,4195.7879847776,0.02,True,0.25
2.882478895514865,152.21130004799122,4.005415459274011,3.309702943306882,75.99088773175333,12.817413071999999,2000.0,0.006839460152696908,0.005658215759476905,300.0,300.0,300.0000006829321,2.3868912982517547,2.3868932982517546,135.7856562112328,,215.13242842275577,,0.0,False,"{""Q"":2000.0,""T_hs"":300.0,""cavity_tracking"":""fixed_300K"",""current_uA"":0.02,""geometry_type"":""isolated_dot"",""height_nm"":3.0,""orientation"":""a_plane"",""polarity"":1,""radius_nm"":10.0,""regime"":""deterministic_pair"",""screening_fraction"":0.0,""sensitivity_axis"":""cavity_tracking_fixed_300K"",""sensitivity_value"":300.0,""shape"":""disc"",""top_radius_fraction"":1.0,""x_in"":0.25}",nitride-nonpolar-set-design.yaml,caab7749b4e82f3748ba9808f573e192cf6db5dde9d9c1c3f25b57b38136a8a2,2.386891298935645,current_controlled,2.8824788957433687,fixed_300K,2151.3242842275577,2151.3242842275577,0.0,True,0.02,deterministic_pair,depleted,-2.0118662291679357e-07,,False,135.7856562112328,3.0,10.0,True,True,0.1,source,135.7856562112328,1,False,0.17355371900826455,0.17355371900826455,0.9679806914019865,1.935961382803973,6.407457086794771,3.8771648256202624,12.5,isolated_dot,False,False,3.0,True,0.0,[],,1126.0090782959303,563.0045391479651,,1.4412394478580257,430.13046372314926,0.00026891553552844467,0.00026891553552844467,0.0,1.4606188449323623e-10,,10000000000.0,True,True,3.4126017696256388,gan_barrier,a_plane,0.9679806914019865,True,ingan_gan_planar,1,,3.778979081712954e-10,"{""nitride"": ""[A/E/DR] planar integration; cavity/transport inputs retain module provenance""}",,1.4606188449323623,10.0,deterministic_pair,80000000.0,3.4126017696256388,gan_barrier,530.122874110774,0.02,0.9090909090909091,FI07792,fixed_anchor,0.0,cavity_tracking_fixed_300K,,300.0,5.285087763377385e-18,1.1726382211781896,30.31504311247509,38.74045864977526,18921161667.91825,False,1.0,0.5863191105890947,5.0,disc,2151.3242842275577,[],True,,10.0,,,1.033078457951096,0.2579204250982602,self_consistent,1.0,2366.4567126503134,0.02,True,0.25
